Country Name,Country ISO3,Year,Indicator Name,Indicator Code,Value
#country+name,#country+code,#date+year,#indicator+name,#indicator+code,#indicator+value+num
Costa Rica,CRI,2024,Trade in services (% of GDP),BG.GSR.NFSV.GD.ZS,24.5485966064603
Costa Rica,CRI,2023,Trade in services (% of GDP),BG.GSR.NFSV.GD.ZS,24.4681434828024
Costa Rica,CRI,2022,Trade in services (% of GDP),BG.GSR.NFSV.GD.ZS,26.757533336084
Costa Rica,CRI,2021,Trade in services (% of GDP),BG.GSR.NFSV.GD.ZS,20.0877843771226
Costa Rica,CRI,2020,Trade in services (% of GDP),BG.GSR.NFSV.GD.ZS,18.1682444968076
Costa Rica,CRI,2019,Trade in services (% of GDP),BG.GSR.NFSV.GD.ZS,24.0229783790012
Costa Rica,CRI,2018,Trade in services (% of GDP),BG.GSR.NFSV.GD.ZS,22.3689608055398
Costa Rica,CRI,2017,Trade in services (% of GDP),BG.GSR.NFSV.GD.ZS,20.5482191625185
Costa Rica,CRI,2016,Trade in services (% of GDP),BG.GSR.NFSV.GD.ZS,20.3313791630901
Costa Rica,CRI,2015,Trade in services (% of GDP),BG.GSR.NFSV.GD.ZS,19.0967003726594
Costa Rica,CRI,2014,Trade in services (% of GDP),BG.GSR.NFSV.GD.ZS,18.5958654556432
Costa Rica,CRI,2013,Trade in services (% of GDP),BG.GSR.NFSV.GD.ZS,18.3214839827991
Costa Rica,CRI,2012,Trade in services (% of GDP),BG.GSR.NFSV.GD.ZS,17.8541242474414
Costa Rica,CRI,2011,Trade in services (% of GDP),BG.GSR.NFSV.GD.ZS,18.080467143761
Costa Rica,CRI,2010,Trade in services (% of GDP),BG.GSR.NFSV.GD.ZS,18.3511772205997
Costa Rica,CRI,2009,Trade in services (% of GDP),BG.GSR.NFSV.GD.ZS,18.309505798027
Costa Rica,CRI,2008,Trade in services (% of GDP),BG.GSR.NFSV.GD.ZS,21.0082525755278
Costa Rica,CRI,2007,Trade in services (% of GDP),BG.GSR.NFSV.GD.ZS,22.5245956433901
Costa Rica,CRI,2006,Trade in services (% of GDP),BG.GSR.NFSV.GD.ZS,23.1346422477393
Costa Rica,CRI,2005,Trade in services (% of GDP),BG.GSR.NFSV.GD.ZS,23.4960438696713
Costa Rica,CRI,2004,Trade in services (% of GDP),BG.GSR.NFSV.GD.ZS,22.6568657061988
Costa Rica,CRI,2003,Trade in services (% of GDP),BG.GSR.NFSV.GD.ZS,21.6923936892422
Costa Rica,CRI,2002,Trade in services (% of GDP),BG.GSR.NFSV.GD.ZS,20.8161140278044
Costa Rica,CRI,2001,Trade in services (% of GDP),BG.GSR.NFSV.GD.ZS,21.9068666085941
Costa Rica,CRI,2000,Trade in services (% of GDP),BG.GSR.NFSV.GD.ZS,24.3194941133464
Costa Rica,CRI,1999,Trade in services (% of GDP),BG.GSR.NFSV.GD.ZS,33.2435050625589
Costa Rica,CRI,1998,Trade in services (% of GDP),BG.GSR.NFSV.GD.ZS,23.4785874551243
Costa Rica,CRI,1997,Trade in services (% of GDP),BG.GSR.NFSV.GD.ZS,19.085532203512
Costa Rica,CRI,1996,Trade in services (% of GDP),BG.GSR.NFSV.GD.ZS,20.1280575007492
Costa Rica,CRI,1995,Trade in services (% of GDP),BG.GSR.NFSV.GD.ZS,17.6104452253544
Costa Rica,CRI,1994,Trade in services (% of GDP),BG.GSR.NFSV.GD.ZS,19.5912188888976
Costa Rica,CRI,1993,Trade in services (% of GDP),BG.GSR.NFSV.GD.ZS,19.401314200103
Costa Rica,CRI,1992,Trade in services (% of GDP),BG.GSR.NFSV.GD.ZS,18.0879295945516
Costa Rica,CRI,1991,Trade in services (% of GDP),BG.GSR.NFSV.GD.ZS,16.9934402598496
Costa Rica,CRI,1990,Trade in services (% of GDP),BG.GSR.NFSV.GD.ZS,20.2864729876509
Costa Rica,CRI,1989,Trade in services (% of GDP),BG.GSR.NFSV.GD.ZS,18.9277303904316
Costa Rica,CRI,1988,Trade in services (% of GDP),BG.GSR.NFSV.GD.ZS,18.5063595304893
Costa Rica,CRI,1987,Trade in services (% of GDP),BG.GSR.NFSV.GD.ZS,16.0645864422244
Costa Rica,CRI,1986,Trade in services (% of GDP),BG.GSR.NFSV.GD.ZS,13.7271376794402
Costa Rica,CRI,1985,Trade in services (% of GDP),BG.GSR.NFSV.GD.ZS,14.1967605060231
Costa Rica,CRI,1984,Trade in services (% of GDP),BG.GSR.NFSV.GD.ZS,14.5827954973563
Costa Rica,CRI,1983,Trade in services (% of GDP),BG.GSR.NFSV.GD.ZS,16.7981631348501
Costa Rica,CRI,1982,Trade in services (% of GDP),BG.GSR.NFSV.GD.ZS,18.510536327919
Costa Rica,CRI,1981,Trade in services (% of GDP),BG.GSR.NFSV.GD.ZS,14.7800725070787
Costa Rica,CRI,1980,Trade in services (% of GDP),BG.GSR.NFSV.GD.ZS,9.94319092983897
Costa Rica,CRI,1979,Trade in services (% of GDP),BG.GSR.NFSV.GD.ZS,10.4472303620032
Costa Rica,CRI,1978,Trade in services (% of GDP),BG.GSR.NFSV.GD.ZS,10.5188202007495
Costa Rica,CRI,1977,Trade in services (% of GDP),BG.GSR.NFSV.GD.ZS,10.7048922114659
Costa Rica,CRI,2024,"Communications, computer, etc. (% of service imports, BoP)",BM.GSR.CMCP.ZS,39.5207067537823
Costa Rica,CRI,2023,"Communications, computer, etc. (% of service imports, BoP)",BM.GSR.CMCP.ZS,37.9361054509475
Costa Rica,CRI,2022,"Communications, computer, etc. (% of service imports, BoP)",BM.GSR.CMCP.ZS,39.9335936439617
Costa Rica,CRI,2021,"Communications, computer, etc. (% of service imports, BoP)",BM.GSR.CMCP.ZS,39.6276973839345
Costa Rica,CRI,2020,"Communications, computer, etc. (% of service imports, BoP)",BM.GSR.CMCP.ZS,54.308758041904
Costa Rica,CRI,2019,"Communications, computer, etc. (% of service imports, BoP)",BM.GSR.CMCP.ZS,35.238285519517
Costa Rica,CRI,2018,"Communications, computer, etc. (% of service imports, BoP)",BM.GSR.CMCP.ZS,39.3844073324351
Costa Rica,CRI,2017,"Communications, computer, etc. (% of service imports, BoP)",BM.GSR.CMCP.ZS,33.3037609468424
Costa Rica,CRI,2016,"Communications, computer, etc. (% of service imports, BoP)",BM.GSR.CMCP.ZS,33.6892236641446
Costa Rica,CRI,2015,"Communications, computer, etc. (% of service imports, BoP)",BM.GSR.CMCP.ZS,32.4543585025102
Costa Rica,CRI,2014,"Communications, computer, etc. (% of service imports, BoP)",BM.GSR.CMCP.ZS,30.9223581821704
Costa Rica,CRI,2013,"Communications, computer, etc. (% of service imports, BoP)",BM.GSR.CMCP.ZS,27.5179239049054
Costa Rica,CRI,2012,"Communications, computer, etc. (% of service imports, BoP)",BM.GSR.CMCP.ZS,27.0394547826208
Costa Rica,CRI,2011,"Communications, computer, etc. (% of service imports, BoP)",BM.GSR.CMCP.ZS,25.8402503368488
Costa Rica,CRI,2010,"Communications, computer, etc. (% of service imports, BoP)",BM.GSR.CMCP.ZS,26.0180241891282
Costa Rica,CRI,2009,"Communications, computer, etc. (% of service imports, BoP)",BM.GSR.CMCP.ZS,24.3172736708398
Costa Rica,CRI,2008,"Communications, computer, etc. (% of service imports, BoP)",BM.GSR.CMCP.ZS,19.314663852855
Costa Rica,CRI,2007,"Communications, computer, etc. (% of service imports, BoP)",BM.GSR.CMCP.ZS,16.1128557224543
Costa Rica,CRI,2006,"Communications, computer, etc. (% of service imports, BoP)",BM.GSR.CMCP.ZS,18.7314798716858
Costa Rica,CRI,2005,"Communications, computer, etc. (% of service imports, BoP)",BM.GSR.CMCP.ZS,17.0919013495856
Costa Rica,CRI,2004,"Communications, computer, etc. (% of service imports, BoP)",BM.GSR.CMCP.ZS,21.3961198186897
Costa Rica,CRI,2003,"Communications, computer, etc. (% of service imports, BoP)",BM.GSR.CMCP.ZS,23.390552697592
Costa Rica,CRI,2002,"Communications, computer, etc. (% of service imports, BoP)",BM.GSR.CMCP.ZS,25.5231545033357
Costa Rica,CRI,2001,"Communications, computer, etc. (% of service imports, BoP)",BM.GSR.CMCP.ZS,23.9408003639996
Costa Rica,CRI,2000,"Communications, computer, etc. (% of service imports, BoP)",BM.GSR.CMCP.ZS,19.8010899313123
Costa Rica,CRI,1999,"Communications, computer, etc. (% of service imports, BoP)",BM.GSR.CMCP.ZS,18.8910398968454
Costa Rica,CRI,1998,"Communications, computer, etc. (% of service imports, BoP)",BM.GSR.CMCP.ZS,23.0003310043746
Costa Rica,CRI,1997,"Communications, computer, etc. (% of service imports, BoP)",BM.GSR.CMCP.ZS,23.4470366206232
Costa Rica,CRI,1996,"Communications, computer, etc. (% of service imports, BoP)",BM.GSR.CMCP.ZS,24.8973320836031
Costa Rica,CRI,1995,"Communications, computer, etc. (% of service imports, BoP)",BM.GSR.CMCP.ZS,19.6075858282975
Costa Rica,CRI,1994,"Communications, computer, etc. (% of service imports, BoP)",BM.GSR.CMCP.ZS,17.451459132659
Costa Rica,CRI,1993,"Communications, computer, etc. (% of service imports, BoP)",BM.GSR.CMCP.ZS,18.9735423811857
Costa Rica,CRI,1992,"Communications, computer, etc. (% of service imports, BoP)",BM.GSR.CMCP.ZS,23.0368702504925
Costa Rica,CRI,1991,"Communications, computer, etc. (% of service imports, BoP)",BM.GSR.CMCP.ZS,27.0942408376963
Costa Rica,CRI,1990,"Communications, computer, etc. (% of service imports, BoP)",BM.GSR.CMCP.ZS,25.3229034018556
Costa Rica,CRI,1989,"Communications, computer, etc. (% of service imports, BoP)",BM.GSR.CMCP.ZS,30.6653225806452
Costa Rica,CRI,1988,"Communications, computer, etc. (% of service imports, BoP)",BM.GSR.CMCP.ZS,36.3700731649752
Costa Rica,CRI,1987,"Communications, computer, etc. (% of service imports, BoP)",BM.GSR.CMCP.ZS,30.0690360521606
Costa Rica,CRI,1986,"Communications, computer, etc. (% of service imports, BoP)",BM.GSR.CMCP.ZS,22.4967061923584
Costa Rica,CRI,1985,"Communications, computer, etc. (% of service imports, BoP)",BM.GSR.CMCP.ZS,22.7547035853745
Costa Rica,CRI,1984,"Communications, computer, etc. (% of service imports, BoP)",BM.GSR.CMCP.ZS,22.1967087638729
Costa Rica,CRI,1983,"Communications, computer, etc. (% of service imports, BoP)",BM.GSR.CMCP.ZS,22.6519337016575
Costa Rica,CRI,1982,"Communications, computer, etc. (% of service imports, BoP)",BM.GSR.CMCP.ZS,24.0116521015397
Costa Rica,CRI,1981,"Communications, computer, etc. (% of service imports, BoP)",BM.GSR.CMCP.ZS,14.1013824884793
Costa Rica,CRI,1980,"Communications, computer, etc. (% of service imports, BoP)",BM.GSR.CMCP.ZS,13.9063591893781
Costa Rica,CRI,1979,"Communications, computer, etc. (% of service imports, BoP)",BM.GSR.CMCP.ZS,14.1304347826087
Costa Rica,CRI,1978,"Communications, computer, etc. (% of service imports, BoP)",BM.GSR.CMCP.ZS,12.1993878443376
Costa Rica,CRI,1977,"Communications, computer, etc. (% of service imports, BoP)",BM.GSR.CMCP.ZS,12.0100502512563
Costa Rica,CRI,2024,"Imports of goods and services (BoP, current US$)",BM.GSR.GNFS.CD,30459218674.1337
Costa Rica,CRI,2023,"Imports of goods and services (BoP, current US$)",BM.GSR.GNFS.CD,28412547024.0343
Costa Rica,CRI,2022,"Imports of goods and services (BoP, current US$)",BM.GSR.GNFS.CD,27095220405.9637
Costa Rica,CRI,2021,"Imports of goods and services (BoP, current US$)",BM.GSR.GNFS.CD,21938261539.6765
Costa Rica,CRI,2020,"Imports of goods and services (BoP, current US$)",BM.GSR.GNFS.CD,17515725758.0287
Costa Rica,CRI,2019,"Imports of goods and services (BoP, current US$)",BM.GSR.GNFS.CD,20262089588.1843
Costa Rica,CRI,2018,"Imports of goods and services (BoP, current US$)",BM.GSR.GNFS.CD,20562073642.1219
Costa Rica,CRI,2017,"Imports of goods and services (BoP, current US$)",BM.GSR.GNFS.CD,19015041203.1128
Costa Rica,CRI,2016,"Imports of goods and services (BoP, current US$)",BM.GSR.GNFS.CD,17953610898.4011
Costa Rica,CRI,2015,"Imports of goods and services (BoP, current US$)",BM.GSR.GNFS.CD,17144438034.0104
Costa Rica,CRI,2014,"Imports of goods and services (BoP, current US$)",BM.GSR.GNFS.CD,17351112763.7913
Costa Rica,CRI,2013,"Imports of goods and services (BoP, current US$)",BM.GSR.GNFS.CD,16810707197.0907
Costa Rica,CRI,2012,"Imports of goods and services (BoP, current US$)",BM.GSR.GNFS.CD,16494855727.7196
Costa Rica,CRI,2011,"Imports of goods and services (BoP, current US$)",BM.GSR.GNFS.CD,15278156522.2624
Costa Rica,CRI,2010,"Imports of goods and services (BoP, current US$)",BM.GSR.GNFS.CD,12929757862.1038
Costa Rica,CRI,2009,"Imports of goods and services (BoP, current US$)",BM.GSR.GNFS.CD,10680683281.3373
Costa Rica,CRI,2008,"Imports of goods and services (BoP, current US$)",BM.GSR.GNFS.CD,14525586447.4848
Costa Rica,CRI,2007,"Imports of goods and services (BoP, current US$)",BM.GSR.GNFS.CD,12265409038.6659
Costa Rica,CRI,2006,"Imports of goods and services (BoP, current US$)",BM.GSR.GNFS.CD,10510123034.3699
Costa Rica,CRI,2005,"Imports of goods and services (BoP, current US$)",BM.GSR.GNFS.CD,9126697028.74447
Costa Rica,CRI,2004,"Imports of goods and services (BoP, current US$)",BM.GSR.GNFS.CD,7978328991.03533
Costa Rica,CRI,2003,"Imports of goods and services (BoP, current US$)",BM.GSR.GNFS.CD,7346699678.61794
Costa Rica,CRI,2002,"Imports of goods and services (BoP, current US$)",BM.GSR.GNFS.CD,6803386305.71728
Costa Rica,CRI,2001,"Imports of goods and services (BoP, current US$)",BM.GSR.GNFS.CD,6428363996.54782
Costa Rica,CRI,2000,"Imports of goods and services (BoP, current US$)",BM.GSR.GNFS.CD,6528857404.34852
Costa Rica,CRI,1999,"Imports of goods and services (BoP, current US$)",BM.GSR.GNFS.CD,5167999116.00001
Costa Rica,CRI,1998,"Imports of goods and services (BoP, current US$)",BM.GSR.GNFS.CD,5418120000
Costa Rica,CRI,1997,"Imports of goods and services (BoP, current US$)",BM.GSR.GNFS.CD,4670920000
Costa Rica,CRI,1996,"Imports of goods and services (BoP, current US$)",BM.GSR.GNFS.CD,4294270000
Costa Rica,CRI,1995,"Imports of goods and services (BoP, current US$)",BM.GSR.GNFS.CD,3960542000
Costa Rica,CRI,1994,"Imports of goods and services (BoP, current US$)",BM.GSR.GNFS.CD,3587900000
Costa Rica,CRI,1993,"Imports of goods and services (BoP, current US$)",BM.GSR.GNFS.CD,3444000000
Costa Rica,CRI,1992,"Imports of goods and services (BoP, current US$)",BM.GSR.GNFS.CD,2921500000
Costa Rica,CRI,1991,"Imports of goods and services (BoP, current US$)",BM.GSR.GNFS.CD,2232400000
Costa Rica,CRI,1990,"Imports of goods and services (BoP, current US$)",BM.GSR.GNFS.CD,2346400000
Costa Rica,CRI,1989,"Imports of goods and services (BoP, current US$)",BM.GSR.GNFS.CD,2068000000
Costa Rica,CRI,1988,"Imports of goods and services (BoP, current US$)",BM.GSR.GNFS.CD,1702300000
Costa Rica,CRI,1987,"Imports of goods and services (BoP, current US$)",BM.GSR.GNFS.CD,1636300000
Costa Rica,CRI,1986,"Imports of goods and services (BoP, current US$)",BM.GSR.GNFS.CD,1348800000
Costa Rica,CRI,1985,"Imports of goods and services (BoP, current US$)",BM.GSR.GNFS.CD,1282700000
Costa Rica,CRI,1984,"Imports of goods and services (BoP, current US$)",BM.GSR.GNFS.CD,1254200000
Costa Rica,CRI,1983,"Imports of goods and services (BoP, current US$)",BM.GSR.GNFS.CD,1147700000
Costa Rica,CRI,1982,"Imports of goods and services (BoP, current US$)",BM.GSR.GNFS.CD,1045200000
Costa Rica,CRI,1981,"Imports of goods and services (BoP, current US$)",BM.GSR.GNFS.CD,1307600000
Costa Rica,CRI,1980,"Imports of goods and services (BoP, current US$)",BM.GSR.GNFS.CD,1661400000
Costa Rica,CRI,1979,"Imports of goods and services (BoP, current US$)",BM.GSR.GNFS.CD,1524000000
Costa Rica,CRI,1978,"Imports of goods and services (BoP, current US$)",BM.GSR.GNFS.CD,1278100000
Costa Rica,CRI,1977,"Imports of goods and services (BoP, current US$)",BM.GSR.GNFS.CD,1124100000
Costa Rica,CRI,2024,"Insurance and financial services (% of service imports, BoP)",BM.GSR.INSF.ZS,11.1068079757691
Costa Rica,CRI,2023,"Insurance and financial services (% of service imports, BoP)",BM.GSR.INSF.ZS,11.9173041570728
Costa Rica,CRI,2022,"Insurance and financial services (% of service imports, BoP)",BM.GSR.INSF.ZS,11.438594778304
Costa Rica,CRI,2021,"Insurance and financial services (% of service imports, BoP)",BM.GSR.INSF.ZS,12.0442360764426
Costa Rica,CRI,2020,"Insurance and financial services (% of service imports, BoP)",BM.GSR.INSF.ZS,14.9939884163823
Costa Rica,CRI,2019,"Insurance and financial services (% of service imports, BoP)",BM.GSR.INSF.ZS,11.161713129685
Costa Rica,CRI,2018,"Insurance and financial services (% of service imports, BoP)",BM.GSR.INSF.ZS,10.0790954357356
Costa Rica,CRI,2017,"Insurance and financial services (% of service imports, BoP)",BM.GSR.INSF.ZS,10.3331573142092
Costa Rica,CRI,2016,"Insurance and financial services (% of service imports, BoP)",BM.GSR.INSF.ZS,11.4311687222783
Costa Rica,CRI,2015,"Insurance and financial services (% of service imports, BoP)",BM.GSR.INSF.ZS,12.4800657482001
Costa Rica,CRI,2014,"Insurance and financial services (% of service imports, BoP)",BM.GSR.INSF.ZS,14.0603059828757
Costa Rica,CRI,2013,"Insurance and financial services (% of service imports, BoP)",BM.GSR.INSF.ZS,12.6215771737366
Costa Rica,CRI,2012,"Insurance and financial services (% of service imports, BoP)",BM.GSR.INSF.ZS,9.87390848753927
Costa Rica,CRI,2011,"Insurance and financial services (% of service imports, BoP)",BM.GSR.INSF.ZS,10.3127479220168
Costa Rica,CRI,2010,"Insurance and financial services (% of service imports, BoP)",BM.GSR.INSF.ZS,10.6070016789499
Costa Rica,CRI,2009,"Insurance and financial services (% of service imports, BoP)",BM.GSR.INSF.ZS,13.2872006068131
Costa Rica,CRI,2008,"Insurance and financial services (% of service imports, BoP)",BM.GSR.INSF.ZS,13.5796803381833
Costa Rica,CRI,2007,"Insurance and financial services (% of service imports, BoP)",BM.GSR.INSF.ZS,13.1209749575372
Costa Rica,CRI,2006,"Insurance and financial services (% of service imports, BoP)",BM.GSR.INSF.ZS,14.6184113150526
Costa Rica,CRI,2005,"Insurance and financial services (% of service imports, BoP)",BM.GSR.INSF.ZS,12.5795332647248
Costa Rica,CRI,2004,"Insurance and financial services (% of service imports, BoP)",BM.GSR.INSF.ZS,10.4213949424435
Costa Rica,CRI,2003,"Insurance and financial services (% of service imports, BoP)",BM.GSR.INSF.ZS,9.76924417160167
Costa Rica,CRI,2002,"Insurance and financial services (% of service imports, BoP)",BM.GSR.INSF.ZS,11.2560565848089
Costa Rica,CRI,2001,"Insurance and financial services (% of service imports, BoP)",BM.GSR.INSF.ZS,13.8227923007859
Costa Rica,CRI,2000,"Insurance and financial services (% of service imports, BoP)",BM.GSR.INSF.ZS,16.730815361493
Costa Rica,CRI,1999,"Insurance and financial services (% of service imports, BoP)",BM.GSR.INSF.ZS,3.74826766412557
Costa Rica,CRI,1998,"Insurance and financial services (% of service imports, BoP)",BM.GSR.INSF.ZS,3.22058310446319
Costa Rica,CRI,1997,"Insurance and financial services (% of service imports, BoP)",BM.GSR.INSF.ZS,4.11781239961452
Costa Rica,CRI,1996,"Insurance and financial services (% of service imports, BoP)",BM.GSR.INSF.ZS,3.98109944052025
Costa Rica,CRI,1995,"Insurance and financial services (% of service imports, BoP)",BM.GSR.INSF.ZS,4.52735110592033
Costa Rica,CRI,1994,"Insurance and financial services (% of service imports, BoP)",BM.GSR.INSF.ZS,6.27833972793861
Costa Rica,CRI,1993,"Insurance and financial services (% of service imports, BoP)",BM.GSR.INSF.ZS,6.30818226359628
Costa Rica,CRI,1992,"Insurance and financial services (% of service imports, BoP)",BM.GSR.INSF.ZS,6.03715170278638
Costa Rica,CRI,1991,"Insurance and financial services (% of service imports, BoP)",BM.GSR.INSF.ZS,2.29992520568437
Costa Rica,CRI,1990,"Insurance and financial services (% of service imports, BoP)",BM.GSR.INSF.ZS,5.91231580862289
Costa Rica,CRI,1989,"Insurance and financial services (% of service imports, BoP)",BM.GSR.INSF.ZS,6.49193548387097
Costa Rica,CRI,1988,"Insurance and financial services (% of service imports, BoP)",BM.GSR.INSF.ZS,7.41090394146802
Costa Rica,CRI,1987,"Insurance and financial services (% of service imports, BoP)",BM.GSR.INSF.ZS,7.00588084888775
Costa Rica,CRI,1986,"Insurance and financial services (% of service imports, BoP)",BM.GSR.INSF.ZS,8.46508563899868
Costa Rica,CRI,1985,"Insurance and financial services (% of service imports, BoP)",BM.GSR.INSF.ZS,7.91622293219737
Costa Rica,CRI,1984,"Insurance and financial services (% of service imports, BoP)",BM.GSR.INSF.ZS,8.30463069269039
Costa Rica,CRI,1983,"Insurance and financial services (% of service imports, BoP)",BM.GSR.INSF.ZS,6.9060773480663
Costa Rica,CRI,1982,"Insurance and financial services (% of service imports, BoP)",BM.GSR.INSF.ZS,6.07573866000832
Costa Rica,CRI,1981,"Insurance and financial services (% of service imports, BoP)",BM.GSR.INSF.ZS,8.0184331797235
Costa Rica,CRI,1980,"Insurance and financial services (% of service imports, BoP)",BM.GSR.INSF.ZS,6.74353598881901
Costa Rica,CRI,1979,"Insurance and financial services (% of service imports, BoP)",BM.GSR.INSF.ZS,7.38380809595202
Costa Rica,CRI,1978,"Insurance and financial services (% of service imports, BoP)",BM.GSR.INSF.ZS,7.60822037603848
Costa Rica,CRI,1977,"Insurance and financial services (% of service imports, BoP)",BM.GSR.INSF.ZS,7.8391959798995
Costa Rica,CRI,2024,"Goods imports (BoP, current US$)",BM.GSR.MRCH.CD,23165812492.3375
Costa Rica,CRI,2023,"Goods imports (BoP, current US$)",BM.GSR.MRCH.CD,22044726871.3541
Costa Rica,CRI,2022,"Goods imports (BoP, current US$)",BM.GSR.MRCH.CD,21312987643.4141
Costa Rica,CRI,2021,"Goods imports (BoP, current US$)",BM.GSR.MRCH.CD,17670962046.174
Costa Rica,CRI,2020,"Goods imports (BoP, current US$)",BM.GSR.MRCH.CD,14085001056.9669
Costa Rica,CRI,2019,"Goods imports (BoP, current US$)",BM.GSR.MRCH.CD,15699976059.5355
Costa Rica,CRI,2018,"Goods imports (BoP, current US$)",BM.GSR.MRCH.CD,16350138994.7998
Costa Rica,CRI,2017,"Goods imports (BoP, current US$)",BM.GSR.MRCH.CD,15177744069.5976
Costa Rica,CRI,2016,"Goods imports (BoP, current US$)",BM.GSR.MRCH.CD,14526327121.8846
Costa Rica,CRI,2015,"Goods imports (BoP, current US$)",BM.GSR.MRCH.CD,14059490160.2332
Costa Rica,CRI,2014,"Goods imports (BoP, current US$)",BM.GSR.MRCH.CD,14784329140.6054
Costa Rica,CRI,2013,"Goods imports (BoP, current US$)",BM.GSR.MRCH.CD,14425143236.738
Costa Rica,CRI,2012,"Goods imports (BoP, current US$)",BM.GSR.MRCH.CD,14270608615.9818
Costa Rica,CRI,2011,"Goods imports (BoP, current US$)",BM.GSR.MRCH.CD,13328708868.2805
Costa Rica,CRI,2010,"Goods imports (BoP, current US$)",BM.GSR.MRCH.CD,11040420104.4547
Costa Rica,CRI,2009,"Goods imports (BoP, current US$)",BM.GSR.MRCH.CD,9204799909.51524
Costa Rica,CRI,2008,"Goods imports (BoP, current US$)",BM.GSR.MRCH.CD,12658936707.6312
Costa Rica,CRI,2007,"Goods imports (BoP, current US$)",BM.GSR.MRCH.CD,10329450733.2466
Costa Rica,CRI,2006,"Goods imports (BoP, current US$)",BM.GSR.MRCH.CD,8843306159.11728
Costa Rica,CRI,2005,"Goods imports (BoP, current US$)",BM.GSR.MRCH.CD,7615032589.95665
Costa Rica,CRI,2004,"Goods imports (BoP, current US$)",BM.GSR.MRCH.CD,6542506145.62372
Costa Rica,CRI,2003,"Goods imports (BoP, current US$)",BM.GSR.MRCH.CD,6055850846.97138
Costa Rica,CRI,2002,"Goods imports (BoP, current US$)",BM.GSR.MRCH.CD,5618948178.82288
Costa Rica,CRI,2001,"Goods imports (BoP, current US$)",BM.GSR.MRCH.CD,5240709290.86055
Costa Rica,CRI,2000,"Goods imports (BoP, current US$)",BM.GSR.MRCH.CD,5180937180.6705
Costa Rica,CRI,1999,"Goods imports (BoP, current US$)",BM.GSR.MRCH.CD,4021752000.00001
Costa Rica,CRI,1998,"Goods imports (BoP, current US$)",BM.GSR.MRCH.CD,4300310000
Costa Rica,CRI,1997,"Goods imports (BoP, current US$)",BM.GSR.MRCH.CD,3674760000
Costa Rica,CRI,1996,"Goods imports (BoP, current US$)",BM.GSR.MRCH.CD,3259380000
Costa Rica,CRI,1995,"Goods imports (BoP, current US$)",BM.GSR.MRCH.CD,3046100000
Costa Rica,CRI,1994,"Goods imports (BoP, current US$)",BM.GSR.MRCH.CD,2727800000
Costa Rica,CRI,1993,"Goods imports (BoP, current US$)",BM.GSR.MRCH.CD,2627600000
Costa Rica,CRI,1992,"Goods imports (BoP, current US$)",BM.GSR.MRCH.CD,2210900000
Costa Rica,CRI,1991,"Goods imports (BoP, current US$)",BM.GSR.MRCH.CD,1697600000
Costa Rica,CRI,1990,"Goods imports (BoP, current US$)",BM.GSR.MRCH.CD,1796700000
Costa Rica,CRI,1989,"Goods imports (BoP, current US$)",BM.GSR.MRCH.CD,1572000000
Costa Rica,CRI,1988,"Goods imports (BoP, current US$)",BM.GSR.MRCH.CD,1278600000
Costa Rica,CRI,1987,"Goods imports (BoP, current US$)",BM.GSR.MRCH.CD,1245200000
Costa Rica,CRI,1986,"Goods imports (BoP, current US$)",BM.GSR.MRCH.CD,1045200000
Costa Rica,CRI,1985,"Goods imports (BoP, current US$)",BM.GSR.MRCH.CD,1001000000
Costa Rica,CRI,1984,"Goods imports (BoP, current US$)",BM.GSR.MRCH.CD,992900000
Costa Rica,CRI,1983,"Goods imports (BoP, current US$)",BM.GSR.MRCH.CD,894300000
Costa Rica,CRI,1982,"Goods imports (BoP, current US$)",BM.GSR.MRCH.CD,804900000
Costa Rica,CRI,1981,"Goods imports (BoP, current US$)",BM.GSR.MRCH.CD,1090600000
Costa Rica,CRI,1980,"Goods imports (BoP, current US$)",BM.GSR.MRCH.CD,1375200000
Costa Rica,CRI,1979,"Goods imports (BoP, current US$)",BM.GSR.MRCH.CD,1257200000
Costa Rica,CRI,1978,"Goods imports (BoP, current US$)",BM.GSR.MRCH.CD,1049400000
Costa Rica,CRI,1977,"Goods imports (BoP, current US$)",BM.GSR.MRCH.CD,925100000
Costa Rica,CRI,2024,"Service imports (BoP, current US$)",BM.GSR.NFSV.CD,7293406181.79615
Costa Rica,CRI,2023,"Service imports (BoP, current US$)",BM.GSR.NFSV.CD,6367820152.68018
Costa Rica,CRI,2022,"Service imports (BoP, current US$)",BM.GSR.NFSV.CD,5782232762.54965
Costa Rica,CRI,2021,"Service imports (BoP, current US$)",BM.GSR.NFSV.CD,4267299493.50255
Costa Rica,CRI,2020,"Service imports (BoP, current US$)",BM.GSR.NFSV.CD,3430724701.06183
Costa Rica,CRI,2019,"Service imports (BoP, current US$)",BM.GSR.NFSV.CD,4562113528.64881
Costa Rica,CRI,2018,"Service imports (BoP, current US$)",BM.GSR.NFSV.CD,4211934647.32213
Costa Rica,CRI,2017,"Service imports (BoP, current US$)",BM.GSR.NFSV.CD,3837297133.51519
Costa Rica,CRI,2016,"Service imports (BoP, current US$)",BM.GSR.NFSV.CD,3427283776.51657
Costa Rica,CRI,2015,"Service imports (BoP, current US$)",BM.GSR.NFSV.CD,3084947873.77722
Costa Rica,CRI,2014,"Service imports (BoP, current US$)",BM.GSR.NFSV.CD,2566783623.18591
Costa Rica,CRI,2013,"Service imports (BoP, current US$)",BM.GSR.NFSV.CD,2385563960.35269
Costa Rica,CRI,2012,"Service imports (BoP, current US$)",BM.GSR.NFSV.CD,2224247111.73777
Costa Rica,CRI,2011,"Service imports (BoP, current US$)",BM.GSR.NFSV.CD,1949447653.98198
Costa Rica,CRI,2010,"Service imports (BoP, current US$)",BM.GSR.NFSV.CD,1889337757.64909
Costa Rica,CRI,2009,"Service imports (BoP, current US$)",BM.GSR.NFSV.CD,1475883371.82203
Costa Rica,CRI,2008,"Service imports (BoP, current US$)",BM.GSR.NFSV.CD,1866649739.85366
Costa Rica,CRI,2007,"Service imports (BoP, current US$)",BM.GSR.NFSV.CD,1935958305.41929
Costa Rica,CRI,2006,"Service imports (BoP, current US$)",BM.GSR.NFSV.CD,1666816875.2526
Costa Rica,CRI,2005,"Service imports (BoP, current US$)",BM.GSR.NFSV.CD,1511664438.78782
Costa Rica,CRI,2004,"Service imports (BoP, current US$)",BM.GSR.NFSV.CD,1435822845.41161
Costa Rica,CRI,2003,"Service imports (BoP, current US$)",BM.GSR.NFSV.CD,1290848831.64655
Costa Rica,CRI,2002,"Service imports (BoP, current US$)",BM.GSR.NFSV.CD,1184438126.8944
Costa Rica,CRI,2001,"Service imports (BoP, current US$)",BM.GSR.NFSV.CD,1187654705.68727
Costa Rica,CRI,2000,"Service imports (BoP, current US$)",BM.GSR.NFSV.CD,1347920223.67802
Costa Rica,CRI,1999,"Service imports (BoP, current US$)",BM.GSR.NFSV.CD,1146247116
Costa Rica,CRI,1998,"Service imports (BoP, current US$)",BM.GSR.NFSV.CD,1117810000
Costa Rica,CRI,1997,"Service imports (BoP, current US$)",BM.GSR.NFSV.CD,996160000
Costa Rica,CRI,1996,"Service imports (BoP, current US$)",BM.GSR.NFSV.CD,1034890000
Costa Rica,CRI,1995,"Service imports (BoP, current US$)",BM.GSR.NFSV.CD,914442000
Costa Rica,CRI,1994,"Service imports (BoP, current US$)",BM.GSR.NFSV.CD,860100000
Costa Rica,CRI,1993,"Service imports (BoP, current US$)",BM.GSR.NFSV.CD,816400000
Costa Rica,CRI,1992,"Service imports (BoP, current US$)",BM.GSR.NFSV.CD,710600000
Costa Rica,CRI,1991,"Service imports (BoP, current US$)",BM.GSR.NFSV.CD,534800000
Costa Rica,CRI,1990,"Service imports (BoP, current US$)",BM.GSR.NFSV.CD,549700000
Costa Rica,CRI,1989,"Service imports (BoP, current US$)",BM.GSR.NFSV.CD,496000000
Costa Rica,CRI,1988,"Service imports (BoP, current US$)",BM.GSR.NFSV.CD,423700000
Costa Rica,CRI,1987,"Service imports (BoP, current US$)",BM.GSR.NFSV.CD,391100000
Costa Rica,CRI,1986,"Service imports (BoP, current US$)",BM.GSR.NFSV.CD,303600000
Costa Rica,CRI,1985,"Service imports (BoP, current US$)",BM.GSR.NFSV.CD,281700000
Costa Rica,CRI,1984,"Service imports (BoP, current US$)",BM.GSR.NFSV.CD,261300000
Costa Rica,CRI,1983,"Service imports (BoP, current US$)",BM.GSR.NFSV.CD,253400000
Costa Rica,CRI,1982,"Service imports (BoP, current US$)",BM.GSR.NFSV.CD,240300000
Costa Rica,CRI,1981,"Service imports (BoP, current US$)",BM.GSR.NFSV.CD,217000000
Costa Rica,CRI,1980,"Service imports (BoP, current US$)",BM.GSR.NFSV.CD,286200000
Costa Rica,CRI,1979,"Service imports (BoP, current US$)",BM.GSR.NFSV.CD,266800000
Costa Rica,CRI,1978,"Service imports (BoP, current US$)",BM.GSR.NFSV.CD,228700000
Costa Rica,CRI,1977,"Service imports (BoP, current US$)",BM.GSR.NFSV.CD,199000000
Costa Rica,CRI,2024,"Imports of goods, services and primary income (BoP, current US$)",BM.GSR.TOTL.CD,39901385927.0012
Costa Rica,CRI,2023,"Imports of goods, services and primary income (BoP, current US$)",BM.GSR.TOTL.CD,36518647101.0651
Costa Rica,CRI,2022,"Imports of goods, services and primary income (BoP, current US$)",BM.GSR.TOTL.CD,32652714621.5024
Costa Rica,CRI,2021,"Imports of goods, services and primary income (BoP, current US$)",BM.GSR.TOTL.CD,26464443883.2319
Costa Rica,CRI,2020,"Imports of goods, services and primary income (BoP, current US$)",BM.GSR.TOTL.CD,21498641543.6381
Costa Rica,CRI,2019,"Imports of goods, services and primary income (BoP, current US$)",BM.GSR.TOTL.CD,24661091306.5047
Costa Rica,CRI,2018,"Imports of goods, services and primary income (BoP, current US$)",BM.GSR.TOTL.CD,24451844880.4596
Costa Rica,CRI,2017,"Imports of goods, services and primary income (BoP, current US$)",BM.GSR.TOTL.CD,22560216443.4726
Costa Rica,CRI,2016,"Imports of goods, services and primary income (BoP, current US$)",BM.GSR.TOTL.CD,20776931676.2523
Costa Rica,CRI,2015,"Imports of goods, services and primary income (BoP, current US$)",BM.GSR.TOTL.CD,19842849510.7327
Costa Rica,CRI,2014,"Imports of goods, services and primary income (BoP, current US$)",BM.GSR.TOTL.CD,19809609580.895
Costa Rica,CRI,2013,"Imports of goods, services and primary income (BoP, current US$)",BM.GSR.TOTL.CD,18884468165.3295
Costa Rica,CRI,2012,"Imports of goods, services and primary income (BoP, current US$)",BM.GSR.TOTL.CD,18254067124.5475
Costa Rica,CRI,2011,"Imports of goods, services and primary income (BoP, current US$)",BM.GSR.TOTL.CD,16991634198.8388
Costa Rica,CRI,2010,"Imports of goods, services and primary income (BoP, current US$)",BM.GSR.TOTL.CD,14387610286.798
Costa Rica,CRI,2009,"Imports of goods, services and primary income (BoP, current US$)",BM.GSR.TOTL.CD,11972788069.2576
Costa Rica,CRI,2008,"Imports of goods, services and primary income (BoP, current US$)",BM.GSR.TOTL.CD,15564580127.4122
Costa Rica,CRI,2007,"Imports of goods, services and primary income (BoP, current US$)",BM.GSR.TOTL.CD,13491924963.3389
Costa Rica,CRI,2006,"Imports of goods, services and primary income (BoP, current US$)",BM.GSR.TOTL.CD,11621861539.0828
Costa Rica,CRI,2005,"Imports of goods, services and primary income (BoP, current US$)",BM.GSR.TOTL.CD,10199763837.046
Costa Rica,CRI,2004,"Imports of goods, services and primary income (BoP, current US$)",BM.GSR.TOTL.CD,8966376242.95616
Costa Rica,CRI,2003,"Imports of goods, services and primary income (BoP, current US$)",BM.GSR.TOTL.CD,8304127156.4725
Costa Rica,CRI,2002,"Imports of goods, services and primary income (BoP, current US$)",BM.GSR.TOTL.CD,7741447894.84375
Costa Rica,CRI,2001,"Imports of goods, services and primary income (BoP, current US$)",BM.GSR.TOTL.CD,7404084933.64073
Costa Rica,CRI,2000,"Imports of goods, services and primary income (BoP, current US$)",BM.GSR.TOTL.CD,7562763243.3424
Costa Rica,CRI,1999,"Imports of goods, services and primary income (BoP, current US$)",BM.GSR.TOTL.CD,7187848620.00001
Costa Rica,CRI,1998,"Imports of goods, services and primary income (BoP, current US$)",BM.GSR.TOTL.CD,6069330000
Costa Rica,CRI,1997,"Imports of goods, services and primary income (BoP, current US$)",BM.GSR.TOTL.CD,5105320000
Costa Rica,CRI,1996,"Imports of goods, services and primary income (BoP, current US$)",BM.GSR.TOTL.CD,4621000000
Costa Rica,CRI,1995,"Imports of goods, services and primary income (BoP, current US$)",BM.GSR.TOTL.CD,4332442000
Costa Rica,CRI,1994,"Imports of goods, services and primary income (BoP, current US$)",BM.GSR.TOTL.CD,3870900000
Costa Rica,CRI,1993,"Imports of goods, services and primary income (BoP, current US$)",BM.GSR.TOTL.CD,3780600000
Costa Rica,CRI,1992,"Imports of goods, services and primary income (BoP, current US$)",BM.GSR.TOTL.CD,3236900000
Costa Rica,CRI,1991,"Imports of goods, services and primary income (BoP, current US$)",BM.GSR.TOTL.CD,2517700000
Costa Rica,CRI,1990,"Imports of goods, services and primary income (BoP, current US$)",BM.GSR.TOTL.CD,2709400000
Costa Rica,CRI,1989,"Imports of goods, services and primary income (BoP, current US$)",BM.GSR.TOTL.CD,2557500000
Costa Rica,CRI,1988,"Imports of goods, services and primary income (BoP, current US$)",BM.GSR.TOTL.CD,2092700000
Costa Rica,CRI,1987,"Imports of goods, services and primary income (BoP, current US$)",BM.GSR.TOTL.CD,1974730000
Costa Rica,CRI,1986,"Imports of goods, services and primary income (BoP, current US$)",BM.GSR.TOTL.CD,1672100000
Costa Rica,CRI,1985,"Imports of goods, services and primary income (BoP, current US$)",BM.GSR.TOTL.CD,1614910000
Costa Rica,CRI,1984,"Imports of goods, services and primary income (BoP, current US$)",BM.GSR.TOTL.CD,1605703890.25
Costa Rica,CRI,1983,"Imports of goods, services and primary income (BoP, current US$)",BM.GSR.TOTL.CD,1521500000
Costa Rica,CRI,1982,"Imports of goods, services and primary income (BoP, current US$)",BM.GSR.TOTL.CD,1446000000
Costa Rica,CRI,1981,"Imports of goods, services and primary income (BoP, current US$)",BM.GSR.TOTL.CD,1635502533.44
Costa Rica,CRI,1980,"Imports of goods, services and primary income (BoP, current US$)",BM.GSR.TOTL.CD,1897000000
Costa Rica,CRI,1979,"Imports of goods, services and primary income (BoP, current US$)",BM.GSR.TOTL.CD,1681700000
Costa Rica,CRI,1978,"Imports of goods, services and primary income (BoP, current US$)",BM.GSR.TOTL.CD,1404800000
Costa Rica,CRI,1977,"Imports of goods, services and primary income (BoP, current US$)",BM.GSR.TOTL.CD,1210500000
Costa Rica,CRI,2024,"Transport services (% of service imports, BoP)",BM.GSR.TRAN.ZS,23.3217837398521
Costa Rica,CRI,2023,"Transport services (% of service imports, BoP)",BM.GSR.TRAN.ZS,23.8282256730437
Costa Rica,CRI,2022,"Transport services (% of service imports, BoP)",BM.GSR.TRAN.ZS,27.5467120296211
Costa Rica,CRI,2021,"Transport services (% of service imports, BoP)",BM.GSR.TRAN.ZS,35.0610089661247
Costa Rica,CRI,2020,"Transport services (% of service imports, BoP)",BM.GSR.TRAN.ZS,23.5994883657264
Costa Rica,CRI,2019,"Transport services (% of service imports, BoP)",BM.GSR.TRAN.ZS,30.8969880169718
Costa Rica,CRI,2018,"Transport services (% of service imports, BoP)",BM.GSR.TRAN.ZS,30.6192463042945
Costa Rica,CRI,2017,"Transport services (% of service imports, BoP)",BM.GSR.TRAN.ZS,29.1599700145847
Costa Rica,CRI,2016,"Transport services (% of service imports, BoP)",BM.GSR.TRAN.ZS,31.4527146847933
Costa Rica,CRI,2015,"Transport services (% of service imports, BoP)",BM.GSR.TRAN.ZS,32.6941520494748
Costa Rica,CRI,2014,"Transport services (% of service imports, BoP)",BM.GSR.TRAN.ZS,37.4832706163983
Costa Rica,CRI,2013,"Transport services (% of service imports, BoP)",BM.GSR.TRAN.ZS,42.0523072418376
Costa Rica,CRI,2012,"Transport services (% of service imports, BoP)",BM.GSR.TRAN.ZS,44.1117134387569
Costa Rica,CRI,2011,"Transport services (% of service imports, BoP)",BM.GSR.TRAN.ZS,43.3257114412746
Costa Rica,CRI,2010,"Transport services (% of service imports, BoP)",BM.GSR.TRAN.ZS,41.2506174150859
Costa Rica,CRI,2009,"Transport services (% of service imports, BoP)",BM.GSR.TRAN.ZS,37.7908418078292
Costa Rica,CRI,2008,"Transport services (% of service imports, BoP)",BM.GSR.TRAN.ZS,35.696963859362
Costa Rica,CRI,2007,"Transport services (% of service imports, BoP)",BM.GSR.TRAN.ZS,38.4630220415957
Costa Rica,CRI,2006,"Transport services (% of service imports, BoP)",BM.GSR.TRAN.ZS,37.9154035670025
Costa Rica,CRI,2005,"Transport services (% of service imports, BoP)",BM.GSR.TRAN.ZS,39.6751927363625
Costa Rica,CRI,2004,"Transport services (% of service imports, BoP)",BM.GSR.TRAN.ZS,40.2870944134869
Costa Rica,CRI,2003,"Transport services (% of service imports, BoP)",BM.GSR.TRAN.ZS,39.8320971945047
Costa Rica,CRI,2002,"Transport services (% of service imports, BoP)",BM.GSR.TRAN.ZS,34.4725152950369
Costa Rica,CRI,2001,"Transport services (% of service imports, BoP)",BM.GSR.TRAN.ZS,31.9542924743859
Costa Rica,CRI,2000,"Transport services (% of service imports, BoP)",BM.GSR.TRAN.ZS,27.928760697864
Costa Rica,CRI,1999,"Transport services (% of service imports, BoP)",BM.GSR.TRAN.ZS,38.3560141493957
Costa Rica,CRI,1998,"Transport services (% of service imports, BoP)",BM.GSR.TRAN.ZS,37.1977348565499
Costa Rica,CRI,1997,"Transport services (% of service imports, BoP)",BM.GSR.TRAN.ZS,37.5040154192098
Costa Rica,CRI,1996,"Transport services (% of service imports, BoP)",BM.GSR.TRAN.ZS,38.6524171651093
Costa Rica,CRI,1995,"Transport services (% of service imports, BoP)",BM.GSR.TRAN.ZS,40.5648471964324
Costa Rica,CRI,1994,"Transport services (% of service imports, BoP)",BM.GSR.TRAN.ZS,41.0068596674805
Costa Rica,CRI,1993,"Transport services (% of service imports, BoP)",BM.GSR.TRAN.ZS,41.6829985301323
Costa Rica,CRI,1992,"Transport services (% of service imports, BoP)",BM.GSR.TRAN.ZS,38.9389248522375
Costa Rica,CRI,1991,"Transport services (% of service imports, BoP)",BM.GSR.TRAN.ZS,41.7726252804787
Costa Rica,CRI,1990,"Transport services (% of service imports, BoP)",BM.GSR.TRAN.ZS,40.4766236128798
Costa Rica,CRI,1989,"Transport services (% of service imports, BoP)",BM.GSR.TRAN.ZS,38.7903225806452
Costa Rica,CRI,1988,"Transport services (% of service imports, BoP)",BM.GSR.TRAN.ZS,38.2345999527968
Costa Rica,CRI,1987,"Transport services (% of service imports, BoP)",BM.GSR.TRAN.ZS,43.211454870877
Costa Rica,CRI,1986,"Transport services (% of service imports, BoP)",BM.GSR.TRAN.ZS,47.068511198946
Costa Rica,CRI,1985,"Transport services (% of service imports, BoP)",BM.GSR.TRAN.ZS,48.7397941072062
Costa Rica,CRI,1984,"Transport services (% of service imports, BoP)",BM.GSR.TRAN.ZS,48.564867967853
Costa Rica,CRI,1983,"Transport services (% of service imports, BoP)",BM.GSR.TRAN.ZS,49.802683504341
Costa Rica,CRI,1982,"Transport services (% of service imports, BoP)",BM.GSR.TRAN.ZS,51.6437786100707
Costa Rica,CRI,1981,"Transport services (% of service imports, BoP)",BM.GSR.TRAN.ZS,55.5299539170507
Costa Rica,CRI,1980,"Transport services (% of service imports, BoP)",BM.GSR.TRAN.ZS,58.2459818308875
Costa Rica,CRI,1979,"Transport services (% of service imports, BoP)",BM.GSR.TRAN.ZS,54.7226386806597
Costa Rica,CRI,1978,"Transport services (% of service imports, BoP)",BM.GSR.TRAN.ZS,53.2575426322693
Costa Rica,CRI,1977,"Transport services (% of service imports, BoP)",BM.GSR.TRAN.ZS,54.321608040201
Costa Rica,CRI,2024,"Travel services (% of service imports, BoP)",BM.GSR.TRVL.ZS,26.0507015305966
Costa Rica,CRI,2023,"Travel services (% of service imports, BoP)",BM.GSR.TRVL.ZS,26.318364718936
Costa Rica,CRI,2022,"Travel services (% of service imports, BoP)",BM.GSR.TRVL.ZS,21.0810995481131
Costa Rica,CRI,2021,"Travel services (% of service imports, BoP)",BM.GSR.TRVL.ZS,13.2670575734984
Costa Rica,CRI,2020,"Travel services (% of service imports, BoP)",BM.GSR.TRVL.ZS,7.09419444745905
Costa Rica,CRI,2019,"Travel services (% of service imports, BoP)",BM.GSR.TRVL.ZS,22.7030702609362
Costa Rica,CRI,2018,"Travel services (% of service imports, BoP)",BM.GSR.TRVL.ZS,19.8914027625354
Costa Rica,CRI,2017,"Travel services (% of service imports, BoP)",BM.GSR.TRVL.ZS,27.2031117243636
Costa Rica,CRI,2016,"Travel services (% of service imports, BoP)",BM.GSR.TRVL.ZS,23.4268929287838
Costa Rica,CRI,2015,"Travel services (% of service imports, BoP)",BM.GSR.TRVL.ZS,22.3714236998148
Costa Rica,CRI,2014,"Travel services (% of service imports, BoP)",BM.GSR.TRVL.ZS,17.5340652185556
Costa Rica,CRI,2013,"Travel services (% of service imports, BoP)",BM.GSR.TRVL.ZS,17.8081916795203
Costa Rica,CRI,2012,"Travel services (% of service imports, BoP)",BM.GSR.TRVL.ZS,18.974923291083
Costa Rica,CRI,2011,"Travel services (% of service imports, BoP)",BM.GSR.TRVL.ZS,20.5212902998597
Costa Rica,CRI,2010,"Travel services (% of service imports, BoP)",BM.GSR.TRVL.ZS,22.124356716836
Costa Rica,CRI,2009,"Travel services (% of service imports, BoP)",BM.GSR.TRVL.ZS,24.6046839145178
Costa Rica,CRI,2008,"Travel services (% of service imports, BoP)",BM.GSR.TRVL.ZS,31.4086919495997
Costa Rica,CRI,2007,"Travel services (% of service imports, BoP)",BM.GSR.TRVL.ZS,32.3031472784127
Costa Rica,CRI,2006,"Travel services (% of service imports, BoP)",BM.GSR.TRVL.ZS,28.7347052462591
Costa Rica,CRI,2005,"Travel services (% of service imports, BoP)",BM.GSR.TRVL.ZS,30.6533726493272
Costa Rica,CRI,2004,"Travel services (% of service imports, BoP)",BM.GSR.TRVL.ZS,27.8953908253799
Costa Rica,CRI,2003,"Travel services (% of service imports, BoP)",BM.GSR.TRVL.ZS,27.0081059363017
Costa Rica,CRI,2002,"Travel services (% of service imports, BoP)",BM.GSR.TRVL.ZS,28.7482736168185
Costa Rica,CRI,2001,"Travel services (% of service imports, BoP)",BM.GSR.TRVL.ZS,30.2821148608286
Costa Rica,CRI,2000,"Travel services (% of service imports, BoP)",BM.GSR.TRVL.ZS,35.5393340093307
Costa Rica,CRI,1999,"Travel services (% of service imports, BoP)",BM.GSR.TRVL.ZS,39.0046782896333
Costa Rica,CRI,1998,"Travel services (% of service imports, BoP)",BM.GSR.TRVL.ZS,36.5813510346123
Costa Rica,CRI,1997,"Travel services (% of service imports, BoP)",BM.GSR.TRVL.ZS,34.9311355605525
Costa Rica,CRI,1996,"Travel services (% of service imports, BoP)",BM.GSR.TRVL.ZS,32.4691513107673
Costa Rica,CRI,1995,"Travel services (% of service imports, BoP)",BM.GSR.TRVL.ZS,35.3002158693498
Costa Rica,CRI,1994,"Travel services (% of service imports, BoP)",BM.GSR.TRVL.ZS,35.2633414719219
Costa Rica,CRI,1993,"Travel services (% of service imports, BoP)",BM.GSR.TRVL.ZS,33.0352768250857
Costa Rica,CRI,1992,"Travel services (% of service imports, BoP)",BM.GSR.TRVL.ZS,31.9870531944835
Costa Rica,CRI,1991,"Travel services (% of service imports, BoP)",BM.GSR.TRVL.ZS,28.8332086761406
Costa Rica,CRI,1990,"Travel services (% of service imports, BoP)",BM.GSR.TRVL.ZS,28.2881571766418
Costa Rica,CRI,1989,"Travel services (% of service imports, BoP)",BM.GSR.TRVL.ZS,24.0524193548387
Costa Rica,CRI,1988,"Travel services (% of service imports, BoP)",BM.GSR.TRVL.ZS,17.98442294076
Costa Rica,CRI,1987,"Travel services (% of service imports, BoP)",BM.GSR.TRVL.ZS,19.7136282280747
Costa Rica,CRI,1986,"Travel services (% of service imports, BoP)",BM.GSR.TRVL.ZS,21.969696969697
Costa Rica,CRI,1985,"Travel services (% of service imports, BoP)",BM.GSR.TRVL.ZS,20.5892793752219
Costa Rica,CRI,1984,"Travel services (% of service imports, BoP)",BM.GSR.TRVL.ZS,20.9337925755836
Costa Rica,CRI,1983,"Travel services (% of service imports, BoP)",BM.GSR.TRVL.ZS,20.6393054459353
Costa Rica,CRI,1982,"Travel services (% of service imports, BoP)",BM.GSR.TRVL.ZS,18.2688306283812
Costa Rica,CRI,1981,"Travel services (% of service imports, BoP)",BM.GSR.TRVL.ZS,22.3502304147465
Costa Rica,CRI,1980,"Travel services (% of service imports, BoP)",BM.GSR.TRVL.ZS,21.1041229909154
Costa Rica,CRI,1979,"Travel services (% of service imports, BoP)",BM.GSR.TRVL.ZS,23.7631184407796
Costa Rica,CRI,1978,"Travel services (% of service imports, BoP)",BM.GSR.TRVL.ZS,26.9348491473546
Costa Rica,CRI,1977,"Travel services (% of service imports, BoP)",BM.GSR.TRVL.ZS,25.8291457286432
Costa Rica,CRI,2024,"Net trade in goods and services (BoP, current US$)",BN.GSR.GNFS.CD,6310784269.84959
Costa Rica,CRI,2023,"Net trade in goods and services (BoP, current US$)",BN.GSR.GNFS.CD,5270418624.655
Costa Rica,CRI,2022,"Net trade in goods and services (BoP, current US$)",BN.GSR.GNFS.CD,2297074272.44343
Costa Rica,CRI,2021,"Net trade in goods and services (BoP, current US$)",BN.GSR.GNFS.CD,1670105882.35388
Costa Rica,CRI,2020,"Net trade in goods and services (BoP, current US$)",BN.GSR.GNFS.CD,2456419583.72748
Costa Rica,CRI,2019,"Net trade in goods and services (BoP, current US$)",BN.GSR.GNFS.CD,2482334381.55331
Costa Rica,CRI,2018,"Net trade in goods and services (BoP, current US$)",BN.GSR.GNFS.CD,919006891.77924
Costa Rica,CRI,2017,"Net trade in goods and services (BoP, current US$)",BN.GSR.GNFS.CD,393328336.587061
Costa Rica,CRI,2016,"Net trade in goods and services (BoP, current US$)",BN.GSR.GNFS.CD,683777504.543906
Costa Rica,CRI,2015,"Net trade in goods and services (BoP, current US$)",BN.GSR.GNFS.CD,1558623.964266
Costa Rica,CRI,2014,"Net trade in goods and services (BoP, current US$)",BN.GSR.GNFS.CD,-789427970.823826
Costa Rica,CRI,2013,"Net trade in goods and services (BoP, current US$)",BN.GSR.GNFS.CD,-995209335.8409
Costa Rica,CRI,2012,"Net trade in goods and services (BoP, current US$)",BN.GSR.GNFS.CD,-1363669066.71151
Costa Rica,CRI,2011,"Net trade in goods and services (BoP, current US$)",BN.GSR.GNFS.CD,-1194544783.87744
Costa Rica,CRI,2010,"Net trade in goods and services (BoP, current US$)",BN.GSR.GNFS.CD,-415750007.241521
Costa Rica,CRI,2009,"Net trade in goods and services (BoP, current US$)",BN.GSR.GNFS.CD,95700175.166145
Costa Rica,CRI,2008,"Net trade in goods and services (BoP, current US$)",BN.GSR.GNFS.CD,-2407550798.86128
Costa Rica,CRI,2007,"Net trade in goods and services (BoP, current US$)",BN.GSR.GNFS.CD,-1271487792.72421
Costa Rica,CRI,2006,"Net trade in goods and services (BoP, current US$)",BN.GSR.GNFS.CD,-611014762.399059
Costa Rica,CRI,2005,"Net trade in goods and services (BoP, current US$)",BN.GSR.GNFS.CD,-360655999.12738
Costa Rica,CRI,2004,"Net trade in goods and services (BoP, current US$)",BN.GSR.GNFS.CD,-77105144.675418
Costa Rica,CRI,2003,"Net trade in goods and services (BoP, current US$)",BN.GSR.GNFS.CD,-283537864.928698
Costa Rica,CRI,2002,"Net trade in goods and services (BoP, current US$)",BN.GSR.GNFS.CD,-267865429.090368
Costa Rica,CRI,2001,"Net trade in goods and services (BoP, current US$)",BN.GSR.GNFS.CD,78881229.510418
Costa Rica,CRI,2000,"Net trade in goods and services (BoP, current US$)",BN.GSR.GNFS.CD,-45669711.165888
Costa Rica,CRI,1999,"Net trade in goods and services (BoP, current US$)",BN.GSR.GNFS.CD,1051211410.40579
Costa Rica,CRI,1998,"Net trade in goods and services (BoP, current US$)",BN.GSR.GNFS.CD,-165450000
Costa Rica,CRI,1997,"Net trade in goods and services (BoP, current US$)",BN.GSR.GNFS.CD,-357416000
Costa Rica,CRI,1996,"Net trade in goods and services (BoP, current US$)",BN.GSR.GNFS.CD,-228910000
Costa Rica,CRI,1995,"Net trade in goods and services (BoP, current US$)",BN.GSR.GNFS.CD,-266542000
Costa Rica,CRI,1994,"Net trade in goods and services (BoP, current US$)",BN.GSR.GNFS.CD,-270900000
Costa Rica,CRI,1993,"Net trade in goods and services (BoP, current US$)",BN.GSR.GNFS.CD,-537900000
Costa Rica,CRI,1992,"Net trade in goods and services (BoP, current US$)",BN.GSR.GNFS.CD,-341100000
Costa Rica,CRI,1991,"Net trade in goods and services (BoP, current US$)",BN.GSR.GNFS.CD,-42900000
Costa Rica,CRI,1990,"Net trade in goods and services (BoP, current US$)",BN.GSR.GNFS.CD,-383200000
Costa Rica,CRI,1989,"Net trade in goods and services (BoP, current US$)",BN.GSR.GNFS.CD,-236700000
Costa Rica,CRI,1988,"Net trade in goods and services (BoP, current US$)",BN.GSR.GNFS.CD,-91300000
Costa Rica,CRI,1987,"Net trade in goods and services (BoP, current US$)",BN.GSR.GNFS.CD,-192500000
Costa Rica,CRI,1986,"Net trade in goods and services (BoP, current US$)",BN.GSR.GNFS.CD,39000000
Costa Rica,CRI,1985,"Net trade in goods and services (BoP, current US$)",BN.GSR.GNFS.CD,-68900000
Costa Rica,CRI,1984,"Net trade in goods and services (BoP, current US$)",BN.GSR.GNFS.CD,15800000
Costa Rica,CRI,1983,"Net trade in goods and services (BoP, current US$)",BN.GSR.GNFS.CD,-20000000
Costa Rica,CRI,1982,"Net trade in goods and services (BoP, current US$)",BN.GSR.GNFS.CD,66000000
Costa Rica,CRI,1981,"Net trade in goods and services (BoP, current US$)",BN.GSR.GNFS.CD,-134200000
Costa Rica,CRI,1980,"Net trade in goods and services (BoP, current US$)",BN.GSR.GNFS.CD,-466300000
Costa Rica,CRI,1979,"Net trade in goods and services (BoP, current US$)",BN.GSR.GNFS.CD,-427100000
Costa Rica,CRI,1978,"Net trade in goods and services (BoP, current US$)",BN.GSR.GNFS.CD,-272300000
Costa Rica,CRI,1977,"Net trade in goods and services (BoP, current US$)",BN.GSR.GNFS.CD,-166400000
Costa Rica,CRI,2024,"Net trade in goods (BoP, current US$)",BN.GSR.MRCH.CD,-2509594114.7502
Costa Rica,CRI,2023,"Net trade in goods (BoP, current US$)",BN.GSR.MRCH.CD,-3158381490.94489
Costa Rica,CRI,2022,"Net trade in goods (BoP, current US$)",BN.GSR.MRCH.CD,-4666346520.19191
Costa Rica,CRI,2021,"Net trade in goods (BoP, current US$)",BN.GSR.MRCH.CD,-2844465645.94843
Costa Rica,CRI,2020,"Net trade in goods (BoP, current US$)",BN.GSR.MRCH.CD,-2018318132.29842
Costa Rica,CRI,2019,"Net trade in goods (BoP, current US$)",BN.GSR.MRCH.CD,-3868481622.74537
Costa Rica,CRI,2018,"Net trade in goods (BoP, current US$)",BN.GSR.MRCH.CD,-4619866055.28838
Costa Rica,CRI,2017,"Net trade in goods (BoP, current US$)",BN.GSR.MRCH.CD,-4367046880.89388
Costa Rica,CRI,2016,"Net trade in goods (BoP, current US$)",BN.GSR.MRCH.CD,-4426065625.45779
Costa Rica,CRI,2015,"Net trade in goods (BoP, current US$)",BN.GSR.MRCH.CD,-4607090132.15609
Costa Rica,CRI,2014,"Net trade in goods (BoP, current US$)",BN.GSR.MRCH.CD,-5328762129.83854
Costa Rica,CRI,2013,"Net trade in goods (BoP, current US$)",BN.GSR.MRCH.CD,-5558816831.23388
Costa Rica,CRI,2012,"Net trade in goods (BoP, current US$)",BN.GSR.MRCH.CD,-5347973288.13831
Costa Rica,CRI,2011,"Net trade in goods (BoP, current US$)",BN.GSR.MRCH.CD,-5027329795.56119
Costa Rica,CRI,2010,"Net trade in goods (BoP, current US$)",BN.GSR.MRCH.CD,-3547874027.59832
Costa Rica,CRI,2009,"Net trade in goods (BoP, current US$)",BN.GSR.MRCH.CD,-2581921425.90774
Costa Rica,CRI,2008,"Net trade in goods (BoP, current US$)",BN.GSR.MRCH.CD,-5145159853.57654
Costa Rica,CRI,2007,"Net trade in goods (BoP, current US$)",BN.GSR.MRCH.CD,-3455241306.59436
Costa Rica,CRI,2006,"Net trade in goods (BoP, current US$)",BN.GSR.MRCH.CD,-2532540000.56236
Costa Rica,CRI,2005,"Net trade in goods (BoP, current US$)",BN.GSR.MRCH.CD,-2046085269.70733
Costa Rica,CRI,2004,"Net trade in goods (BoP, current US$)",BN.GSR.MRCH.CD,-1422036935.28236
Costa Rica,CRI,2003,"Net trade in goods (BoP, current US$)",BN.GSR.MRCH.CD,-1448498487.86587
Costa Rica,CRI,2002,"Net trade in goods (BoP, current US$)",BN.GSR.MRCH.CD,-1350055394.03269
Costa Rica,CRI,2001,"Net trade in goods (BoP, current US$)",BN.GSR.MRCH.CD,-1045688560.27197
Costa Rica,CRI,2000,"Net trade in goods (BoP, current US$)",BN.GSR.MRCH.CD,-1001068045.63451
Costa Rica,CRI,1999,"Net trade in goods (BoP, current US$)",BN.GSR.MRCH.CD,-1395111552.59421
Costa Rica,CRI,1998,"Net trade in goods (BoP, current US$)",BN.GSR.MRCH.CD,-1142700000
Costa Rica,CRI,1997,"Net trade in goods (BoP, current US$)",BN.GSR.MRCH.CD,-772660000
Costa Rica,CRI,1996,"Net trade in goods (BoP, current US$)",BN.GSR.MRCH.CD,-509770000
Costa Rica,CRI,1995,"Net trade in goods (BoP, current US$)",BN.GSR.MRCH.CD,-476700000
Costa Rica,CRI,1994,"Net trade in goods (BoP, current US$)",BN.GSR.MRCH.CD,-605800000
Costa Rica,CRI,1993,"Net trade in goods (BoP, current US$)",BN.GSR.MRCH.CD,-760800000
Costa Rica,CRI,1992,"Net trade in goods (BoP, current US$)",BN.GSR.MRCH.CD,-471800000
Costa Rica,CRI,1991,"Net trade in goods (BoP, current US$)",BN.GSR.MRCH.CD,-199500000
Costa Rica,CRI,1990,"Net trade in goods (BoP, current US$)",BN.GSR.MRCH.CD,-442500000
Costa Rica,CRI,1989,"Net trade in goods (BoP, current US$)",BN.GSR.MRCH.CD,-238600000
Costa Rica,CRI,1988,"Net trade in goods (BoP, current US$)",BN.GSR.MRCH.CD,-97900000
Costa Rica,CRI,1987,"Net trade in goods (BoP, current US$)",BN.GSR.MRCH.CD,-138500000
Costa Rica,CRI,1986,"Net trade in goods (BoP, current US$)",BN.GSR.MRCH.CD,39600000
Costa Rica,CRI,1985,"Net trade in goods (BoP, current US$)",BN.GSR.MRCH.CD,-61900000
Costa Rica,CRI,1984,"Net trade in goods (BoP, current US$)",BN.GSR.MRCH.CD,4600000
Costa Rica,CRI,1983,"Net trade in goods (BoP, current US$)",BN.GSR.MRCH.CD,-41800000
Costa Rica,CRI,1982,"Net trade in goods (BoP, current US$)",BN.GSR.MRCH.CD,64100000
Costa Rica,CRI,1981,"Net trade in goods (BoP, current US$)",BN.GSR.MRCH.CD,-88000000
Costa Rica,CRI,1980,"Net trade in goods (BoP, current US$)",BN.GSR.MRCH.CD,-374300000
Costa Rica,CRI,1979,"Net trade in goods (BoP, current US$)",BN.GSR.MRCH.CD,-315100000
Costa Rica,CRI,1978,"Net trade in goods (BoP, current US$)",BN.GSR.MRCH.CD,-185500000
Costa Rica,CRI,1977,"Net trade in goods (BoP, current US$)",BN.GSR.MRCH.CD,-97300000
Costa Rica,CRI,2024,"ICT service exports (BoP, current US$)",BX.GSR.CCIS.CD,2387424580.44849
Costa Rica,CRI,2023,"ICT service exports (BoP, current US$)",BX.GSR.CCIS.CD,2130558052.53922
Costa Rica,CRI,2022,"ICT service exports (BoP, current US$)",BX.GSR.CCIS.CD,1868132257.09454
Costa Rica,CRI,2021,"ICT service exports (BoP, current US$)",BX.GSR.CCIS.CD,1510976368.72098
Costa Rica,CRI,2020,"ICT service exports (BoP, current US$)",BX.GSR.CCIS.CD,1364874591.45384
Costa Rica,CRI,2019,"ICT service exports (BoP, current US$)",BX.GSR.CCIS.CD,1239166298.07787
Costa Rica,CRI,2018,"ICT service exports (BoP, current US$)",BX.GSR.CCIS.CD,1149879880.59366
Costa Rica,CRI,2017,"ICT service exports (BoP, current US$)",BX.GSR.CCIS.CD,1163435922.18225
Costa Rica,CRI,2016,"ICT service exports (BoP, current US$)",BX.GSR.CCIS.CD,1094729526.60857
Costa Rica,CRI,2015,"ICT service exports (BoP, current US$)",BX.GSR.CCIS.CD,1001667422.27906
Costa Rica,CRI,2014,"ICT service exports (BoP, current US$)",BX.GSR.CCIS.CD,849129591.486417
Costa Rica,CRI,2013,"ICT service exports (BoP, current US$)",BX.GSR.CCIS.CD,723417414.483798
Costa Rica,CRI,2012,"ICT service exports (BoP, current US$)",BX.GSR.CCIS.CD,691596852.894252
Costa Rica,CRI,2011,"ICT service exports (BoP, current US$)",BX.GSR.CCIS.CD,653246575.787481
Costa Rica,CRI,2010,"ICT service exports (BoP, current US$)",BX.GSR.CCIS.CD,538123299.972831
Costa Rica,CRI,2009,"ICT service exports (BoP, current US$)",BX.GSR.CCIS.CD,350466877.742154
Costa Rica,CRI,2008,"ICT service exports (BoP, current US$)",BX.GSR.CCIS.CD,301997378.309354
Costa Rica,CRI,2007,"ICT service exports (BoP, current US$)",BX.GSR.CCIS.CD,288743244.269338
Costa Rica,CRI,2006,"ICT service exports (BoP, current US$)",BX.GSR.CCIS.CD,267974633.244693
Costa Rica,CRI,2005,"ICT service exports (BoP, current US$)",BX.GSR.CCIS.CD,218157741.464289
Costa Rica,CRI,2004,"ICT service exports (BoP, current US$)",BX.GSR.CCIS.CD,180371002.496032
Costa Rica,CRI,2003,"ICT service exports (BoP, current US$)",BX.GSR.CCIS.CD,129135927.125314
Costa Rica,CRI,2002,"ICT service exports (BoP, current US$)",BX.GSR.CCIS.CD,128615156.190128
Costa Rica,CRI,2001,"ICT service exports (BoP, current US$)",BX.GSR.CCIS.CD,167776656.599905
Costa Rica,CRI,2000,"ICT service exports (BoP, current US$)",BX.GSR.CCIS.CD,141131448.758484
Costa Rica,CRI,1999,"ICT service exports (BoP, current US$)",BX.GSR.CCIS.CD,140288000
Costa Rica,CRI,1998,"ICT service exports (BoP, current US$)",BX.GSR.CCIS.CD,87650000
Costa Rica,CRI,1997,"ICT service exports (BoP, current US$)",BX.GSR.CCIS.CD,79960000
Costa Rica,CRI,1996,"ICT service exports (BoP, current US$)",BX.GSR.CCIS.CD,76450000
Costa Rica,CRI,1995,"ICT service exports (BoP, current US$)",BX.GSR.CCIS.CD,57300000
Costa Rica,CRI,2024,"ICT service exports (% of service exports, BoP)",BX.GSR.CCIS.ZS,14.8160388430864
Costa Rica,CRI,2023,"ICT service exports (% of service exports, BoP)",BX.GSR.CCIS.ZS,14.3989506651499
Costa Rica,CRI,2022,"ICT service exports (% of service exports, BoP)",BX.GSR.CCIS.ZS,14.6570142441584
Costa Rica,CRI,2021,"ICT service exports (% of service exports, BoP)",BX.GSR.CCIS.ZS,17.2056315216805
Costa Rica,CRI,2020,"ICT service exports (% of service exports, BoP)",BX.GSR.CCIS.ZS,17.2649557918794
Costa Rica,CRI,2019,"ICT service exports (% of service exports, BoP)",BX.GSR.CCIS.ZS,11.3550288612849
Costa Rica,CRI,2018,"ICT service exports (% of service exports, BoP)",BX.GSR.CCIS.ZS,11.7926630123977
Costa Rica,CRI,2017,"ICT service exports (% of service exports, BoP)",BX.GSR.CCIS.ZS,13.5319872017158
Costa Rica,CRI,2016,"ICT service exports (% of service exports, BoP)",BX.GSR.CCIS.ZS,12.8231609837348
Costa Rica,CRI,2015,"ICT service exports (% of service exports, BoP)",BX.GSR.CCIS.ZS,13.0194949184955
Costa Rica,CRI,2014,"ICT service exports (% of service exports, BoP)",BX.GSR.CCIS.ZS,11.9492755047392
Costa Rica,CRI,2013,"ICT service exports (% of service exports, BoP)",BX.GSR.CCIS.ZS,10.4101247046605
Costa Rica,CRI,2012,"ICT service exports (% of service exports, BoP)",BX.GSR.CCIS.ZS,11.1394239297002
Costa Rica,CRI,2011,"ICT service exports (% of service exports, BoP)",BX.GSR.CCIS.ZS,11.2974799451843
Costa Rica,CRI,2010,"ICT service exports (% of service exports, BoP)",BX.GSR.CCIS.ZS,10.7164671118243
Costa Rica,CRI,2009,"ICT service exports (% of service exports, BoP)",BX.GSR.CCIS.ZS,8.43785862853561
Costa Rica,CRI,2008,"ICT service exports (% of service exports, BoP)",BX.GSR.CCIS.ZS,6.55908783115283
Costa Rica,CRI,2007,"ICT service exports (% of service exports, BoP)",BX.GSR.CCIS.ZS,7.00882141603633
Costa Rica,CRI,2006,"ICT service exports (% of service exports, BoP)",BX.GSR.CCIS.ZS,7.4679232017149
Costa Rica,CRI,2005,"ICT service exports (% of service exports, BoP)",BX.GSR.CCIS.ZS,6.82362674653757
Costa Rica,CRI,2004,"ICT service exports (% of service exports, BoP)",BX.GSR.CCIS.ZS,6.48640481111574
Costa Rica,CRI,2003,"ICT service exports (% of service exports, BoP)",BX.GSR.CCIS.ZS,5.25838545349211
Costa Rica,CRI,2002,"ICT service exports (% of service exports, BoP)",BX.GSR.CCIS.ZS,5.67429463410148
Costa Rica,CRI,2001,"ICT service exports (% of service exports, BoP)",BX.GSR.CCIS.ZS,7.25607123913057
Costa Rica,CRI,2000,"ICT service exports (% of service exports, BoP)",BX.GSR.CCIS.ZS,6.12730914963172
Costa Rica,CRI,1999,"ICT service exports (% of service exports, BoP)",BX.GSR.CCIS.ZS,3.90494818236224
Costa Rica,CRI,1998,"ICT service exports (% of service exports, BoP)",BX.GSR.CCIS.ZS,4.18365106488597
Costa Rica,CRI,1997,"ICT service exports (% of service exports, BoP)",BX.GSR.CCIS.ZS,5.66528081258095
Costa Rica,CRI,1996,"ICT service exports (% of service exports, BoP)",BX.GSR.CCIS.ZS,5.81037431122934
Costa Rica,CRI,1995,"ICT service exports (% of service exports, BoP)",BX.GSR.CCIS.ZS,5.09514494042326
Costa Rica,CRI,2024,"Communications, computer, etc. (% of service exports, BoP)",BX.GSR.CMCP.ZS,24.396060651856
Costa Rica,CRI,2023,"Communications, computer, etc. (% of service exports, BoP)",BX.GSR.CMCP.ZS,25.5518625878361
Costa Rica,CRI,2022,"Communications, computer, etc. (% of service exports, BoP)",BX.GSR.CMCP.ZS,27.1828811770768
Costa Rica,CRI,2021,"Communications, computer, etc. (% of service exports, BoP)",BX.GSR.CMCP.ZS,30.0100492885058
Costa Rica,CRI,2020,"Communications, computer, etc. (% of service exports, BoP)",BX.GSR.CMCP.ZS,29.014234341362
Costa Rica,CRI,2019,"Communications, computer, etc. (% of service exports, BoP)",BX.GSR.CMCP.ZS,20.2044300662311
Costa Rica,CRI,2018,"Communications, computer, etc. (% of service exports, BoP)",BX.GSR.CMCP.ZS,19.8153370609222
Costa Rica,CRI,2017,"Communications, computer, etc. (% of service exports, BoP)",BX.GSR.CMCP.ZS,18.4899077682248
Costa Rica,CRI,2016,"Communications, computer, etc. (% of service exports, BoP)",BX.GSR.CMCP.ZS,18.580735957203
Costa Rica,CRI,2015,"Communications, computer, etc. (% of service exports, BoP)",BX.GSR.CMCP.ZS,19.7689246456591
Costa Rica,CRI,2014,"Communications, computer, etc. (% of service exports, BoP)",BX.GSR.CMCP.ZS,22.0696986487096
Costa Rica,CRI,2013,"Communications, computer, etc. (% of service exports, BoP)",BX.GSR.CMCP.ZS,22.3084428517341
Costa Rica,CRI,2012,"Communications, computer, etc. (% of service exports, BoP)",BX.GSR.CMCP.ZS,25.1429702148443
Costa Rica,CRI,2011,"Communications, computer, etc. (% of service exports, BoP)",BX.GSR.CMCP.ZS,24.4765413367397
Costa Rica,CRI,2010,"Communications, computer, etc. (% of service exports, BoP)",BX.GSR.CMCP.ZS,23.3461658839041
Costa Rica,CRI,2009,"Communications, computer, etc. (% of service exports, BoP)",BX.GSR.CMCP.ZS,20.6331883653158
Costa Rica,CRI,2008,"Communications, computer, etc. (% of service exports, BoP)",BX.GSR.CMCP.ZS,18.0453108509995
Costa Rica,CRI,2007,"Communications, computer, etc. (% of service exports, BoP)",BX.GSR.CMCP.ZS,19.5498693520574
Costa Rica,CRI,2006,"Communications, computer, etc. (% of service exports, BoP)",BX.GSR.CMCP.ZS,22.6868591699585
Costa Rica,CRI,2005,"Communications, computer, etc. (% of service exports, BoP)",BX.GSR.CMCP.ZS,22.531032971194
Costa Rica,CRI,2004,"Communications, computer, etc. (% of service exports, BoP)",BX.GSR.CMCP.ZS,23.555579833628
Costa Rica,CRI,2003,"Communications, computer, etc. (% of service exports, BoP)",BX.GSR.CMCP.ZS,22.3257408363115
Costa Rica,CRI,2002,"Communications, computer, etc. (% of service exports, BoP)",BX.GSR.CMCP.ZS,23.8562751163991
Costa Rica,CRI,2001,"Communications, computer, etc. (% of service exports, BoP)",BX.GSR.CMCP.ZS,24.4925872814478
Costa Rica,CRI,2000,"Communications, computer, etc. (% of service exports, BoP)",BX.GSR.CMCP.ZS,22.5610152281836
Costa Rica,CRI,1999,"Communications, computer, etc. (% of service exports, BoP)",BX.GSR.CMCP.ZS,61.9689790607979
Costa Rica,CRI,1998,"Communications, computer, etc. (% of service exports, BoP)",BX.GSR.CMCP.ZS,45.8392599734614
Costa Rica,CRI,1997,"Communications, computer, etc. (% of service exports, BoP)",BX.GSR.CMCP.ZS,33.1520953603646
Costa Rica,CRI,1996,"Communications, computer, etc. (% of service exports, BoP)",BX.GSR.CMCP.ZS,34.5415162454874
Costa Rica,CRI,1995,"Communications, computer, etc. (% of service exports, BoP)",BX.GSR.CMCP.ZS,27.6542770762938
Costa Rica,CRI,1994,"Communications, computer, etc. (% of service exports, BoP)",BX.GSR.CMCP.ZS,32.5271966527197
Costa Rica,CRI,1993,"Communications, computer, etc. (% of service exports, BoP)",BX.GSR.CMCP.ZS,29.2408351775233
Costa Rica,CRI,1992,"Communications, computer, etc. (% of service exports, BoP)",BX.GSR.CMCP.ZS,31.8316890526566
Costa Rica,CRI,1991,"Communications, computer, etc. (% of service exports, BoP)",BX.GSR.CMCP.ZS,34.1191784784495
Costa Rica,CRI,1990,"Communications, computer, etc. (% of service exports, BoP)",BX.GSR.CMCP.ZS,37.6026272577997
Costa Rica,CRI,1989,"Communications, computer, etc. (% of service exports, BoP)",BX.GSR.CMCP.ZS,41.0524201646917
Costa Rica,CRI,1988,"Communications, computer, etc. (% of service exports, BoP)",BX.GSR.CMCP.ZS,40.9016964908204
Costa Rica,CRI,1987,"Communications, computer, etc. (% of service exports, BoP)",BX.GSR.CMCP.ZS,40.1661228122219
Costa Rica,CRI,1986,"Communications, computer, etc. (% of service exports, BoP)",BX.GSR.CMCP.ZS,36.5016501650165
Costa Rica,CRI,1985,"Communications, computer, etc. (% of service exports, BoP)",BX.GSR.CMCP.ZS,37.3862395340371
Costa Rica,CRI,1984,"Communications, computer, etc. (% of service exports, BoP)",BX.GSR.CMCP.ZS,33.3211009174312
Costa Rica,CRI,1983,"Communications, computer, etc. (% of service exports, BoP)",BX.GSR.CMCP.ZS,29.2151162790698
Costa Rica,CRI,1982,"Communications, computer, etc. (% of service exports, BoP)",BX.GSR.CMCP.ZS,20.9331131296449
Costa Rica,CRI,1981,"Communications, computer, etc. (% of service exports, BoP)",BX.GSR.CMCP.ZS,23.536299765808
Costa Rica,CRI,1980,"Communications, computer, etc. (% of service exports, BoP)",BX.GSR.CMCP.ZS,30.7415036045314
Costa Rica,CRI,1979,"Communications, computer, etc. (% of service exports, BoP)",BX.GSR.CMCP.ZS,30.2325581395349
Costa Rica,CRI,1978,"Communications, computer, etc. (% of service exports, BoP)",BX.GSR.CMCP.ZS,28.6116983791402
Costa Rica,CRI,1977,"Communications, computer, etc. (% of service exports, BoP)",BX.GSR.CMCP.ZS,24.8652809853734
Costa Rica,CRI,2024,"Exports of goods and services (BoP, current US$)",BX.GSR.GNFS.CD,36770002943.9832
Costa Rica,CRI,2023,"Exports of goods and services (BoP, current US$)",BX.GSR.GNFS.CD,33682965648.6893
Costa Rica,CRI,2022,"Exports of goods and services (BoP, current US$)",BX.GSR.GNFS.CD,29392294678.4072
Costa Rica,CRI,2021,"Exports of goods and services (BoP, current US$)",BX.GSR.GNFS.CD,23608367422.0304
Costa Rica,CRI,2020,"Exports of goods and services (BoP, current US$)",BX.GSR.GNFS.CD,19972145341.7562
Costa Rica,CRI,2019,"Exports of goods and services (BoP, current US$)",BX.GSR.GNFS.CD,22744423969.7376
Costa Rica,CRI,2018,"Exports of goods and services (BoP, current US$)",BX.GSR.GNFS.CD,21481080533.9011
Costa Rica,CRI,2017,"Exports of goods and services (BoP, current US$)",BX.GSR.GNFS.CD,19408369539.6998
Costa Rica,CRI,2016,"Exports of goods and services (BoP, current US$)",BX.GSR.GNFS.CD,18637388402.945
Costa Rica,CRI,2015,"Exports of goods and services (BoP, current US$)",BX.GSR.GNFS.CD,17145996657.9747
Costa Rica,CRI,2014,"Exports of goods and services (BoP, current US$)",BX.GSR.GNFS.CD,16561684792.9675
Costa Rica,CRI,2013,"Exports of goods and services (BoP, current US$)",BX.GSR.GNFS.CD,15815497861.2498
Costa Rica,CRI,2012,"Exports of goods and services (BoP, current US$)",BX.GSR.GNFS.CD,15131186661.0081
Costa Rica,CRI,2011,"Exports of goods and services (BoP, current US$)",BX.GSR.GNFS.CD,14083611738.385
Costa Rica,CRI,2010,"Exports of goods and services (BoP, current US$)",BX.GSR.GNFS.CD,12514007854.8623
Costa Rica,CRI,2009,"Exports of goods and services (BoP, current US$)",BX.GSR.GNFS.CD,10776383456.5034
Costa Rica,CRI,2008,"Exports of goods and services (BoP, current US$)",BX.GSR.GNFS.CD,12118035648.6236
Costa Rica,CRI,2007,"Exports of goods and services (BoP, current US$)",BX.GSR.GNFS.CD,10993921245.9417
Costa Rica,CRI,2006,"Exports of goods and services (BoP, current US$)",BX.GSR.GNFS.CD,9899108271.97083
Costa Rica,CRI,2005,"Exports of goods and services (BoP, current US$)",BX.GSR.GNFS.CD,8766041029.61709
Costa Rica,CRI,2004,"Exports of goods and services (BoP, current US$)",BX.GSR.GNFS.CD,7901223846.35991
Costa Rica,CRI,2003,"Exports of goods and services (BoP, current US$)",BX.GSR.GNFS.CD,7063161813.68921
Costa Rica,CRI,2002,"Exports of goods and services (BoP, current US$)",BX.GSR.GNFS.CD,6535520876.6269
Costa Rica,CRI,2001,"Exports of goods and services (BoP, current US$)",BX.GSR.GNFS.CD,6507245226.05823
Costa Rica,CRI,2000,"Exports of goods and services (BoP, current US$)",BX.GSR.GNFS.CD,6483187693.18264
Costa Rica,CRI,1999,"Exports of goods and services (BoP, current US$)",BX.GSR.GNFS.CD,6219210526.4058
Costa Rica,CRI,1998,"Exports of goods and services (BoP, current US$)",BX.GSR.GNFS.CD,5252670000
Costa Rica,CRI,1997,"Exports of goods and services (BoP, current US$)",BX.GSR.GNFS.CD,4313504000
Costa Rica,CRI,1996,"Exports of goods and services (BoP, current US$)",BX.GSR.GNFS.CD,4065360000
Costa Rica,CRI,1995,"Exports of goods and services (BoP, current US$)",BX.GSR.GNFS.CD,3694000000
Costa Rica,CRI,1994,"Exports of goods and services (BoP, current US$)",BX.GSR.GNFS.CD,3317000000
Costa Rica,CRI,1993,"Exports of goods and services (BoP, current US$)",BX.GSR.GNFS.CD,2906100000
Costa Rica,CRI,1992,"Exports of goods and services (BoP, current US$)",BX.GSR.GNFS.CD,2580400000
Costa Rica,CRI,1991,"Exports of goods and services (BoP, current US$)",BX.GSR.GNFS.CD,2189500000
Costa Rica,CRI,1990,"Exports of goods and services (BoP, current US$)",BX.GSR.GNFS.CD,1963200000
Costa Rica,CRI,1989,"Exports of goods and services (BoP, current US$)",BX.GSR.GNFS.CD,1831300000
Costa Rica,CRI,1988,"Exports of goods and services (BoP, current US$)",BX.GSR.GNFS.CD,1611000000
Costa Rica,CRI,1987,"Exports of goods and services (BoP, current US$)",BX.GSR.GNFS.CD,1443800000
Costa Rica,CRI,1986,"Exports of goods and services (BoP, current US$)",BX.GSR.GNFS.CD,1387800000
Costa Rica,CRI,1985,"Exports of goods and services (BoP, current US$)",BX.GSR.GNFS.CD,1213800000
Costa Rica,CRI,1984,"Exports of goods and services (BoP, current US$)",BX.GSR.GNFS.CD,1270000000
Costa Rica,CRI,1983,"Exports of goods and services (BoP, current US$)",BX.GSR.GNFS.CD,1127700000
Costa Rica,CRI,1982,"Exports of goods and services (BoP, current US$)",BX.GSR.GNFS.CD,1111200000
Costa Rica,CRI,1981,"Exports of goods and services (BoP, current US$)",BX.GSR.GNFS.CD,1173400000
Costa Rica,CRI,1980,"Exports of goods and services (BoP, current US$)",BX.GSR.GNFS.CD,1195100000
Costa Rica,CRI,1979,"Exports of goods and services (BoP, current US$)",BX.GSR.GNFS.CD,1096900000
Costa Rica,CRI,1978,"Exports of goods and services (BoP, current US$)",BX.GSR.GNFS.CD,1005800000
Costa Rica,CRI,1977,"Exports of goods and services (BoP, current US$)",BX.GSR.GNFS.CD,957700000
Costa Rica,CRI,2024,"Insurance and financial services (% of service exports, BoP)",BX.GSR.INSF.ZS,1.08077010906761
Costa Rica,CRI,2023,"Insurance and financial services (% of service exports, BoP)",BX.GSR.INSF.ZS,1.10103290628058
Costa Rica,CRI,2022,"Insurance and financial services (% of service exports, BoP)",BX.GSR.INSF.ZS,0.92909080003528
Costa Rica,CRI,2021,"Insurance and financial services (% of service exports, BoP)",BX.GSR.INSF.ZS,1.02984652780637
Costa Rica,CRI,2020,"Insurance and financial services (% of service exports, BoP)",BX.GSR.INSF.ZS,1.15780640427116
Costa Rica,CRI,2019,"Insurance and financial services (% of service exports, BoP)",BX.GSR.INSF.ZS,0.962407059744324
Costa Rica,CRI,2018,"Insurance and financial services (% of service exports, BoP)",BX.GSR.INSF.ZS,1.02865205216076
Costa Rica,CRI,2017,"Insurance and financial services (% of service exports, BoP)",BX.GSR.INSF.ZS,1.04990162062428
Costa Rica,CRI,2016,"Insurance and financial services (% of service exports, BoP)",BX.GSR.INSF.ZS,1.06852628342096
Costa Rica,CRI,2015,"Insurance and financial services (% of service exports, BoP)",BX.GSR.INSF.ZS,0.874642411767588
Costa Rica,CRI,2014,"Insurance and financial services (% of service exports, BoP)",BX.GSR.INSF.ZS,1.2373283952152
Costa Rica,CRI,2013,"Insurance and financial services (% of service exports, BoP)",BX.GSR.INSF.ZS,0.621845896846282
Costa Rica,CRI,2012,"Insurance and financial services (% of service exports, BoP)",BX.GSR.INSF.ZS,0.292986073979838
Costa Rica,CRI,2011,"Insurance and financial services (% of service exports, BoP)",BX.GSR.INSF.ZS,0.30641899577522
Costa Rica,CRI,2010,"Insurance and financial services (% of service exports, BoP)",BX.GSR.INSF.ZS,0.304787814006085
Costa Rica,CRI,2009,"Insurance and financial services (% of service exports, BoP)",BX.GSR.INSF.ZS,0.331924744028681
Costa Rica,CRI,2008,"Insurance and financial services (% of service exports, BoP)",BX.GSR.INSF.ZS,0.349000906374699
Costa Rica,CRI,2007,"Insurance and financial services (% of service exports, BoP)",BX.GSR.INSF.ZS,0.33198969646857
Costa Rica,CRI,2006,"Insurance and financial services (% of service exports, BoP)",BX.GSR.INSF.ZS,0.343442671666468
Costa Rica,CRI,2005,"Insurance and financial services (% of service exports, BoP)",BX.GSR.INSF.ZS,0.368901815656607
Costa Rica,CRI,2004,"Insurance and financial services (% of service exports, BoP)",BX.GSR.INSF.ZS,0.419165601423084
Costa Rica,CRI,2003,"Insurance and financial services (% of service exports, BoP)",BX.GSR.INSF.ZS,0.182417990034824
Costa Rica,CRI,2002,"Insurance and financial services (% of service exports, BoP)",BX.GSR.INSF.ZS,0.205122104447919
Costa Rica,CRI,2001,"Insurance and financial services (% of service exports, BoP)",BX.GSR.INSF.ZS,0.173549106552378
Costa Rica,CRI,2000,"Insurance and financial services (% of service exports, BoP)",BX.GSR.INSF.ZS,0.123373460657006
Costa Rica,CRI,1999,"Insurance and financial services (% of service exports, BoP)",BX.GSR.INSF.ZS,0.254219118880548
Costa Rica,CRI,1998,"Insurance and financial services (% of service exports, BoP)",BX.GSR.INSF.ZS,0.339847068819031
Costa Rica,CRI,1997,"Insurance and financial services (% of service exports, BoP)",BX.GSR.INSF.ZS,0.366301923474781
Costa Rica,CRI,1996,"Insurance and financial services (% of service exports, BoP)",BX.GSR.INSF.ZS,0.155804674140224
Costa Rica,CRI,1995,"Insurance and financial services (% of service exports, BoP)",BX.GSR.INSF.ZS,-0.14227280810955
Costa Rica,CRI,1991,"Insurance and financial services (% of service exports, BoP)",BX.GSR.INSF.ZS,1.41741394272491
Costa Rica,CRI,1984,"Insurance and financial services (% of service exports, BoP)",BX.GSR.INSF.ZS,0.146788990825688
Costa Rica,CRI,1983,"Insurance and financial services (% of service exports, BoP)",BX.GSR.INSF.ZS,1.19912790697674
Costa Rica,CRI,1982,"Insurance and financial services (% of service exports, BoP)",BX.GSR.INSF.ZS,0.701899256812552
Costa Rica,CRI,1981,"Insurance and financial services (% of service exports, BoP)",BX.GSR.INSF.ZS,0.995316159250586
Costa Rica,CRI,1980,"Insurance and financial services (% of service exports, BoP)",BX.GSR.INSF.ZS,0.669412976313079
Costa Rica,CRI,1979,"Insurance and financial services (% of service exports, BoP)",BX.GSR.INSF.ZS,0.904392764857881
Costa Rica,CRI,1978,"Insurance and financial services (% of service exports, BoP)",BX.GSR.INSF.ZS,0.493305144467935
Costa Rica,CRI,1977,"Insurance and financial services (% of service exports, BoP)",BX.GSR.INSF.ZS,0.0769822940723634
Costa Rica,CRI,2024,"Goods exports (BoP, current US$)",BX.GSR.MRCH.CD,20656218377.5873
Costa Rica,CRI,2023,"Goods exports (BoP, current US$)",BX.GSR.MRCH.CD,18886345380.4092
Costa Rica,CRI,2022,"Goods exports (BoP, current US$)",BX.GSR.MRCH.CD,16646641123.2222
Costa Rica,CRI,2021,"Goods exports (BoP, current US$)",BX.GSR.MRCH.CD,14826496400.2256
Costa Rica,CRI,2020,"Goods exports (BoP, current US$)",BX.GSR.MRCH.CD,12066682924.6685
Costa Rica,CRI,2019,"Goods exports (BoP, current US$)",BX.GSR.MRCH.CD,11831494436.7901
Costa Rica,CRI,2018,"Goods exports (BoP, current US$)",BX.GSR.MRCH.CD,11730272939.5114
Costa Rica,CRI,2017,"Goods exports (BoP, current US$)",BX.GSR.MRCH.CD,10810697188.7037
Costa Rica,CRI,2016,"Goods exports (BoP, current US$)",BX.GSR.MRCH.CD,10100261496.4268
Costa Rica,CRI,2015,"Goods exports (BoP, current US$)",BX.GSR.MRCH.CD,9452400028.07706
Costa Rica,CRI,2014,"Goods exports (BoP, current US$)",BX.GSR.MRCH.CD,9455567010.7669
Costa Rica,CRI,2013,"Goods exports (BoP, current US$)",BX.GSR.MRCH.CD,8866326405.50414
Costa Rica,CRI,2012,"Goods exports (BoP, current US$)",BX.GSR.MRCH.CD,8922635327.84351
Costa Rica,CRI,2011,"Goods exports (BoP, current US$)",BX.GSR.MRCH.CD,8301379072.71927
Costa Rica,CRI,2010,"Goods exports (BoP, current US$)",BX.GSR.MRCH.CD,7492546076.85638
Costa Rica,CRI,2009,"Goods exports (BoP, current US$)",BX.GSR.MRCH.CD,6622878483.6075
Costa Rica,CRI,2008,"Goods exports (BoP, current US$)",BX.GSR.MRCH.CD,7513776854.05464
Costa Rica,CRI,2007,"Goods exports (BoP, current US$)",BX.GSR.MRCH.CD,6874209426.65225
Costa Rica,CRI,2006,"Goods exports (BoP, current US$)",BX.GSR.MRCH.CD,6310766158.55492
Costa Rica,CRI,2005,"Goods exports (BoP, current US$)",BX.GSR.MRCH.CD,5568947320.24932
Costa Rica,CRI,2004,"Goods exports (BoP, current US$)",BX.GSR.MRCH.CD,5120469210.34135
Costa Rica,CRI,2003,"Goods exports (BoP, current US$)",BX.GSR.MRCH.CD,4607352359.10552
Costa Rica,CRI,2002,"Goods exports (BoP, current US$)",BX.GSR.MRCH.CD,4268892784.7902
Costa Rica,CRI,2001,"Goods exports (BoP, current US$)",BX.GSR.MRCH.CD,4195020730.5886
Costa Rica,CRI,2000,"Goods exports (BoP, current US$)",BX.GSR.MRCH.CD,4179869135.036
Costa Rica,CRI,1999,"Goods exports (BoP, current US$)",BX.GSR.MRCH.CD,2626640447.4058
Costa Rica,CRI,1998,"Goods exports (BoP, current US$)",BX.GSR.MRCH.CD,3157610000
Costa Rica,CRI,1997,"Goods exports (BoP, current US$)",BX.GSR.MRCH.CD,2902100000
Costa Rica,CRI,1996,"Goods exports (BoP, current US$)",BX.GSR.MRCH.CD,2749610000
Costa Rica,CRI,1995,"Goods exports (BoP, current US$)",BX.GSR.MRCH.CD,2569400000
Costa Rica,CRI,1994,"Goods exports (BoP, current US$)",BX.GSR.MRCH.CD,2122000000
Costa Rica,CRI,1993,"Goods exports (BoP, current US$)",BX.GSR.MRCH.CD,1866800000
Costa Rica,CRI,1992,"Goods exports (BoP, current US$)",BX.GSR.MRCH.CD,1739100000
Costa Rica,CRI,1991,"Goods exports (BoP, current US$)",BX.GSR.MRCH.CD,1498100000
Costa Rica,CRI,1990,"Goods exports (BoP, current US$)",BX.GSR.MRCH.CD,1354200000
Costa Rica,CRI,1989,"Goods exports (BoP, current US$)",BX.GSR.MRCH.CD,1333400000
Costa Rica,CRI,1988,"Goods exports (BoP, current US$)",BX.GSR.MRCH.CD,1180700000
Costa Rica,CRI,1987,"Goods exports (BoP, current US$)",BX.GSR.MRCH.CD,1106700000
Costa Rica,CRI,1986,"Goods exports (BoP, current US$)",BX.GSR.MRCH.CD,1084800000
Costa Rica,CRI,1985,"Goods exports (BoP, current US$)",BX.GSR.MRCH.CD,939100000
Costa Rica,CRI,1984,"Goods exports (BoP, current US$)",BX.GSR.MRCH.CD,997500000
Costa Rica,CRI,1983,"Goods exports (BoP, current US$)",BX.GSR.MRCH.CD,852500000
Costa Rica,CRI,1982,"Goods exports (BoP, current US$)",BX.GSR.MRCH.CD,869000000
Costa Rica,CRI,1981,"Goods exports (BoP, current US$)",BX.GSR.MRCH.CD,1002600000
Costa Rica,CRI,1980,"Goods exports (BoP, current US$)",BX.GSR.MRCH.CD,1000900000
Costa Rica,CRI,1979,"Goods exports (BoP, current US$)",BX.GSR.MRCH.CD,942100000
Costa Rica,CRI,1978,"Goods exports (BoP, current US$)",BX.GSR.MRCH.CD,863900000
Costa Rica,CRI,1977,"Goods exports (BoP, current US$)",BX.GSR.MRCH.CD,827800000
Costa Rica,CRI,2024,"Service exports (BoP, current US$)",BX.GSR.NFSV.CD,16113784566.3959
Costa Rica,CRI,2023,"Service exports (BoP, current US$)",BX.GSR.NFSV.CD,14796620268.2801
Costa Rica,CRI,2022,"Service exports (BoP, current US$)",BX.GSR.NFSV.CD,12745653555.185
Costa Rica,CRI,2021,"Service exports (BoP, current US$)",BX.GSR.NFSV.CD,8781871021.80484
Costa Rica,CRI,2020,"Service exports (BoP, current US$)",BX.GSR.NFSV.CD,7905462417.08772
Costa Rica,CRI,2019,"Service exports (BoP, current US$)",BX.GSR.NFSV.CD,10912929532.9475
Costa Rica,CRI,2018,"Service exports (BoP, current US$)",BX.GSR.NFSV.CD,9750807594.38973
Costa Rica,CRI,2017,"Service exports (BoP, current US$)",BX.GSR.NFSV.CD,8597672350.99612
Costa Rica,CRI,2016,"Service exports (BoP, current US$)",BX.GSR.NFSV.CD,8537126906.51826
Costa Rica,CRI,2015,"Service exports (BoP, current US$)",BX.GSR.NFSV.CD,7693596629.89759
Costa Rica,CRI,2014,"Service exports (BoP, current US$)",BX.GSR.NFSV.CD,7106117782.20063
Costa Rica,CRI,2013,"Service exports (BoP, current US$)",BX.GSR.NFSV.CD,6949171455.74567
Costa Rica,CRI,2012,"Service exports (BoP, current US$)",BX.GSR.NFSV.CD,6208551333.16457
Costa Rica,CRI,2011,"Service exports (BoP, current US$)",BX.GSR.NFSV.CD,5782232665.66572
Costa Rica,CRI,2010,"Service exports (BoP, current US$)",BX.GSR.NFSV.CD,5021461778.00589
Costa Rica,CRI,2009,"Service exports (BoP, current US$)",BX.GSR.NFSV.CD,4153504972.89591
Costa Rica,CRI,2008,"Service exports (BoP, current US$)",BX.GSR.NFSV.CD,4604258794.56892
Costa Rica,CRI,2007,"Service exports (BoP, current US$)",BX.GSR.NFSV.CD,4119711819.28944
Costa Rica,CRI,2006,"Service exports (BoP, current US$)",BX.GSR.NFSV.CD,3588342113.4159
Costa Rica,CRI,2005,"Service exports (BoP, current US$)",BX.GSR.NFSV.CD,3197093709.36777
Costa Rica,CRI,2004,"Service exports (BoP, current US$)",BX.GSR.NFSV.CD,2780754636.01857
Costa Rica,CRI,2003,"Service exports (BoP, current US$)",BX.GSR.NFSV.CD,2455809454.58371
Costa Rica,CRI,2002,"Service exports (BoP, current US$)",BX.GSR.NFSV.CD,2266628091.83672
Costa Rica,CRI,2001,"Service exports (BoP, current US$)",BX.GSR.NFSV.CD,2312224495.46964
Costa Rica,CRI,2000,"Service exports (BoP, current US$)",BX.GSR.NFSV.CD,2303318558.14663
Costa Rica,CRI,1999,"Service exports (BoP, current US$)",BX.GSR.NFSV.CD,3592570079
Costa Rica,CRI,1998,"Service exports (BoP, current US$)",BX.GSR.NFSV.CD,2095060000
Costa Rica,CRI,1997,"Service exports (BoP, current US$)",BX.GSR.NFSV.CD,1411404000
Costa Rica,CRI,1996,"Service exports (BoP, current US$)",BX.GSR.NFSV.CD,1315750000
Costa Rica,CRI,1995,"Service exports (BoP, current US$)",BX.GSR.NFSV.CD,1124600000
Costa Rica,CRI,1994,"Service exports (BoP, current US$)",BX.GSR.NFSV.CD,1195000000
Costa Rica,CRI,1993,"Service exports (BoP, current US$)",BX.GSR.NFSV.CD,1039300000
Costa Rica,CRI,1992,"Service exports (BoP, current US$)",BX.GSR.NFSV.CD,841300000
Costa Rica,CRI,1991,"Service exports (BoP, current US$)",BX.GSR.NFSV.CD,691400000
Costa Rica,CRI,1990,"Service exports (BoP, current US$)",BX.GSR.NFSV.CD,609000000
Costa Rica,CRI,1989,"Service exports (BoP, current US$)",BX.GSR.NFSV.CD,497900000
Costa Rica,CRI,1988,"Service exports (BoP, current US$)",BX.GSR.NFSV.CD,430300000
Costa Rica,CRI,1987,"Service exports (BoP, current US$)",BX.GSR.NFSV.CD,337100000
Costa Rica,CRI,1986,"Service exports (BoP, current US$)",BX.GSR.NFSV.CD,303000000
Costa Rica,CRI,1985,"Service exports (BoP, current US$)",BX.GSR.NFSV.CD,274700000
Costa Rica,CRI,1984,"Service exports (BoP, current US$)",BX.GSR.NFSV.CD,272500000
Costa Rica,CRI,1983,"Service exports (BoP, current US$)",BX.GSR.NFSV.CD,275200000
Costa Rica,CRI,1982,"Service exports (BoP, current US$)",BX.GSR.NFSV.CD,242200000
Costa Rica,CRI,1981,"Service exports (BoP, current US$)",BX.GSR.NFSV.CD,170800000
Costa Rica,CRI,1980,"Service exports (BoP, current US$)",BX.GSR.NFSV.CD,194200000
Costa Rica,CRI,1979,"Service exports (BoP, current US$)",BX.GSR.NFSV.CD,154800000
Costa Rica,CRI,1978,"Service exports (BoP, current US$)",BX.GSR.NFSV.CD,141900000
Costa Rica,CRI,1977,"Service exports (BoP, current US$)",BX.GSR.NFSV.CD,129900000
Costa Rica,CRI,2024,"Exports of goods, services and primary income (BoP, current US$)",BX.GSR.TOTL.CD,38023309976.0884
Costa Rica,CRI,2023,"Exports of goods, services and primary income (BoP, current US$)",BX.GSR.TOTL.CD,34715133856.3778
Costa Rica,CRI,2022,"Exports of goods, services and primary income (BoP, current US$)",BX.GSR.TOTL.CD,29815044117.9964
Costa Rica,CRI,2021,"Exports of goods, services and primary income (BoP, current US$)",BX.GSR.TOTL.CD,23880359538.0637
Costa Rica,CRI,2020,"Exports of goods, services and primary income (BoP, current US$)",BX.GSR.TOTL.CD,20320702084.2318
Costa Rica,CRI,2019,"Exports of goods, services and primary income (BoP, current US$)",BX.GSR.TOTL.CD,23313724811.5655
Costa Rica,CRI,2018,"Exports of goods, services and primary income (BoP, current US$)",BX.GSR.TOTL.CD,22026859927.2891
Costa Rica,CRI,2017,"Exports of goods, services and primary income (BoP, current US$)",BX.GSR.TOTL.CD,19792601955.2307
Costa Rica,CRI,2016,"Exports of goods, services and primary income (BoP, current US$)",BX.GSR.TOTL.CD,19009158600.1027
Costa Rica,CRI,2015,"Exports of goods, services and primary income (BoP, current US$)",BX.GSR.TOTL.CD,17464504666.7111
Costa Rica,CRI,2014,"Exports of goods, services and primary income (BoP, current US$)",BX.GSR.TOTL.CD,16906272222.578
Costa Rica,CRI,2013,"Exports of goods, services and primary income (BoP, current US$)",BX.GSR.TOTL.CD,16061176864.7872
Costa Rica,CRI,2012,"Exports of goods, services and primary income (BoP, current US$)",BX.GSR.TOTL.CD,15434698895.2253
Costa Rica,CRI,2011,"Exports of goods, services and primary income (BoP, current US$)",BX.GSR.TOTL.CD,14378962228.6072
Costa Rica,CRI,2010,"Exports of goods, services and primary income (BoP, current US$)",BX.GSR.TOTL.CD,12785671893.2932
Costa Rica,CRI,2009,"Exports of goods, services and primary income (BoP, current US$)",BX.GSR.TOTL.CD,11067310211.6263
Costa Rica,CRI,2008,"Exports of goods, services and primary income (BoP, current US$)",BX.GSR.TOTL.CD,12568404495.5272
Costa Rica,CRI,2007,"Exports of goods, services and primary income (BoP, current US$)",BX.GSR.TOTL.CD,11533071115.1327
Costa Rica,CRI,2006,"Exports of goods, services and primary income (BoP, current US$)",BX.GSR.TOTL.CD,10350291167.8367
Costa Rica,CRI,2005,"Exports of goods, services and primary income (BoP, current US$)",BX.GSR.TOTL.CD,9085793005.62096
Costa Rica,CRI,2004,"Exports of goods, services and primary income (BoP, current US$)",BX.GSR.TOTL.CD,8101357122.08174
Costa Rica,CRI,2003,"Exports of goods, services and primary income (BoP, current US$)",BX.GSR.TOTL.CD,7223519285.61102
Costa Rica,CRI,2002,"Exports of goods, services and primary income (BoP, current US$)",BX.GSR.TOTL.CD,6711075018.7629
Costa Rica,CRI,2001,"Exports of goods, services and primary income (BoP, current US$)",BX.GSR.TOTL.CD,6748867876.04627
Costa Rica,CRI,2000,"Exports of goods, services and primary income (BoP, current US$)",BX.GSR.TOTL.CD,6828328897.78665
Costa Rica,CRI,1999,"Exports of goods, services and primary income (BoP, current US$)",BX.GSR.TOTL.CD,6417432599.4058
Costa Rica,CRI,1998,"Exports of goods, services and primary income (BoP, current US$)",BX.GSR.TOTL.CD,5435370000
Costa Rica,CRI,1997,"Exports of goods, services and primary income (BoP, current US$)",BX.GSR.TOTL.CD,4498944000
Costa Rica,CRI,1996,"Exports of goods, services and primary income (BoP, current US$)",BX.GSR.TOTL.CD,4207850000
Costa Rica,CRI,1995,"Exports of goods, services and primary income (BoP, current US$)",BX.GSR.TOTL.CD,3840400000
Costa Rica,CRI,1994,"Exports of goods, services and primary income (BoP, current US$)",BX.GSR.TOTL.CD,3471600000
Costa Rica,CRI,1993,"Exports of goods, services and primary income (BoP, current US$)",BX.GSR.TOTL.CD,3017300000
Costa Rica,CRI,1992,"Exports of goods, services and primary income (BoP, current US$)",BX.GSR.TOTL.CD,2693200000
Costa Rica,CRI,1991,"Exports of goods, services and primary income (BoP, current US$)",BX.GSR.TOTL.CD,2300900000
Costa Rica,CRI,1990,"Exports of goods, services and primary income (BoP, current US$)",BX.GSR.TOTL.CD,2093500000
Costa Rica,CRI,1989,"Exports of goods, services and primary income (BoP, current US$)",BX.GSR.TOTL.CD,1951200000
Costa Rica,CRI,1988,"Exports of goods, services and primary income (BoP, current US$)",BX.GSR.TOTL.CD,1658800000
Costa Rica,CRI,1987,"Exports of goods, services and primary income (BoP, current US$)",BX.GSR.TOTL.CD,1492300000
Costa Rica,CRI,1986,"Exports of goods, services and primary income (BoP, current US$)",BX.GSR.TOTL.CD,1440200000
Costa Rica,CRI,1985,"Exports of goods, services and primary income (BoP, current US$)",BX.GSR.TOTL.CD,1270200000
Costa Rica,CRI,1984,"Exports of goods, services and primary income (BoP, current US$)",BX.GSR.TOTL.CD,1313700000
Costa Rica,CRI,1983,"Exports of goods, services and primary income (BoP, current US$)",BX.GSR.TOTL.CD,1172600000
Costa Rica,CRI,1982,"Exports of goods, services and primary income (BoP, current US$)",BX.GSR.TOTL.CD,1143400000
Costa Rica,CRI,1981,"Exports of goods, services and primary income (BoP, current US$)",BX.GSR.TOTL.CD,1199300000
Costa Rica,CRI,1980,"Exports of goods, services and primary income (BoP, current US$)",BX.GSR.TOTL.CD,1218600000
Costa Rica,CRI,1979,"Exports of goods, services and primary income (BoP, current US$)",BX.GSR.TOTL.CD,1111300000
Costa Rica,CRI,1978,"Exports of goods, services and primary income (BoP, current US$)",BX.GSR.TOTL.CD,1025000000
Costa Rica,CRI,1977,"Exports of goods, services and primary income (BoP, current US$)",BX.GSR.TOTL.CD,969100000
Costa Rica,CRI,2024,"Transport services (% of service exports, BoP)",BX.GSR.TRAN.ZS,3.07211998914979
Costa Rica,CRI,2023,"Transport services (% of service exports, BoP)",BX.GSR.TRAN.ZS,3.46018451322566
Costa Rica,CRI,2022,"Transport services (% of service exports, BoP)",BX.GSR.TRAN.ZS,3.91348560144685
Costa Rica,CRI,2021,"Transport services (% of service exports, BoP)",BX.GSR.TRAN.ZS,5.33337905042032
Costa Rica,CRI,2020,"Transport services (% of service exports, BoP)",BX.GSR.TRAN.ZS,6.34978533468788
Costa Rica,CRI,2019,"Transport services (% of service exports, BoP)",BX.GSR.TRAN.ZS,8.51043375097035
Costa Rica,CRI,2018,"Transport services (% of service exports, BoP)",BX.GSR.TRAN.ZS,8.72831446437096
Costa Rica,CRI,2017,"Transport services (% of service exports, BoP)",BX.GSR.TRAN.ZS,5.28909988776316
Costa Rica,CRI,2016,"Transport services (% of service exports, BoP)",BX.GSR.TRAN.ZS,5.89586323876656
Costa Rica,CRI,2015,"Transport services (% of service exports, BoP)",BX.GSR.TRAN.ZS,6.44777272593916
Costa Rica,CRI,2014,"Transport services (% of service exports, BoP)",BX.GSR.TRAN.ZS,6.14072054369222
Costa Rica,CRI,2013,"Transport services (% of service exports, BoP)",BX.GSR.TRAN.ZS,7.7784126120433
Costa Rica,CRI,2012,"Transport services (% of service exports, BoP)",BX.GSR.TRAN.ZS,8.7024240003988
Costa Rica,CRI,2011,"Transport services (% of service exports, BoP)",BX.GSR.TRAN.ZS,8.37414260471485
Costa Rica,CRI,2010,"Transport services (% of service exports, BoP)",BX.GSR.TRAN.ZS,8.12684820957153
Costa Rica,CRI,2009,"Transport services (% of service exports, BoP)",BX.GSR.TRAN.ZS,9.64649327680999
Costa Rica,CRI,2008,"Transport services (% of service exports, BoP)",BX.GSR.TRAN.ZS,9.6493810582331
Costa Rica,CRI,2007,"Transport services (% of service exports, BoP)",BX.GSR.TRAN.ZS,8.98338525722261
Costa Rica,CRI,2006,"Transport services (% of service exports, BoP)",BX.GSR.TRAN.ZS,8.77849451088577
Costa Rica,CRI,2005,"Transport services (% of service exports, BoP)",BX.GSR.TRAN.ZS,8.76919630105929
Costa Rica,CRI,2004,"Transport services (% of service exports, BoP)",BX.GSR.TRAN.ZS,9.16056481931049
Costa Rica,CRI,2003,"Transport services (% of service exports, BoP)",BX.GSR.TRAN.ZS,10.4425430295734
Costa Rica,CRI,2002,"Transport services (% of service exports, BoP)",BX.GSR.TRAN.ZS,11.2091212954946
Costa Rica,CRI,2001,"Transport services (% of service exports, BoP)",BX.GSR.TRAN.ZS,12.2732730201048
Costa Rica,CRI,2000,"Transport services (% of service exports, BoP)",BX.GSR.TRAN.ZS,12.5828057455586
Costa Rica,CRI,1999,"Transport services (% of service exports, BoP)",BX.GSR.TRAN.ZS,6.92037659761403
Costa Rica,CRI,1998,"Transport services (% of service exports, BoP)",BX.GSR.TRAN.ZS,9.65079759052247
Costa Rica,CRI,1997,"Transport services (% of service exports, BoP)",BX.GSR.TRAN.ZS,13.0749239764093
Costa Rica,CRI,1996,"Transport services (% of service exports, BoP)",BX.GSR.TRAN.ZS,11.3395401862056
Costa Rica,CRI,1995,"Transport services (% of service exports, BoP)",BX.GSR.TRAN.ZS,11.9242397296817
Costa Rica,CRI,1994,"Transport services (% of service exports, BoP)",BX.GSR.TRAN.ZS,14.4351464435146
Costa Rica,CRI,1993,"Transport services (% of service exports, BoP)",BX.GSR.TRAN.ZS,14.2211103627442
Costa Rica,CRI,1992,"Transport services (% of service exports, BoP)",BX.GSR.TRAN.ZS,15.8682990609771
Costa Rica,CRI,1991,"Transport services (% of service exports, BoP)",BX.GSR.TRAN.ZS,15.2299681805033
Costa Rica,CRI,1990,"Transport services (% of service exports, BoP)",BX.GSR.TRAN.ZS,15.5993431855501
Costa Rica,CRI,1989,"Transport services (% of service exports, BoP)",BX.GSR.TRAN.ZS,16.1478208475598
Costa Rica,CRI,1988,"Transport services (% of service exports, BoP)",BX.GSR.TRAN.ZS,16.9184290030211
Costa Rica,CRI,1987,"Transport services (% of service exports, BoP)",BX.GSR.TRAN.ZS,16.9089291011569
Costa Rica,CRI,1986,"Transport services (% of service exports, BoP)",BX.GSR.TRAN.ZS,17.9207920792079
Costa Rica,CRI,1985,"Transport services (% of service exports, BoP)",BX.GSR.TRAN.ZS,18.0196578085184
Costa Rica,CRI,1984,"Transport services (% of service exports, BoP)",BX.GSR.TRAN.ZS,22.1651376146789
Costa Rica,CRI,1983,"Transport services (% of service exports, BoP)",BX.GSR.TRAN.ZS,21.2936046511628
Costa Rica,CRI,1982,"Transport services (% of service exports, BoP)",BX.GSR.TRAN.ZS,23.4929810074319
Costa Rica,CRI,1981,"Transport services (% of service exports, BoP)",BX.GSR.TRAN.ZS,19.4964871194379
Costa Rica,CRI,1980,"Transport services (% of service exports, BoP)",BX.GSR.TRAN.ZS,24.8712667353244
Costa Rica,CRI,1979,"Transport services (% of service exports, BoP)",BX.GSR.TRAN.ZS,21.1886304909561
Costa Rica,CRI,1978,"Transport services (% of service exports, BoP)",BX.GSR.TRAN.ZS,19.8731501057082
Costa Rica,CRI,1977,"Transport services (% of service exports, BoP)",BX.GSR.TRAN.ZS,27.0977675134719
Costa Rica,CRI,2024,"Travel services (% of service exports, BoP)",BX.GSR.TRVL.ZS,33.8397543069162
Costa Rica,CRI,2023,"Travel services (% of service exports, BoP)",BX.GSR.TRVL.ZS,32.2235243287815
Costa Rica,CRI,2022,"Travel services (% of service exports, BoP)",BX.GSR.TRVL.ZS,30.69807482709
Costa Rica,CRI,2021,"Travel services (% of service exports, BoP)",BX.GSR.TRVL.ZS,19.5509487989713
Costa Rica,CRI,2020,"Travel services (% of service exports, BoP)",BX.GSR.TRVL.ZS,16.8038833305803
Costa Rica,CRI,2019,"Travel services (% of service exports, BoP)",BX.GSR.TRVL.ZS,36.5481913218079
Costa Rica,CRI,2018,"Travel services (% of service exports, BoP)",BX.GSR.TRVL.ZS,38.6493173450304
Costa Rica,CRI,2017,"Travel services (% of service exports, BoP)",BX.GSR.TRVL.ZS,42.5235332989338
Costa Rica,CRI,2016,"Travel services (% of service exports, BoP)",BX.GSR.TRVL.ZS,42.7351874624099
Costa Rica,CRI,2015,"Travel services (% of service exports, BoP)",BX.GSR.TRVL.ZS,42.4571011905279
Costa Rica,CRI,2014,"Travel services (% of service exports, BoP)",BX.GSR.TRVL.ZS,42.1656909329924
Costa Rica,CRI,2013,"Travel services (% of service exports, BoP)",BX.GSR.TRVL.ZS,42.1360910688874
Costa Rica,CRI,2012,"Travel services (% of service exports, BoP)",BX.GSR.TRVL.ZS,40.7364850578543
Costa Rica,CRI,2011,"Travel services (% of service exports, BoP)",BX.GSR.TRVL.ZS,41.9021971532367
Costa Rica,CRI,2010,"Travel services (% of service exports, BoP)",BX.GSR.TRVL.ZS,44.7291118508005
Costa Rica,CRI,2009,"Travel services (% of service exports, BoP)",BX.GSR.TRVL.ZS,48.8613423407834
Costa Rica,CRI,2008,"Travel services (% of service exports, BoP)",BX.GSR.TRVL.ZS,55.6343051716331
Costa Rica,CRI,2007,"Travel services (% of service exports, BoP)",BX.GSR.TRVL.ZS,54.8462833174708
Costa Rica,CRI,2006,"Travel services (% of service exports, BoP)",BX.GSR.TRVL.ZS,53.1754274372466
Costa Rica,CRI,2005,"Travel services (% of service exports, BoP)",BX.GSR.TRVL.ZS,58.4546141538157
Costa Rica,CRI,2004,"Travel services (% of service exports, BoP)",BX.GSR.TRVL.ZS,58.5573609063852
Costa Rica,CRI,2003,"Travel services (% of service exports, BoP)",BX.GSR.TRVL.ZS,58.7272002451949
Costa Rica,CRI,2002,"Travel services (% of service exports, BoP)",BX.GSR.TRVL.ZS,57.25089087207
Costa Rica,CRI,2001,"Travel services (% of service exports, BoP)",BX.GSR.TRVL.ZS,56.8328384804142
Costa Rica,CRI,2000,"Travel services (% of service exports, BoP)",BX.GSR.TRVL.ZS,63.1409523237355
Costa Rica,CRI,1999,"Travel services (% of service exports, BoP)",BX.GSR.TRVL.ZS,30.5723945768018
Costa Rica,CRI,1998,"Travel services (% of service exports, BoP)",BX.GSR.TRVL.ZS,43.6035244813991
Costa Rica,CRI,1997,"Travel services (% of service exports, BoP)",BX.GSR.TRVL.ZS,52.5901867927255
Costa Rica,CRI,1996,"Travel services (% of service exports, BoP)",BX.GSR.TRVL.ZS,53.9631388941668
Costa Rica,CRI,1995,"Travel services (% of service exports, BoP)",BX.GSR.TRVL.ZS,60.5637560021341
Costa Rica,CRI,1994,"Travel services (% of service exports, BoP)",BX.GSR.TRVL.ZS,53.0376569037657
Costa Rica,CRI,1993,"Travel services (% of service exports, BoP)",BX.GSR.TRVL.ZS,56.5380544597325
Costa Rica,CRI,1992,"Travel services (% of service exports, BoP)",BX.GSR.TRVL.ZS,52.3000118863663
Costa Rica,CRI,1991,"Travel services (% of service exports, BoP)",BX.GSR.TRVL.ZS,49.2334393983222
Costa Rica,CRI,1990,"Travel services (% of service exports, BoP)",BX.GSR.TRVL.ZS,46.7980295566502
Costa Rica,CRI,1989,"Travel services (% of service exports, BoP)",BX.GSR.TRVL.ZS,42.7997589877485
Costa Rica,CRI,1988,"Travel services (% of service exports, BoP)",BX.GSR.TRVL.ZS,42.1798745061585
Costa Rica,CRI,1987,"Travel services (% of service exports, BoP)",BX.GSR.TRVL.ZS,42.9249480866212
Costa Rica,CRI,1986,"Travel services (% of service exports, BoP)",BX.GSR.TRVL.ZS,45.5775577557756
Costa Rica,CRI,1985,"Travel services (% of service exports, BoP)",BX.GSR.TRVL.ZS,44.5941026574445
Costa Rica,CRI,1984,"Travel services (% of service exports, BoP)",BX.GSR.TRVL.ZS,44.3669724770642
Costa Rica,CRI,1983,"Travel services (% of service exports, BoP)",BX.GSR.TRVL.ZS,48.2921511627907
Costa Rica,CRI,1982,"Travel services (% of service exports, BoP)",BX.GSR.TRVL.ZS,54.8720066061107
Costa Rica,CRI,1981,"Travel services (% of service exports, BoP)",BX.GSR.TRVL.ZS,55.9718969555035
Costa Rica,CRI,1980,"Travel services (% of service exports, BoP)",BX.GSR.TRVL.ZS,43.7178166838311
Costa Rica,CRI,1979,"Travel services (% of service exports, BoP)",BX.GSR.TRVL.ZS,47.6744186046512
Costa Rica,CRI,1978,"Travel services (% of service exports, BoP)",BX.GSR.TRVL.ZS,51.0218463706836
Costa Rica,CRI,1977,"Travel services (% of service exports, BoP)",BX.GSR.TRVL.ZS,47.9599692070824
Costa Rica,CRI,2023,"Energy imports, net (% of energy use)",EG.IMP.CONS.ZS,55.4736862475688
Costa Rica,CRI,2022,"Energy imports, net (% of energy use)",EG.IMP.CONS.ZS,53.0876614608071
Costa Rica,CRI,2021,"Energy imports, net (% of energy use)",EG.IMP.CONS.ZS,53.3836972481409
Costa Rica,CRI,2020,"Energy imports, net (% of energy use)",EG.IMP.CONS.ZS,46.8206156292026
Costa Rica,CRI,2019,"Energy imports, net (% of energy use)",EG.IMP.CONS.ZS,57.9638106650688
Costa Rica,CRI,2018,"Energy imports, net (% of energy use)",EG.IMP.CONS.ZS,58.3669186196827
Costa Rica,CRI,2017,"Energy imports, net (% of energy use)",EG.IMP.CONS.ZS,60.5187406296853
Costa Rica,CRI,2016,"Energy imports, net (% of energy use)",EG.IMP.CONS.ZS,56.1061929551092
Costa Rica,CRI,2015,"Energy imports, net (% of energy use)",EG.IMP.CONS.ZS,50.8986034627929
Costa Rica,CRI,2014,"Energy imports, net (% of energy use)",EG.IMP.CONS.ZS,52.250373139599
Costa Rica,CRI,2013,"Energy imports, net (% of energy use)",EG.IMP.CONS.ZS,51.0414477078597
Costa Rica,CRI,2012,"Energy imports, net (% of energy use)",EG.IMP.CONS.ZS,50.2921239753016
Costa Rica,CRI,2011,"Energy imports, net (% of energy use)",EG.IMP.CONS.ZS,54.3483819791988
Costa Rica,CRI,2010,"Energy imports, net (% of energy use)",EG.IMP.CONS.ZS,53.2435695538058
Costa Rica,CRI,2009,"Energy imports, net (% of energy use)",EG.IMP.CONS.ZS,51.8884763483632
Costa Rica,CRI,2008,"Energy imports, net (% of energy use)",EG.IMP.CONS.ZS,57.2668854983053
Costa Rica,CRI,2007,"Energy imports, net (% of energy use)",EG.IMP.CONS.ZS,56.272567056396
Costa Rica,CRI,2006,"Energy imports, net (% of energy use)",EG.IMP.CONS.ZS,54.4819722720156
Costa Rica,CRI,2005,"Energy imports, net (% of energy use)",EG.IMP.CONS.ZS,54.9568327577702
Costa Rica,CRI,2004,"Energy imports, net (% of energy use)",EG.IMP.CONS.ZS,52.0361711839526
Costa Rica,CRI,2003,"Energy imports, net (% of energy use)",EG.IMP.CONS.ZS,62.669800889006
Costa Rica,CRI,2002,"Energy imports, net (% of energy use)",EG.IMP.CONS.ZS,64.2444906705039
Costa Rica,CRI,2001,"Energy imports, net (% of energy use)",EG.IMP.CONS.ZS,65.25215810995
Costa Rica,CRI,2000,"Energy imports, net (% of energy use)",EG.IMP.CONS.ZS,61.4181343661949
Costa Rica,CRI,1999,"Energy imports, net (% of energy use)",EG.IMP.CONS.ZS,71.2334865802912
Costa Rica,CRI,1998,"Energy imports, net (% of energy use)",EG.IMP.CONS.ZS,72.5382734850913
Costa Rica,CRI,1997,"Energy imports, net (% of energy use)",EG.IMP.CONS.ZS,64.9592572669497
Costa Rica,CRI,1996,"Energy imports, net (% of energy use)",EG.IMP.CONS.ZS,66.807883959733
Costa Rica,CRI,1995,"Energy imports, net (% of energy use)",EG.IMP.CONS.ZS,69.9791303643069
Costa Rica,CRI,1994,"Energy imports, net (% of energy use)",EG.IMP.CONS.ZS,66.8854865554995
Costa Rica,CRI,1993,"Energy imports, net (% of energy use)",EG.IMP.CONS.ZS,63.8561825218984
Costa Rica,CRI,1992,"Energy imports, net (% of energy use)",EG.IMP.CONS.ZS,62.7204606158866
Costa Rica,CRI,1991,"Energy imports, net (% of energy use)",EG.IMP.CONS.ZS,60.4469198765266
Costa Rica,CRI,1990,"Energy imports, net (% of energy use)",EG.IMP.CONS.ZS,62.0013387834162
Costa Rica,CRI,2023,Taxes on exports (% of tax revenue),GC.TAX.EXPT.ZS,0.178606723930948
Costa Rica,CRI,2022,Taxes on exports (% of tax revenue),GC.TAX.EXPT.ZS,0.195962516920963
Costa Rica,CRI,2021,Taxes on exports (% of tax revenue),GC.TAX.EXPT.ZS,0.164385090336564
Costa Rica,CRI,2020,Taxes on exports (% of tax revenue),GC.TAX.EXPT.ZS,0.268101935393291
Costa Rica,CRI,2019,Taxes on exports (% of tax revenue),GC.TAX.EXPT.ZS,0.107410045673522
Costa Rica,CRI,2018,Taxes on exports (% of tax revenue),GC.TAX.EXPT.ZS,0.11517060555243
Costa Rica,CRI,2017,Taxes on exports (% of tax revenue),GC.TAX.EXPT.ZS,0.123963938290706
Costa Rica,CRI,2016,Taxes on exports (% of tax revenue),GC.TAX.EXPT.ZS,0.117124332417317
Costa Rica,CRI,2015,Taxes on exports (% of tax revenue),GC.TAX.EXPT.ZS,0.111728368358256
Costa Rica,CRI,2014,Taxes on exports (% of tax revenue),GC.TAX.EXPT.ZS,0.132859583571266
Costa Rica,CRI,2013,Taxes on exports (% of tax revenue),GC.TAX.EXPT.ZS,0.142742095061353
Costa Rica,CRI,2012,Taxes on exports (% of tax revenue),GC.TAX.EXPT.ZS,0.122831099924889
Costa Rica,CRI,2011,Taxes on exports (% of tax revenue),GC.TAX.EXPT.ZS,0.139708596232699
Costa Rica,CRI,2010,Taxes on exports (% of tax revenue),GC.TAX.EXPT.ZS,0.154894962554043
Costa Rica,CRI,2009,Taxes on exports (% of tax revenue),GC.TAX.EXPT.ZS,0.20128834921753
Costa Rica,CRI,2008,Taxes on exports (% of tax revenue),GC.TAX.EXPT.ZS,0.189037776914236
Costa Rica,CRI,2007,Taxes on exports (% of tax revenue),GC.TAX.EXPT.ZS,0.117867012249482
Costa Rica,CRI,2006,Taxes on exports (% of tax revenue),GC.TAX.EXPT.ZS,0.0798900537518615
Costa Rica,CRI,2005,Taxes on exports (% of tax revenue),GC.TAX.EXPT.ZS,0.174520337094569
Costa Rica,CRI,2004,Taxes on exports (% of tax revenue),GC.TAX.EXPT.ZS,0.166242488089782
Costa Rica,CRI,2003,Taxes on exports (% of tax revenue),GC.TAX.EXPT.ZS,0.256574727389352
Costa Rica,CRI,2002,Taxes on exports (% of tax revenue),GC.TAX.EXPT.ZS,0.190605171419256
Costa Rica,CRI,2001,Taxes on exports (% of tax revenue),GC.TAX.EXPT.ZS,0.299145299145299
Costa Rica,CRI,2000,Taxes on exports (% of tax revenue),GC.TAX.EXPT.ZS,0.319811479548897
Costa Rica,CRI,1999,Taxes on exports (% of tax revenue),GC.TAX.EXPT.ZS,1.03206506497149
Costa Rica,CRI,1998,Taxes on exports (% of tax revenue),GC.TAX.EXPT.ZS,1.30503179491724
Costa Rica,CRI,1997,Taxes on exports (% of tax revenue),GC.TAX.EXPT.ZS,1.28076954254371
Costa Rica,CRI,1996,Taxes on exports (% of tax revenue),GC.TAX.EXPT.ZS,1.18690491717751
Costa Rica,CRI,1995,Taxes on exports (% of tax revenue),GC.TAX.EXPT.ZS,4.36626354641118
Costa Rica,CRI,1994,Taxes on exports (% of tax revenue),GC.TAX.EXPT.ZS,2.32241153342071
Costa Rica,CRI,1993,Taxes on exports (% of tax revenue),GC.TAX.EXPT.ZS,2.64072696224919
Costa Rica,CRI,1992,Taxes on exports (% of tax revenue),GC.TAX.EXPT.ZS,4.32009278051609
Costa Rica,CRI,1991,Taxes on exports (% of tax revenue),GC.TAX.EXPT.ZS,5.50016082341589
Costa Rica,CRI,1990,Taxes on exports (% of tax revenue),GC.TAX.EXPT.ZS,12.1283140471657
Costa Rica,CRI,1989,Taxes on exports (% of tax revenue),GC.TAX.EXPT.ZS,18.1771457940723
Costa Rica,CRI,1988,Taxes on exports (% of tax revenue),GC.TAX.EXPT.ZS,17.5807078957604
Costa Rica,CRI,1987,Taxes on exports (% of tax revenue),GC.TAX.EXPT.ZS,15.3396639883126
Costa Rica,CRI,1986,Taxes on exports (% of tax revenue),GC.TAX.EXPT.ZS,13.2762312633833
Costa Rica,CRI,1985,Taxes on exports (% of tax revenue),GC.TAX.EXPT.ZS,11.3056718690521
Costa Rica,CRI,1984,Taxes on exports (% of tax revenue),GC.TAX.EXPT.ZS,13.1304710295957
Costa Rica,CRI,1983,Taxes on exports (% of tax revenue),GC.TAX.EXPT.ZS,17.0223577235772
Costa Rica,CRI,1982,Taxes on exports (% of tax revenue),GC.TAX.EXPT.ZS,26.2560777957861
Costa Rica,CRI,1981,Taxes on exports (% of tax revenue),GC.TAX.EXPT.ZS,26.5912305516266
Costa Rica,CRI,1980,Taxes on exports (% of tax revenue),GC.TAX.EXPT.ZS,11.8503118503119
Costa Rica,CRI,1979,Taxes on exports (% of tax revenue),GC.TAX.EXPT.ZS,12.4087591240876
Costa Rica,CRI,1978,Taxes on exports (% of tax revenue),GC.TAX.EXPT.ZS,12.0418848167539
Costa Rica,CRI,1977,Taxes on exports (% of tax revenue),GC.TAX.EXPT.ZS,14.1975308641975
Costa Rica,CRI,1976,Taxes on exports (% of tax revenue),GC.TAX.EXPT.ZS,14.2857142857143
Costa Rica,CRI,1975,Taxes on exports (% of tax revenue),GC.TAX.EXPT.ZS,16.7464114832536
Costa Rica,CRI,1974,Taxes on exports (% of tax revenue),GC.TAX.EXPT.ZS,12.7777777777778
Costa Rica,CRI,1973,Taxes on exports (% of tax revenue),GC.TAX.EXPT.ZS,1.5748031496063
Costa Rica,CRI,1972,Taxes on exports (% of tax revenue),GC.TAX.EXPT.ZS,2.12765957446809
Costa Rica,CRI,2023,Customs and other import duties (% of tax revenue),GC.TAX.IMPT.ZS,2.58618899469711
Costa Rica,CRI,2022,Customs and other import duties (% of tax revenue),GC.TAX.IMPT.ZS,2.66176039924717
Costa Rica,CRI,2021,Customs and other import duties (% of tax revenue),GC.TAX.IMPT.ZS,3.28790224569081
Costa Rica,CRI,2020,Customs and other import duties (% of tax revenue),GC.TAX.IMPT.ZS,3.08081872083174
Costa Rica,CRI,2019,Customs and other import duties (% of tax revenue),GC.TAX.IMPT.ZS,3.32806609023545
Costa Rica,CRI,2018,Customs and other import duties (% of tax revenue),GC.TAX.IMPT.ZS,3.69388394653721
Costa Rica,CRI,2017,Customs and other import duties (% of tax revenue),GC.TAX.IMPT.ZS,3.93948777208706
Costa Rica,CRI,2016,Customs and other import duties (% of tax revenue),GC.TAX.IMPT.ZS,4.28402088066007
Costa Rica,CRI,2015,Customs and other import duties (% of tax revenue),GC.TAX.IMPT.ZS,4.44845108150302
Costa Rica,CRI,2014,Customs and other import duties (% of tax revenue),GC.TAX.IMPT.ZS,4.74305171611517
Costa Rica,CRI,2013,Customs and other import duties (% of tax revenue),GC.TAX.IMPT.ZS,4.67889424878232
Costa Rica,CRI,2012,Customs and other import duties (% of tax revenue),GC.TAX.IMPT.ZS,5.07595667448597
Costa Rica,CRI,2011,Customs and other import duties (% of tax revenue),GC.TAX.IMPT.ZS,5.33643327507792
Costa Rica,CRI,2010,Customs and other import duties (% of tax revenue),GC.TAX.IMPT.ZS,5.14697968326993
Costa Rica,CRI,2009,Customs and other import duties (% of tax revenue),GC.TAX.IMPT.ZS,5.255486146625
Costa Rica,CRI,2008,Customs and other import duties (% of tax revenue),GC.TAX.IMPT.ZS,6.56360893312171
Costa Rica,CRI,2007,Customs and other import duties (% of tax revenue),GC.TAX.IMPT.ZS,6.70245509298348
Costa Rica,CRI,2006,Customs and other import duties (% of tax revenue),GC.TAX.IMPT.ZS,6.57816787321713
Costa Rica,CRI,2005,Customs and other import duties (% of tax revenue),GC.TAX.IMPT.ZS,6.32025515654375
Costa Rica,CRI,2004,Customs and other import duties (% of tax revenue),GC.TAX.IMPT.ZS,6.26026960674008
Costa Rica,CRI,2003,Customs and other import duties (% of tax revenue),GC.TAX.IMPT.ZS,5.83707504810776
Costa Rica,CRI,2002,Customs and other import duties (% of tax revenue),GC.TAX.IMPT.ZS,6.34514583803576
Costa Rica,CRI,2001,Customs and other import duties (% of tax revenue),GC.TAX.IMPT.ZS,6.4957264957265
Costa Rica,CRI,2000,Customs and other import duties (% of tax revenue),GC.TAX.IMPT.ZS,6.90119508500252
Costa Rica,CRI,1999,Customs and other import duties (% of tax revenue),GC.TAX.IMPT.ZS,7.34224548938955
Costa Rica,CRI,1998,Customs and other import duties (% of tax revenue),GC.TAX.IMPT.ZS,10.9698003678018
Costa Rica,CRI,1997,Customs and other import duties (% of tax revenue),GC.TAX.IMPT.ZS,12.5645113350807
Costa Rica,CRI,1996,Customs and other import duties (% of tax revenue),GC.TAX.IMPT.ZS,11.3082039911308
Costa Rica,CRI,1995,Customs and other import duties (% of tax revenue),GC.TAX.IMPT.ZS,19.3811842311921
Costa Rica,CRI,1994,Customs and other import duties (% of tax revenue),GC.TAX.IMPT.ZS,20.5137614678899
Costa Rica,CRI,1993,Customs and other import duties (% of tax revenue),GC.TAX.IMPT.ZS,21.0099408428371
Costa Rica,CRI,1992,Customs and other import duties (% of tax revenue),GC.TAX.IMPT.ZS,20.9553493766309
Costa Rica,CRI,1991,Customs and other import duties (% of tax revenue),GC.TAX.IMPT.ZS,27.2542082127158
Costa Rica,CRI,1990,Customs and other import duties (% of tax revenue),GC.TAX.IMPT.ZS,27.464479273473
Costa Rica,CRI,1989,Customs and other import duties (% of tax revenue),GC.TAX.IMPT.ZS,38.5643309919479
Costa Rica,CRI,1988,Customs and other import duties (% of tax revenue),GC.TAX.IMPT.ZS,39.7899649941657
Costa Rica,CRI,1987,Customs and other import duties (% of tax revenue),GC.TAX.IMPT.ZS,23.7886535183832
Costa Rica,CRI,1986,Customs and other import duties (% of tax revenue),GC.TAX.IMPT.ZS,21.7191801774243
Costa Rica,CRI,1985,Customs and other import duties (% of tax revenue),GC.TAX.IMPT.ZS,20.4415683288923
Costa Rica,CRI,1984,Customs and other import duties (% of tax revenue),GC.TAX.IMPT.ZS,17.7573989162151
Costa Rica,CRI,1983,Customs and other import duties (% of tax revenue),GC.TAX.IMPT.ZS,8.73983739837398
Costa Rica,CRI,1982,Customs and other import duties (% of tax revenue),GC.TAX.IMPT.ZS,8.0226904376013
Costa Rica,CRI,1981,Customs and other import duties (% of tax revenue),GC.TAX.IMPT.ZS,12.7298444130127
Costa Rica,CRI,1980,Customs and other import duties (% of tax revenue),GC.TAX.IMPT.ZS,17.047817047817
Costa Rica,CRI,1979,Customs and other import duties (% of tax revenue),GC.TAX.IMPT.ZS,18.4914841849148
Costa Rica,CRI,1978,Customs and other import duties (% of tax revenue),GC.TAX.IMPT.ZS,17.2774869109948
Costa Rica,CRI,1977,Customs and other import duties (% of tax revenue),GC.TAX.IMPT.ZS,16.358024691358
Costa Rica,CRI,1976,Customs and other import duties (% of tax revenue),GC.TAX.IMPT.ZS,15.0793650793651
Costa Rica,CRI,1975,Customs and other import duties (% of tax revenue),GC.TAX.IMPT.ZS,15.311004784689
Costa Rica,CRI,1974,Customs and other import duties (% of tax revenue),GC.TAX.IMPT.ZS,20.5555555555556
Costa Rica,CRI,1973,Customs and other import duties (% of tax revenue),GC.TAX.IMPT.ZS,21.259842519685
Costa Rica,CRI,1972,Customs and other import duties (% of tax revenue),GC.TAX.IMPT.ZS,22.3404255319149
Costa Rica,CRI,2023,Average time to clear exports through customs (days),IC.CUS.DURS.EX,4.194301605
Costa Rica,CRI,2010,Average time to clear exports through customs (days),IC.CUS.DURS.EX,8.980855942
Costa Rica,CRI,2005,Average time to clear exports through customs (days),IC.CUS.DURS.EX,3.4
Costa Rica,CRI,2016,"Lead time to export, median case (days)",LP.EXP.DURS.MD,3
Costa Rica,CRI,2014,"Lead time to export, median case (days)",LP.EXP.DURS.MD,1
Costa Rica,CRI,2012,"Lead time to export, median case (days)",LP.EXP.DURS.MD,2
Costa Rica,CRI,2010,"Lead time to export, median case (days)",LP.EXP.DURS.MD,2
Costa Rica,CRI,2007,"Lead time to export, median case (days)",LP.EXP.DURS.MD,4
Costa Rica,CRI,2016,"Lead time to import, median case (days)",LP.IMP.DURS.MD,4
Costa Rica,CRI,2014,"Lead time to import, median case (days)",LP.IMP.DURS.MD,2
Costa Rica,CRI,2012,"Lead time to import, median case (days)",LP.IMP.DURS.MD,1
Costa Rica,CRI,2010,"Lead time to import, median case (days)",LP.IMP.DURS.MD,2
Costa Rica,CRI,2007,"Lead time to import, median case (days)",LP.IMP.DURS.MD,4
Costa Rica,CRI,2022,Logistics performance index: Efficiency of customs clearance process (1=low to 5=high),LP.LPI.CUST.XQ,2.8
Costa Rica,CRI,2018,Logistics performance index: Efficiency of customs clearance process (1=low to 5=high),LP.LPI.CUST.XQ,2.63
Costa Rica,CRI,2016,Logistics performance index: Efficiency of customs clearance process (1=low to 5=high),LP.LPI.CUST.XQ,2.325641
Costa Rica,CRI,2014,Logistics performance index: Efficiency of customs clearance process (1=low to 5=high),LP.LPI.CUST.XQ,2.389128
Costa Rica,CRI,2012,Logistics performance index: Efficiency of customs clearance process (1=low to 5=high),LP.LPI.CUST.XQ,2.47
Costa Rica,CRI,2010,Logistics performance index: Efficiency of customs clearance process (1=low to 5=high),LP.LPI.CUST.XQ,2.61
Costa Rica,CRI,2007,Logistics performance index: Efficiency of customs clearance process (1=low to 5=high),LP.LPI.CUST.XQ,2.49
Costa Rica,CRI,2022,Logistics performance index: Quality of trade and transport-related infrastructure (1=low to 5=high),LP.LPI.INFR.XQ,2.7
Costa Rica,CRI,2018,Logistics performance index: Quality of trade and transport-related infrastructure (1=low to 5=high),LP.LPI.INFR.XQ,2.49
Costa Rica,CRI,2016,Logistics performance index: Quality of trade and transport-related infrastructure (1=low to 5=high),LP.LPI.INFR.XQ,2.317628
Costa Rica,CRI,2014,Logistics performance index: Quality of trade and transport-related infrastructure (1=low to 5=high),LP.LPI.INFR.XQ,2.432331
Costa Rica,CRI,2012,Logistics performance index: Quality of trade and transport-related infrastructure (1=low to 5=high),LP.LPI.INFR.XQ,2.6
Costa Rica,CRI,2010,Logistics performance index: Quality of trade and transport-related infrastructure (1=low to 5=high),LP.LPI.INFR.XQ,2.56
Costa Rica,CRI,2007,Logistics performance index: Quality of trade and transport-related infrastructure (1=low to 5=high),LP.LPI.INFR.XQ,2.43
Costa Rica,CRI,2022,Logistics performance index: Ease of arranging competitively priced shipments (1=low to 5=high),LP.LPI.ITRN.XQ,2.8
Costa Rica,CRI,2018,Logistics performance index: Ease of arranging competitively priced shipments (1=low to 5=high),LP.LPI.ITRN.XQ,2.78
Costa Rica,CRI,2016,Logistics performance index: Ease of arranging competitively priced shipments (1=low to 5=high),LP.LPI.ITRN.XQ,2.893244
Costa Rica,CRI,2014,Logistics performance index: Ease of arranging competitively priced shipments (1=low to 5=high),LP.LPI.ITRN.XQ,2.632331
Costa Rica,CRI,2012,Logistics performance index: Ease of arranging competitively priced shipments (1=low to 5=high),LP.LPI.ITRN.XQ,2.85
Costa Rica,CRI,2010,Logistics performance index: Ease of arranging competitively priced shipments (1=low to 5=high),LP.LPI.ITRN.XQ,2.64
Costa Rica,CRI,2007,Logistics performance index: Ease of arranging competitively priced shipments (1=low to 5=high),LP.LPI.ITRN.XQ,2.53
Costa Rica,CRI,2022,Logistics performance index: Competence and quality of logistics services (1=low to 5=high),LP.LPI.LOGS.XQ,2.9
Costa Rica,CRI,2018,Logistics performance index: Competence and quality of logistics services (1=low to 5=high),LP.LPI.LOGS.XQ,2.7
Costa Rica,CRI,2016,Logistics performance index: Competence and quality of logistics services (1=low to 5=high),LP.LPI.LOGS.XQ,2.551282
Costa Rica,CRI,2014,Logistics performance index: Competence and quality of logistics services (1=low to 5=high),LP.LPI.LOGS.XQ,2.861821
Costa Rica,CRI,2012,Logistics performance index: Competence and quality of logistics services (1=low to 5=high),LP.LPI.LOGS.XQ,2.53
Costa Rica,CRI,2010,Logistics performance index: Competence and quality of logistics services (1=low to 5=high),LP.LPI.LOGS.XQ,2.8
Costa Rica,CRI,2007,Logistics performance index: Competence and quality of logistics services (1=low to 5=high),LP.LPI.LOGS.XQ,2.43
Costa Rica,CRI,2022,Logistics performance index: Overall (1=low to 5=high),LP.LPI.OVRL.XQ,2.9
Costa Rica,CRI,2018,Logistics performance index: Overall (1=low to 5=high),LP.LPI.OVRL.XQ,2.79
Costa Rica,CRI,2016,Logistics performance index: Overall (1=low to 5=high),LP.LPI.OVRL.XQ,2.64897
Costa Rica,CRI,2014,Logistics performance index: Overall (1=low to 5=high),LP.LPI.OVRL.XQ,2.700719
Costa Rica,CRI,2012,Logistics performance index: Overall (1=low to 5=high),LP.LPI.OVRL.XQ,2.75
Costa Rica,CRI,2010,Logistics performance index: Overall (1=low to 5=high),LP.LPI.OVRL.XQ,2.91
Costa Rica,CRI,2007,Logistics performance index: Overall (1=low to 5=high),LP.LPI.OVRL.XQ,2.55
Costa Rica,CRI,2022,Logistics performance index: Frequency with which shipments reach consignee within scheduled or expected time (1=low to 5=high),LP.LPI.TIME.XQ,3.2
Costa Rica,CRI,2018,Logistics performance index: Frequency with which shipments reach consignee within scheduled or expected time (1=low to 5=high),LP.LPI.TIME.XQ,3.16
Costa Rica,CRI,2016,Logistics performance index: Frequency with which shipments reach consignee within scheduled or expected time (1=low to 5=high),LP.LPI.TIME.XQ,2.975127
Costa Rica,CRI,2014,Logistics performance index: Frequency with which shipments reach consignee within scheduled or expected time (1=low to 5=high),LP.LPI.TIME.XQ,3.038596
Costa Rica,CRI,2012,Logistics performance index: Frequency with which shipments reach consignee within scheduled or expected time (1=low to 5=high),LP.LPI.TIME.XQ,3.19
Costa Rica,CRI,2010,Logistics performance index: Frequency with which shipments reach consignee within scheduled or expected time (1=low to 5=high),LP.LPI.TIME.XQ,3.71
Costa Rica,CRI,2007,Logistics performance index: Frequency with which shipments reach consignee within scheduled or expected time (1=low to 5=high),LP.LPI.TIME.XQ,2.89
Costa Rica,CRI,2022,Logistics performance index: Ability to track and trace consignments (1=low to 5=high),LP.LPI.TRAC.XQ,2.9
Costa Rica,CRI,2018,Logistics performance index: Ability to track and trace consignments (1=low to 5=high),LP.LPI.TRAC.XQ,2.96
Costa Rica,CRI,2016,Logistics performance index: Ability to track and trace consignments (1=low to 5=high),LP.LPI.TRAC.XQ,2.773504
Costa Rica,CRI,2014,Logistics performance index: Ability to track and trace consignments (1=low to 5=high),LP.LPI.TRAC.XQ,2.82807
Costa Rica,CRI,2012,Logistics performance index: Ability to track and trace consignments (1=low to 5=high),LP.LPI.TRAC.XQ,2.81
Costa Rica,CRI,2010,Logistics performance index: Ability to track and trace consignments (1=low to 5=high),LP.LPI.TRAC.XQ,3.13
Costa Rica,CRI,2007,Logistics performance index: Ability to track and trace consignments (1=low to 5=high),LP.LPI.TRAC.XQ,2.57
Costa Rica,CRI,2019,Arms imports (SIPRI trend indicator values),MS.MIL.MPRT.KD,8000000
Costa Rica,CRI,2018,Arms imports (SIPRI trend indicator values),MS.MIL.MPRT.KD,0
Costa Rica,CRI,1993,Arms imports (SIPRI trend indicator values),MS.MIL.MPRT.KD,3000000
Costa Rica,CRI,1989,Arms imports (SIPRI trend indicator values),MS.MIL.MPRT.KD,2000000
Costa Rica,CRI,1986,Arms imports (SIPRI trend indicator values),MS.MIL.MPRT.KD,1000000
Costa Rica,CRI,1985,Arms imports (SIPRI trend indicator values),MS.MIL.MPRT.KD,1000000
Costa Rica,CRI,1984,Arms imports (SIPRI trend indicator values),MS.MIL.MPRT.KD,0
Costa Rica,CRI,1980,Arms imports (SIPRI trend indicator values),MS.MIL.MPRT.KD,0
Costa Rica,CRI,1979,Arms imports (SIPRI trend indicator values),MS.MIL.MPRT.KD,2000000
Costa Rica,CRI,1978,Arms imports (SIPRI trend indicator values),MS.MIL.MPRT.KD,6000000
Costa Rica,CRI,1975,Arms imports (SIPRI trend indicator values),MS.MIL.MPRT.KD,3000000
Costa Rica,CRI,1973,Arms imports (SIPRI trend indicator values),MS.MIL.MPRT.KD,1000000
Costa Rica,CRI,1966,Arms imports (SIPRI trend indicator values),MS.MIL.MPRT.KD,0
Costa Rica,CRI,1963,Arms imports (SIPRI trend indicator values),MS.MIL.MPRT.KD,1000000
Costa Rica,CRI,2009,Arms exports (SIPRI trend indicator values),MS.MIL.XPRT.KD,3000000
Costa Rica,CRI,2008,Arms exports (SIPRI trend indicator values),MS.MIL.XPRT.KD,0
Costa Rica,CRI,1969,Arms exports (SIPRI trend indicator values),MS.MIL.XPRT.KD,2000000
Costa Rica,CRI,2024,Exports of goods and services (current US$),NE.EXP.GNFS.CD,36740228685.0677
Costa Rica,CRI,2023,Exports of goods and services (current US$),NE.EXP.GNFS.CD,33661220608.4127
Costa Rica,CRI,2022,Exports of goods and services (current US$),NE.EXP.GNFS.CD,29362895414.1487
Costa Rica,CRI,2021,Exports of goods and services (current US$),NE.EXP.GNFS.CD,23500424068.8745
Costa Rica,CRI,2020,Exports of goods and services (current US$),NE.EXP.GNFS.CD,19908254085.6787
Costa Rica,CRI,2019,Exports of goods and services (current US$),NE.EXP.GNFS.CD,22111572547.4482
Costa Rica,CRI,2018,Exports of goods and services (current US$),NE.EXP.GNFS.CD,21059634092.1827
Costa Rica,CRI,2017,Exports of goods and services (current US$),NE.EXP.GNFS.CD,19826679964.484
Costa Rica,CRI,2016,Exports of goods and services (current US$),NE.EXP.GNFS.CD,18395634999.892
Costa Rica,CRI,2015,Exports of goods and services (current US$),NE.EXP.GNFS.CD,16930125461.6245
Costa Rica,CRI,2014,Exports of goods and services (current US$),NE.EXP.GNFS.CD,16313862242.4614
Costa Rica,CRI,2013,Exports of goods and services (current US$),NE.EXP.GNFS.CD,15586344042.7605
Costa Rica,CRI,2012,Exports of goods and services (current US$),NE.EXP.GNFS.CD,14949441143.6466
Costa Rica,CRI,2011,Exports of goods and services (current US$),NE.EXP.GNFS.CD,13886077279.6014
Costa Rica,CRI,2010,Exports of goods and services (current US$),NE.EXP.GNFS.CD,12363102266.5532
Costa Rica,CRI,2009,Exports of goods and services (current US$),NE.EXP.GNFS.CD,10647949563.1547
Costa Rica,CRI,2008,Exports of goods and services (current US$),NE.EXP.GNFS.CD,11953067325.0592
Costa Rica,CRI,2007,Exports of goods and services (current US$),NE.EXP.GNFS.CD,10910386210.5816
Costa Rica,CRI,2006,Exports of goods and services (current US$),NE.EXP.GNFS.CD,9839017111.19804
Costa Rica,CRI,2005,Exports of goods and services (current US$),NE.EXP.GNFS.CD,8710569530.63531
Costa Rica,CRI,2004,Exports of goods and services (current US$),NE.EXP.GNFS.CD,7855095380.08358
Costa Rica,CRI,2003,Exports of goods and services (current US$),NE.EXP.GNFS.CD,7024720849.34531
Costa Rica,CRI,2002,Exports of goods and services (current US$),NE.EXP.GNFS.CD,6502965357.40092
Costa Rica,CRI,2001,Exports of goods and services (current US$),NE.EXP.GNFS.CD,6471720164.50269
Costa Rica,CRI,2000,Exports of goods and services (current US$),NE.EXP.GNFS.CD,6445399583.37389
Costa Rica,CRI,1999,Exports of goods and services (current US$),NE.EXP.GNFS.CD,6066566857.32288
Costa Rica,CRI,1998,Exports of goods and services (current US$),NE.EXP.GNFS.CD,6015987690.03461
Costa Rica,CRI,1997,Exports of goods and services (current US$),NE.EXP.GNFS.CD,5248818522.7859
Costa Rica,CRI,1996,Exports of goods and services (current US$),NE.EXP.GNFS.CD,4672770398.63271
Costa Rica,CRI,1995,Exports of goods and services (current US$),NE.EXP.GNFS.CD,4414827041.69682
Costa Rica,CRI,1994,Exports of goods and services (current US$),NE.EXP.GNFS.CD,3764266146.35078
Costa Rica,CRI,1993,Exports of goods and services (current US$),NE.EXP.GNFS.CD,3446894147.00927
Costa Rica,CRI,1992,Exports of goods and services (current US$),NE.EXP.GNFS.CD,3027087816.17757
Costa Rica,CRI,1991,Exports of goods and services (current US$),NE.EXP.GNFS.CD,2410492936.11794
Costa Rica,CRI,1990,Exports of goods and services (current US$),NE.EXP.GNFS.CD,1952841380.81713
Costa Rica,CRI,1989,Exports of goods and services (current US$),NE.EXP.GNFS.CD,1830043151.27604
Costa Rica,CRI,1988,Exports of goods and services (current US$),NE.EXP.GNFS.CD,1570096318.77556
Costa Rica,CRI,1987,Exports of goods and services (current US$),NE.EXP.GNFS.CD,1433877648.55823
Costa Rica,CRI,1986,Exports of goods and services (current US$),NE.EXP.GNFS.CD,1384953405.01792
Costa Rica,CRI,1985,Exports of goods and services (current US$),NE.EXP.GNFS.CD,1204104950.49505
Costa Rica,CRI,1984,Exports of goods and services (current US$),NE.EXP.GNFS.CD,1258545325.01444
Costa Rica,CRI,1983,Exports of goods and services (current US$),NE.EXP.GNFS.CD,1134010089.55845
Costa Rica,CRI,1982,Exports of goods and services (current US$),NE.EXP.GNFS.CD,1175167517.59787
Costa Rica,CRI,1981,Exports of goods and services (current US$),NE.EXP.GNFS.CD,1135276476.264
Costa Rica,CRI,1980,Exports of goods and services (current US$),NE.EXP.GNFS.CD,1279264877.47958
Costa Rica,CRI,1979,Exports of goods and services (current US$),NE.EXP.GNFS.CD,1086476079.34656
Costa Rica,CRI,1978,Exports of goods and services (current US$),NE.EXP.GNFS.CD,992882147.024504
Costa Rica,CRI,1977,Exports of goods and services (current US$),NE.EXP.GNFS.CD,948424737.456243
Costa Rica,CRI,1976,Exports of goods and services (current US$),NE.EXP.GNFS.CD,697444574.095683
Costa Rica,CRI,1975,Exports of goods and services (current US$),NE.EXP.GNFS.CD,589474912.485414
Costa Rica,CRI,1974,Exports of goods and services (current US$),NE.EXP.GNFS.CD,552345523.32913
Costa Rica,CRI,1973,Exports of goods and services (current US$),NE.EXP.GNFS.CD,470906267.386296
Costa Rica,CRI,1972,Exports of goods and services (current US$),NE.EXP.GNFS.CD,374287867.370008
Costa Rica,CRI,1971,Exports of goods and services (current US$),NE.EXP.GNFS.CD,288612767.632387
Costa Rica,CRI,1970,Exports of goods and services (current US$),NE.EXP.GNFS.CD,274128301.886792
Costa Rica,CRI,1969,Exports of goods and services (current US$),NE.EXP.GNFS.CD,227033962.264151
Costa Rica,CRI,1968,Exports of goods and services (current US$),NE.EXP.GNFS.CD,214867924.528302
Costa Rica,CRI,1967,Exports of goods and services (current US$),NE.EXP.GNFS.CD,174037735.849057
Costa Rica,CRI,1966,Exports of goods and services (current US$),NE.EXP.GNFS.CD,160407547.169811
Costa Rica,CRI,1965,Exports of goods and services (current US$),NE.EXP.GNFS.CD,133796226.415094
Costa Rica,CRI,1964,Exports of goods and services (current US$),NE.EXP.GNFS.CD,132494248.206794
Costa Rica,CRI,1963,Exports of goods and services (current US$),NE.EXP.GNFS.CD,113065968.932798
Costa Rica,CRI,1962,Exports of goods and services (current US$),NE.EXP.GNFS.CD,108885580.66796
Costa Rica,CRI,1961,Exports of goods and services (current US$),NE.EXP.GNFS.CD,102289846.339259
Costa Rica,CRI,1960,Exports of goods and services (current US$),NE.EXP.GNFS.CD,107517342.937743
Costa Rica,CRI,2024,Exports of goods and services (constant 2015 US$),NE.EXP.GNFS.KD,30939509790.2958
Costa Rica,CRI,2023,Exports of goods and services (constant 2015 US$),NE.EXP.GNFS.KD,29251675039.1147
Costa Rica,CRI,2022,Exports of goods and services (constant 2015 US$),NE.EXP.GNFS.KD,26602271324.2588
Costa Rica,CRI,2021,Exports of goods and services (constant 2015 US$),NE.EXP.GNFS.KD,22449008066.7763
Costa Rica,CRI,2020,Exports of goods and services (constant 2015 US$),NE.EXP.GNFS.KD,19363623473.366
Costa Rica,CRI,2019,Exports of goods and services (constant 2015 US$),NE.EXP.GNFS.KD,21667497333.8254
Costa Rica,CRI,2018,Exports of goods and services (constant 2015 US$),NE.EXP.GNFS.KD,20781883589.5993
Costa Rica,CRI,2017,Exports of goods and services (constant 2015 US$),NE.EXP.GNFS.KD,19812845102.9616
Costa Rica,CRI,2016,Exports of goods and services (constant 2015 US$),NE.EXP.GNFS.KD,18524481409.0338
Costa Rica,CRI,2015,Exports of goods and services (constant 2015 US$),NE.EXP.GNFS.KD,16930125461.6245
Costa Rica,CRI,2014,Exports of goods and services (constant 2015 US$),NE.EXP.GNFS.KD,16454857837.6044
Costa Rica,CRI,2013,Exports of goods and services (constant 2015 US$),NE.EXP.GNFS.KD,15676617846.4622
Costa Rica,CRI,2012,Exports of goods and services (constant 2015 US$),NE.EXP.GNFS.KD,15174121722.6435
Costa Rica,CRI,2011,Exports of goods and services (constant 2015 US$),NE.EXP.GNFS.KD,14374296689.8096
Costa Rica,CRI,2010,Exports of goods and services (constant 2015 US$),NE.EXP.GNFS.KD,13427885345.3946
Costa Rica,CRI,2009,Exports of goods and services (constant 2015 US$),NE.EXP.GNFS.KD,12282263088.6721
Costa Rica,CRI,2008,Exports of goods and services (constant 2015 US$),NE.EXP.GNFS.KD,13417629728.2265
Costa Rica,CRI,2007,Exports of goods and services (constant 2015 US$),NE.EXP.GNFS.KD,13132386503.7785
Costa Rica,CRI,2006,Exports of goods and services (constant 2015 US$),NE.EXP.GNFS.KD,12213567644.5709
Costa Rica,CRI,2005,Exports of goods and services (constant 2015 US$),NE.EXP.GNFS.KD,11304515352.2424
Costa Rica,CRI,2004,Exports of goods and services (constant 2015 US$),NE.EXP.GNFS.KD,10663440250.2335
Costa Rica,CRI,2003,Exports of goods and services (constant 2015 US$),NE.EXP.GNFS.KD,9660370922.2431
Costa Rica,CRI,2002,Exports of goods and services (constant 2015 US$),NE.EXP.GNFS.KD,9141929482.37063
Costa Rica,CRI,2001,Exports of goods and services (constant 2015 US$),NE.EXP.GNFS.KD,8903312092.86989
Costa Rica,CRI,2000,Exports of goods and services (constant 2015 US$),NE.EXP.GNFS.KD,8754312100.28043
Costa Rica,CRI,1999,Exports of goods and services (constant 2015 US$),NE.EXP.GNFS.KD,8562473312.61452
Costa Rica,CRI,1998,Exports of goods and services (constant 2015 US$),NE.EXP.GNFS.KD,8145541922.39497
Costa Rica,CRI,1997,Exports of goods and services (constant 2015 US$),NE.EXP.GNFS.KD,7116567046.52216
Costa Rica,CRI,1996,Exports of goods and services (constant 2015 US$),NE.EXP.GNFS.KD,6547253387.87224
Costa Rica,CRI,1995,Exports of goods and services (constant 2015 US$),NE.EXP.GNFS.KD,6161740511.40468
Costa Rica,CRI,1994,Exports of goods and services (constant 2015 US$),NE.EXP.GNFS.KD,5550198243.7525
Costa Rica,CRI,1993,Exports of goods and services (constant 2015 US$),NE.EXP.GNFS.KD,5339744399.02492
Costa Rica,CRI,1992,Exports of goods and services (constant 2015 US$),NE.EXP.GNFS.KD,4939871231.09447
Costa Rica,CRI,1991,Exports of goods and services (constant 2015 US$),NE.EXP.GNFS.KD,4219666189.07861
Costa Rica,CRI,1990,Exports of goods and services (constant 2015 US$),NE.EXP.GNFS.KD,3874715536.18739
Costa Rica,CRI,1989,Exports of goods and services (constant 2015 US$),NE.EXP.GNFS.KD,3590975747.81313
Costa Rica,CRI,1988,Exports of goods and services (constant 2015 US$),NE.EXP.GNFS.KD,3093706820.68114
Costa Rica,CRI,1987,Exports of goods and services (constant 2015 US$),NE.EXP.GNFS.KD,2881348886.40307
Costa Rica,CRI,1986,Exports of goods and services (constant 2015 US$),NE.EXP.GNFS.KD,2382292330.73235
Costa Rica,CRI,1985,Exports of goods and services (constant 2015 US$),NE.EXP.GNFS.KD,2298890216.1123
Costa Rica,CRI,1984,Exports of goods and services (constant 2015 US$),NE.EXP.GNFS.KD,2394497518.29784
Costa Rica,CRI,1983,Exports of goods and services (constant 2015 US$),NE.EXP.GNFS.KD,2151873184.90574
Costa Rica,CRI,1982,Exports of goods and services (constant 2015 US$),NE.EXP.GNFS.KD,2180475240.46894
Costa Rica,CRI,1981,Exports of goods and services (constant 2015 US$),NE.EXP.GNFS.KD,2306348941.76851
Costa Rica,CRI,1980,Exports of goods and services (constant 2015 US$),NE.EXP.GNFS.KD,2075559941.68254
Costa Rica,CRI,1979,Exports of goods and services (constant 2015 US$),NE.EXP.GNFS.KD,2169811111.99462
Costa Rica,CRI,1978,Exports of goods and services (constant 2015 US$),NE.EXP.GNFS.KD,2101326448.687
Costa Rica,CRI,1977,Exports of goods and services (constant 2015 US$),NE.EXP.GNFS.KD,1911344691.72973
Costa Rica,CRI,1976,Exports of goods and services (constant 2015 US$),NE.EXP.GNFS.KD,1767224851.31173
Costa Rica,CRI,1975,Exports of goods and services (constant 2015 US$),NE.EXP.GNFS.KD,1676364011.03548
Costa Rica,CRI,1974,Exports of goods and services (constant 2015 US$),NE.EXP.GNFS.KD,1710082382.57363
Costa Rica,CRI,1973,Exports of goods and services (constant 2015 US$),NE.EXP.GNFS.KD,1577859517.95572
Costa Rica,CRI,1972,Exports of goods and services (constant 2015 US$),NE.EXP.GNFS.KD,1464622500.55235
Costa Rica,CRI,1971,Exports of goods and services (constant 2015 US$),NE.EXP.GNFS.KD,1248072885.87729
Costa Rica,CRI,1970,Exports of goods and services (constant 2015 US$),NE.EXP.GNFS.KD,1157828469.18468
Costa Rica,CRI,1969,Exports of goods and services (constant 2015 US$),NE.EXP.GNFS.KD,1011427861.49133
Costa Rica,CRI,1968,Exports of goods and services (constant 2015 US$),NE.EXP.GNFS.KD,920443736.456088
Costa Rica,CRI,1967,Exports of goods and services (constant 2015 US$),NE.EXP.GNFS.KD,703894121.781027
Costa Rica,CRI,1966,Exports of goods and services (constant 2015 US$),NE.EXP.GNFS.KD,655073371.76555
Costa Rica,CRI,1965,Exports of goods and services (constant 2015 US$),NE.EXP.GNFS.KD,538261097.425586
Costa Rica,CRI,1964,Exports of goods and services (constant 2015 US$),NE.EXP.GNFS.KD,526672333.531779
Costa Rica,CRI,1963,Exports of goods and services (constant 2015 US$),NE.EXP.GNFS.KD,587020205.087981
Costa Rica,CRI,1962,Exports of goods and services (constant 2015 US$),NE.EXP.GNFS.KD,455228836.976861
Costa Rica,CRI,1961,Exports of goods and services (constant 2015 US$),NE.EXP.GNFS.KD,408627211.954084
Costa Rica,CRI,1960,Exports of goods and services (constant 2015 US$),NE.EXP.GNFS.KD,412942177.233318
Costa Rica,CRI,2024,Exports of goods and services (annual % growth),NE.EXP.GNFS.KD.ZG,5.77004478862864
Costa Rica,CRI,2023,Exports of goods and services (annual % growth),NE.EXP.GNFS.KD.ZG,9.95931393437053
Costa Rica,CRI,2022,Exports of goods and services (annual % growth),NE.EXP.GNFS.KD.ZG,18.5008764980985
Costa Rica,CRI,2021,Exports of goods and services (annual % growth),NE.EXP.GNFS.KD.ZG,15.9339216529083
Costa Rica,CRI,2020,Exports of goods and services (annual % growth),NE.EXP.GNFS.KD.ZG,-10.6328563237564
Costa Rica,CRI,2019,Exports of goods and services (annual % growth),NE.EXP.GNFS.KD.ZG,4.26147004629227
Costa Rica,CRI,2018,Exports of goods and services (annual % growth),NE.EXP.GNFS.KD.ZG,4.89096079640217
Costa Rica,CRI,2017,Exports of goods and services (annual % growth),NE.EXP.GNFS.KD.ZG,6.95492448873365
Costa Rica,CRI,2016,Exports of goods and services (annual % growth),NE.EXP.GNFS.KD.ZG,9.4172718980921
Costa Rica,CRI,2015,Exports of goods and services (annual % growth),NE.EXP.GNFS.KD.ZG,2.88831194234885
Costa Rica,CRI,2014,Exports of goods and services (annual % growth),NE.EXP.GNFS.KD.ZG,4.96433604980618
Costa Rica,CRI,2013,Exports of goods and services (annual % growth),NE.EXP.GNFS.KD.ZG,3.31153349764458
Costa Rica,CRI,2012,Exports of goods and services (annual % growth),NE.EXP.GNFS.KD.ZG,5.56427246559392
Costa Rica,CRI,2011,Exports of goods and services (annual % growth),NE.EXP.GNFS.KD.ZG,7.0481041509608
Costa Rica,CRI,2010,Exports of goods and services (annual % growth),NE.EXP.GNFS.KD.ZG,9.32745250978337
Costa Rica,CRI,2009,Exports of goods and services (annual % growth),NE.EXP.GNFS.KD.ZG,-8.4617526534214
Costa Rica,CRI,2008,Exports of goods and services (annual % growth),NE.EXP.GNFS.KD.ZG,2.17205931584421
Costa Rica,CRI,2007,Exports of goods and services (annual % growth),NE.EXP.GNFS.KD.ZG,7.52293585253985
Costa Rica,CRI,2006,Exports of goods and services (annual % growth),NE.EXP.GNFS.KD.ZG,8.04149726019115
Costa Rica,CRI,2005,Exports of goods and services (annual % growth),NE.EXP.GNFS.KD.ZG,6.01189753930427
Costa Rica,CRI,2004,Exports of goods and services (annual % growth),NE.EXP.GNFS.KD.ZG,10.3833417584494
Costa Rica,CRI,2003,Exports of goods and services (annual % growth),NE.EXP.GNFS.KD.ZG,5.67102864742326
Costa Rica,CRI,2002,Exports of goods and services (annual % growth),NE.EXP.GNFS.KD.ZG,2.68009687868671
Costa Rica,CRI,2001,Exports of goods and services (annual % growth),NE.EXP.GNFS.KD.ZG,1.70201828404863
Costa Rica,CRI,2000,Exports of goods and services (annual % growth),NE.EXP.GNFS.KD.ZG,2.24045997764797
Costa Rica,CRI,1999,Exports of goods and services (annual % growth),NE.EXP.GNFS.KD.ZG,5.11852242848643
Costa Rica,CRI,1998,Exports of goods and services (annual % growth),NE.EXP.GNFS.KD.ZG,14.4588657585354
Costa Rica,CRI,1997,Exports of goods and services (annual % growth),NE.EXP.GNFS.KD.ZG,8.69545784961498
Costa Rica,CRI,1996,Exports of goods and services (annual % growth),NE.EXP.GNFS.KD.ZG,6.25655812272554
Costa Rica,CRI,1995,Exports of goods and services (annual % growth),NE.EXP.GNFS.KD.ZG,11.0183860250497
Costa Rica,CRI,1994,Exports of goods and services (annual % growth),NE.EXP.GNFS.KD.ZG,3.94127188496161
Costa Rica,CRI,1993,Exports of goods and services (annual % growth),NE.EXP.GNFS.KD.ZG,8.09480954510346
Costa Rica,CRI,1992,Exports of goods and services (annual % growth),NE.EXP.GNFS.KD.ZG,17.0678202906167
Costa Rica,CRI,1991,Exports of goods and services (annual % growth),NE.EXP.GNFS.KD.ZG,8.90260587311771
Costa Rica,CRI,1990,Exports of goods and services (annual % growth),NE.EXP.GNFS.KD.ZG,7.9014676873564
Costa Rica,CRI,1989,Exports of goods and services (annual % growth),NE.EXP.GNFS.KD.ZG,16.0735633967574
Costa Rica,CRI,1988,Exports of goods and services (annual % growth),NE.EXP.GNFS.KD.ZG,7.37008750589632
Costa Rica,CRI,1987,Exports of goods and services (annual % growth),NE.EXP.GNFS.KD.ZG,20.9485859158731
Costa Rica,CRI,1986,Exports of goods and services (annual % growth),NE.EXP.GNFS.KD.ZG,3.6279294259248
Costa Rica,CRI,1985,Exports of goods and services (annual % growth),NE.EXP.GNFS.KD.ZG,-3.99279186781145
Costa Rica,CRI,1984,Exports of goods and services (annual % growth),NE.EXP.GNFS.KD.ZG,11.2750293601867
Costa Rica,CRI,1983,Exports of goods and services (annual % growth),NE.EXP.GNFS.KD.ZG,-1.31173493889565
Costa Rica,CRI,1982,Exports of goods and services (annual % growth),NE.EXP.GNFS.KD.ZG,-5.45770412360305
Costa Rica,CRI,1981,Exports of goods and services (annual % growth),NE.EXP.GNFS.KD.ZG,11.1193608746795
Costa Rica,CRI,1980,Exports of goods and services (annual % growth),NE.EXP.GNFS.KD.ZG,-4.3437500062132
Costa Rica,CRI,1979,Exports of goods and services (annual % growth),NE.EXP.GNFS.KD.ZG,3.25911584801177
Costa Rica,CRI,1978,Exports of goods and services (annual % growth),NE.EXP.GNFS.KD.ZG,9.93969103423942
Costa Rica,CRI,1977,Exports of goods and services (annual % growth),NE.EXP.GNFS.KD.ZG,8.15515016728212
Costa Rica,CRI,1976,Exports of goods and services (annual % growth),NE.EXP.GNFS.KD.ZG,5.42011398945104
Costa Rica,CRI,1975,Exports of goods and services (annual % growth),NE.EXP.GNFS.KD.ZG,-1.97173960048698
Costa Rica,CRI,1974,Exports of goods and services (annual % growth),NE.EXP.GNFS.KD.ZG,8.37988826719007
Costa Rica,CRI,1973,Exports of goods and services (annual % growth),NE.EXP.GNFS.KD.ZG,7.73148148145086
Costa Rica,CRI,1972,Exports of goods and services (annual % growth),NE.EXP.GNFS.KD.ZG,17.3507186259274
Costa Rica,CRI,1971,Exports of goods and services (annual % growth),NE.EXP.GNFS.KD.ZG,7.7942820628824
Costa Rica,CRI,1970,Exports of goods and services (annual % growth),NE.EXP.GNFS.KD.ZG,14.4746465138387
Costa Rica,CRI,1969,Exports of goods and services (annual % growth),NE.EXP.GNFS.KD.ZG,9.88481114397666
Costa Rica,CRI,1968,Exports of goods and services (annual % growth),NE.EXP.GNFS.KD.ZG,30.7645152835112
Costa Rica,CRI,1967,Exports of goods and services (annual % growth),NE.EXP.GNFS.KD.ZG,7.45271478275717
Costa Rica,CRI,1966,Exports of goods and services (annual % growth),NE.EXP.GNFS.KD.ZG,21.7017865304881
Costa Rica,CRI,1965,Exports of goods and services (annual % growth),NE.EXP.GNFS.KD.ZG,2.20037453194008
Costa Rica,CRI,1964,Exports of goods and services (annual % growth),NE.EXP.GNFS.KD.ZG,-10.2803738326448
Costa Rica,CRI,1963,Exports of goods and services (annual % growth),NE.EXP.GNFS.KD.ZG,28.9505754921714
Costa Rica,CRI,1962,Exports of goods and services (annual % growth),NE.EXP.GNFS.KD.ZG,11.404435059507
Costa Rica,CRI,1961,Exports of goods and services (annual % growth),NE.EXP.GNFS.KD.ZG,-1.0449320793881
Costa Rica,CRI,2024,Exports of goods and services (% of GDP),NE.EXP.GNFS.ZS,38.5317940508727
Costa Rica,CRI,2023,Exports of goods and services (% of GDP),NE.EXP.GNFS.ZS,38.9156320351955
Costa Rica,CRI,2022,Exports of goods and services (% of GDP),NE.EXP.GNFS.ZS,42.4051961143561
Costa Rica,CRI,2021,Exports of goods and services (% of GDP),NE.EXP.GNFS.ZS,36.1763570268875
Costa Rica,CRI,2020,Exports of goods and services (% of GDP),NE.EXP.GNFS.ZS,31.9064976577611
Costa Rica,CRI,2019,Exports of goods and services (% of GDP),NE.EXP.GNFS.ZS,34.3253215592844
Costa Rica,CRI,2018,Exports of goods and services (% of GDP),NE.EXP.GNFS.ZS,33.7385107761818
Costa Rica,CRI,2017,Exports of goods and services (% of GDP),NE.EXP.GNFS.ZS,32.7626831479388
Costa Rica,CRI,2016,Exports of goods and services (% of GDP),NE.EXP.GNFS.ZS,31.2600963003508
Costa Rica,CRI,2015,Exports of goods and services (% of GDP),NE.EXP.GNFS.ZS,29.9956578647466
Costa Rica,CRI,2014,Exports of goods and services (% of GDP),NE.EXP.GNFS.ZS,31.3629152834921
Costa Rica,CRI,2013,Exports of goods and services (% of GDP),NE.EXP.GNFS.ZS,30.5916493613046
Costa Rica,CRI,2012,Exports of goods and services (% of GDP),NE.EXP.GNFS.ZS,31.6513173358041
Costa Rica,CRI,2011,Exports of goods and services (% of GDP),NE.EXP.GNFS.ZS,32.4724708769385
Costa Rica,CRI,2010,Exports of goods and services (% of GDP),NE.EXP.GNFS.ZS,32.829411346601
Costa Rica,CRI,2009,Exports of goods and services (% of GDP),NE.EXP.GNFS.ZS,34.6323050259288
Costa Rica,CRI,2008,Exports of goods and services (% of GDP),NE.EXP.GNFS.ZS,38.8064606509756
Costa Rica,CRI,2007,Exports of goods and services (% of GDP),NE.EXP.GNFS.ZS,40.5821375084213
Costa Rica,CRI,2006,Exports of goods and services (% of GDP),NE.EXP.GNFS.ZS,43.3140351086932
Costa Rica,CRI,2005,Exports of goods and services (% of GDP),NE.EXP.GNFS.ZS,43.4645223606983
Costa Rica,CRI,2004,Exports of goods and services (% of GDP),NE.EXP.GNFS.ZS,42.2076534629626
Costa Rica,CRI,2003,Exports of goods and services (% of GDP),NE.EXP.GNFS.ZS,40.6717129184331
Costa Rica,CRI,2002,Exports of goods and services (% of GDP),NE.EXP.GNFS.ZS,39.2245352070616
Costa Rica,CRI,2001,Exports of goods and services (% of GDP),NE.EXP.GNFS.ZS,40.5085725030293
Costa Rica,CRI,2000,Exports of goods and services (% of GDP),NE.EXP.GNFS.ZS,42.9303221707385
Costa Rica,CRI,1999,Exports of goods and services (% of GDP),NE.EXP.GNFS.ZS,42.5578657574203
Costa Rica,CRI,1998,Exports of goods and services (% of GDP),NE.EXP.GNFS.ZS,43.9628410453671
Costa Rica,CRI,1997,Exports of goods and services (% of GDP),NE.EXP.GNFS.ZS,41.609068314288
Costa Rica,CRI,1996,Exports of goods and services (% of GDP),NE.EXP.GNFS.ZS,40.0119930195513
Costa Rica,CRI,1995,Exports of goods and services (% of GDP),NE.EXP.GNFS.ZS,38.1292145023082
Costa Rica,CRI,1994,Exports of goods and services (% of GDP),NE.EXP.GNFS.ZS,35.884658668301
Costa Rica,CRI,1993,Exports of goods and services (% of GDP),NE.EXP.GNFS.ZS,36.0372238835064
Costa Rica,CRI,1992,Exports of goods and services (% of GDP),NE.EXP.GNFS.ZS,35.2817522363199
Costa Rica,CRI,1991,Exports of goods and services (% of GDP),NE.EXP.GNFS.ZS,33.4061064318297
Costa Rica,CRI,1990,Exports of goods and services (% of GDP),NE.EXP.GNFS.ZS,34.1902683361643
Costa Rica,CRI,1989,Exports of goods and services (% of GDP),NE.EXP.GNFS.ZS,34.8511554182602
Costa Rica,CRI,1988,Exports of goods and services (% of GDP),NE.EXP.GNFS.ZS,34.0243172983118
Costa Rica,CRI,1987,Exports of goods and services (% of GDP),NE.EXP.GNFS.ZS,31.6323145191391
Costa Rica,CRI,1986,Exports of goods and services (% of GDP),NE.EXP.GNFS.ZS,31.3409925326254
Costa Rica,CRI,1985,Exports of goods and services (% of GDP),NE.EXP.GNFS.ZS,30.7232020242543
Costa Rica,CRI,1984,Exports of goods and services (% of GDP),NE.EXP.GNFS.ZS,34.3819953144238
Costa Rica,CRI,1983,Exports of goods and services (% of GDP),NE.EXP.GNFS.ZS,36.0372426806069
Costa Rica,CRI,1982,Exports of goods and services (% of GDP),NE.EXP.GNFS.ZS,45.083898499245
Costa Rica,CRI,1981,Exports of goods and services (% of GDP),NE.EXP.GNFS.ZS,43.2683564589034
Costa Rica,CRI,1980,Exports of goods and services (% of GDP),NE.EXP.GNFS.ZS,26.4778828613999
Costa Rica,CRI,1979,Exports of goods and services (% of GDP),NE.EXP.GNFS.ZS,26.922831792551
Costa Rica,CRI,1978,Exports of goods and services (% of GDP),NE.EXP.GNFS.ZS,28.1811893823121
Costa Rica,CRI,1977,Exports of goods and services (% of GDP),NE.EXP.GNFS.ZS,30.8689102619549
Costa Rica,CRI,1976,Exports of goods and services (% of GDP),NE.EXP.GNFS.ZS,28.9089554837586
Costa Rica,CRI,1975,Exports of goods and services (% of GDP),NE.EXP.GNFS.ZS,30.0620070103543
Costa Rica,CRI,1974,Exports of goods and services (% of GDP),NE.EXP.GNFS.ZS,33.1431557400906
Costa Rica,CRI,1973,Exports of goods and services (% of GDP),NE.EXP.GNFS.ZS,30.7998107651754
Costa Rica,CRI,1972,Exports of goods and services (% of GDP),NE.EXP.GNFS.ZS,30.2271233476959
Costa Rica,CRI,1971,Exports of goods and services (% of GDP),NE.EXP.GNFS.ZS,26.7941723466795
Costa Rica,CRI,1970,Exports of goods and services (% of GDP),NE.EXP.GNFS.ZS,27.835084001382
Costa Rica,CRI,1969,Exports of goods and services (% of GDP),NE.EXP.GNFS.ZS,26.5962897353582
Costa Rica,CRI,1968,Exports of goods and services (% of GDP),NE.EXP.GNFS.ZS,27.7663999798389
Costa Rica,CRI,1967,Exports of goods and services (% of GDP),NE.EXP.GNFS.ZS,24.8818484455459
Costa Rica,CRI,1966,Exports of goods and services (% of GDP),NE.EXP.GNFS.ZS,24.7808051851882
Costa Rica,CRI,1965,Exports of goods and services (% of GDP),NE.EXP.GNFS.ZS,22.5633181843799
Costa Rica,CRI,1964,Exports of goods and services (% of GDP),NE.EXP.GNFS.ZS,24.419375376157
Costa Rica,CRI,1963,Exports of goods and services (% of GDP),NE.EXP.GNFS.ZS,22.0874188252842
Costa Rica,CRI,1962,Exports of goods and services (% of GDP),NE.EXP.GNFS.ZS,22.7232758773268
Costa Rica,CRI,1961,Exports of goods and services (% of GDP),NE.EXP.GNFS.ZS,20.8616343142921
Costa Rica,CRI,1960,Exports of goods and services (% of GDP),NE.EXP.GNFS.ZS,21.185106017472
Costa Rica,CRI,2024,Imports of goods and services (current US$),NE.IMP.GNFS.CD,31274194799.5316
Costa Rica,CRI,2023,Imports of goods and services (current US$),NE.IMP.GNFS.CD,29025566715.685
Costa Rica,CRI,2022,Imports of goods and services (current US$),NE.IMP.GNFS.CD,27574429707.1895
Costa Rica,CRI,2021,Imports of goods and services (current US$),NE.IMP.GNFS.CD,22479844457.5543
Costa Rica,CRI,2020,Imports of goods and services (current US$),NE.IMP.GNFS.CD,17616395250.9298
Costa Rica,CRI,2019,Imports of goods and services (current US$),NE.IMP.GNFS.CD,20249829012.3759
Costa Rica,CRI,2018,Imports of goods and services (current US$),NE.IMP.GNFS.CD,20727758848.7332
Costa Rica,CRI,2017,Imports of goods and services (current US$),NE.IMP.GNFS.CD,19552292621.946
Costa Rica,CRI,2016,Imports of goods and services (current US$),NE.IMP.GNFS.CD,18194546245.7351
Costa Rica,CRI,2015,Imports of goods and services (current US$),NE.IMP.GNFS.CD,17360351863.9769
Costa Rica,CRI,2014,Imports of goods and services (current US$),NE.IMP.GNFS.CD,17596280761.0821
Costa Rica,CRI,2013,Imports of goods and services (current US$),NE.IMP.GNFS.CD,17055279990.4693
Costa Rica,CRI,2012,Imports of goods and services (current US$),NE.IMP.GNFS.CD,16718693908.2029
Costa Rica,CRI,2011,Imports of goods and services (current US$),NE.IMP.GNFS.CD,15465815787.5627
Costa Rica,CRI,2010,Imports of goods and services (current US$),NE.IMP.GNFS.CD,13061016983.6267
Costa Rica,CRI,2009,Imports of goods and services (current US$),NE.IMP.GNFS.CD,10800050971.069
Costa Rica,CRI,2008,Imports of goods and services (current US$),NE.IMP.GNFS.CD,14660106901.6264
Costa Rica,CRI,2007,Imports of goods and services (current US$),NE.IMP.GNFS.CD,12333210825.522
Costa Rica,CRI,2006,Imports of goods and services (current US$),NE.IMP.GNFS.CD,10562844259.1687
Costa Rica,CRI,2005,Imports of goods and services (current US$),NE.IMP.GNFS.CD,9170225548.46405
Costa Rica,CRI,2004,Imports of goods and services (current US$),NE.IMP.GNFS.CD,8011642171.12324
Costa Rica,CRI,2003,Imports of goods and services (current US$),NE.IMP.GNFS.CD,7367441232.12763
Costa Rica,CRI,2002,Imports of goods and services (current US$),NE.IMP.GNFS.CD,6828718281.64082
Costa Rica,CRI,2001,Imports of goods and services (current US$),NE.IMP.GNFS.CD,6445457524.55378
Costa Rica,CRI,2000,Imports of goods and services (current US$),NE.IMP.GNFS.CD,6545131998.11804
Costa Rica,CRI,1999,Imports of goods and services (current US$),NE.IMP.GNFS.CD,6411945482.70792
Costa Rica,CRI,1998,Imports of goods and services (current US$),NE.IMP.GNFS.CD,6578730704.14868
Costa Rica,CRI,1997,Imports of goods and services (current US$),NE.IMP.GNFS.CD,5803238051.59071
Costa Rica,CRI,1996,Imports of goods and services (current US$),NE.IMP.GNFS.CD,5143782042.75191
Costa Rica,CRI,1995,Imports of goods and services (current US$),NE.IMP.GNFS.CD,4821924110.67194
Costa Rica,CRI,1994,Imports of goods and services (current US$),NE.IMP.GNFS.CD,4417576370.52605
Costa Rica,CRI,1993,Imports of goods and services (current US$),NE.IMP.GNFS.CD,4143010842.45998
Costa Rica,CRI,1992,Imports of goods and services (current US$),NE.IMP.GNFS.CD,3501782568.15135
Costa Rica,CRI,1991,Imports of goods and services (current US$),NE.IMP.GNFS.CD,2744397951.67895
Costa Rica,CRI,1990,Imports of goods and services (current US$),NE.IMP.GNFS.CD,2347212147.695
Costa Rica,CRI,1989,Imports of goods and services (current US$),NE.IMP.GNFS.CD,2033817038.58957
Costa Rica,CRI,1988,Imports of goods and services (current US$),NE.IMP.GNFS.CD,1652553107.27009
Costa Rica,CRI,1987,Imports of goods and services (current US$),NE.IMP.GNFS.CD,1621277680.42058
Costa Rica,CRI,1986,Imports of goods and services (current US$),NE.IMP.GNFS.CD,1347578853.0466
Costa Rica,CRI,1985,Imports of goods and services (current US$),NE.IMP.GNFS.CD,1272805940.59406
Costa Rica,CRI,1984,Imports of goods and services (current US$),NE.IMP.GNFS.CD,1243520405.00232
Costa Rica,CRI,1983,Imports of goods and services (current US$),NE.IMP.GNFS.CD,1157473273.51836
Costa Rica,CRI,1982,Imports of goods and services (current US$),NE.IMP.GNFS.CD,1099079476.92854
Costa Rica,CRI,1981,Imports of goods and services (current US$),NE.IMP.GNFS.CD,1264048112.48351
Costa Rica,CRI,1980,Imports of goods and services (current US$),NE.IMP.GNFS.CD,1778891481.91365
Costa Rica,CRI,1979,Imports of goods and services (current US$),NE.IMP.GNFS.CD,1500945157.52625
Costa Rica,CRI,1978,Imports of goods and services (current US$),NE.IMP.GNFS.CD,1269463243.87398
Costa Rica,CRI,1977,Imports of goods and services (current US$),NE.IMP.GNFS.CD,1116359393.23221
Costa Rica,CRI,1976,Imports of goods and services (current US$),NE.IMP.GNFS.CD,842240373.395566
Costa Rica,CRI,1975,Imports of goods and services (current US$),NE.IMP.GNFS.CD,755869311.551925
Costa Rica,CRI,1974,Imports of goods and services (current US$),NE.IMP.GNFS.CD,801954602.774275
Costa Rica,CRI,1973,Imports of goods and services (current US$),NE.IMP.GNFS.CD,563763567.140552
Costa Rica,CRI,1972,Imports of goods and services (current US$),NE.IMP.GNFS.CD,453262999.246421
Costa Rica,CRI,1971,Imports of goods and services (current US$),NE.IMP.GNFS.CD,399678048.028074
Costa Rica,CRI,1970,Imports of goods and services (current US$),NE.IMP.GNFS.CD,340543396.226415
Costa Rica,CRI,1969,Imports of goods and services (current US$),NE.IMP.GNFS.CD,272754716.981132
Costa Rica,CRI,1968,Imports of goods and services (current US$),NE.IMP.GNFS.CD,251154716.981132
Costa Rica,CRI,1967,Imports of goods and services (current US$),NE.IMP.GNFS.CD,218369811.320755
Costa Rica,CRI,1966,Imports of goods and services (current US$),NE.IMP.GNFS.CD,199200000
Costa Rica,CRI,1965,Imports of goods and services (current US$),NE.IMP.GNFS.CD,196800000
Costa Rica,CRI,1964,Imports of goods and services (current US$),NE.IMP.GNFS.CD,155005187.891911
Costa Rica,CRI,1963,Imports of goods and services (current US$),NE.IMP.GNFS.CD,138870092.179065
Costa Rica,CRI,1962,Imports of goods and services (current US$),NE.IMP.GNFS.CD,124825190.598638
Costa Rica,CRI,1961,Imports of goods and services (current US$),NE.IMP.GNFS.CD,122861638.37836
Costa Rica,CRI,1960,Imports of goods and services (current US$),NE.IMP.GNFS.CD,132338590.919575
Costa Rica,CRI,2024,Imports of goods and services (constant 2015 US$),NE.IMP.GNFS.KD,24979707419.4303
Costa Rica,CRI,2023,Imports of goods and services (constant 2015 US$),NE.IMP.GNFS.KD,23567091960.6507
Costa Rica,CRI,2022,Imports of goods and services (constant 2015 US$),NE.IMP.GNFS.KD,22404232700.1183
Costa Rica,CRI,2021,Imports of goods and services (constant 2015 US$),NE.IMP.GNFS.KD,20722063988.3684
Costa Rica,CRI,2020,Imports of goods and services (constant 2015 US$),NE.IMP.GNFS.KD,17377542401.1957
Costa Rica,CRI,2019,Imports of goods and services (constant 2015 US$),NE.IMP.GNFS.KD,19957966917.1076
Costa Rica,CRI,2018,Imports of goods and services (constant 2015 US$),NE.IMP.GNFS.KD,20427269013.9738
Costa Rica,CRI,2017,Imports of goods and services (constant 2015 US$),NE.IMP.GNFS.KD,19860073659.2177
Costa Rica,CRI,2016,Imports of goods and services (constant 2015 US$),NE.IMP.GNFS.KD,18912094837.4679
Costa Rica,CRI,2015,Imports of goods and services (constant 2015 US$),NE.IMP.GNFS.KD,17360351863.9769
Costa Rica,CRI,2014,Imports of goods and services (constant 2015 US$),NE.IMP.GNFS.KD,16613091609.9164
Costa Rica,CRI,2013,Imports of goods and services (constant 2015 US$),NE.IMP.GNFS.KD,15815021704.1963
Costa Rica,CRI,2012,Imports of goods and services (constant 2015 US$),NE.IMP.GNFS.KD,15553621482.7157
Costa Rica,CRI,2011,Imports of goods and services (constant 2015 US$),NE.IMP.GNFS.KD,14424878921.562
Costa Rica,CRI,2010,Imports of goods and services (constant 2015 US$),NE.IMP.GNFS.KD,13034026764.6118
Costa Rica,CRI,2009,Imports of goods and services (constant 2015 US$),NE.IMP.GNFS.KD,10978200182.5658
Costa Rica,CRI,2008,Imports of goods and services (constant 2015 US$),NE.IMP.GNFS.KD,13509351149.4145
Costa Rica,CRI,2007,Imports of goods and services (constant 2015 US$),NE.IMP.GNFS.KD,12665960935.1898
Costa Rica,CRI,2006,Imports of goods and services (constant 2015 US$),NE.IMP.GNFS.KD,11505257262.4576
Costa Rica,CRI,2005,Imports of goods and services (constant 2015 US$),NE.IMP.GNFS.KD,10671175832.3489
Costa Rica,CRI,2004,Imports of goods and services (constant 2015 US$),NE.IMP.GNFS.KD,9978139615.47949
Costa Rica,CRI,2003,Imports of goods and services (constant 2015 US$),NE.IMP.GNFS.KD,9520079476.33389
Costa Rica,CRI,2002,Imports of goods and services (constant 2015 US$),NE.IMP.GNFS.KD,9106323977.63675
Costa Rica,CRI,2001,Imports of goods and services (constant 2015 US$),NE.IMP.GNFS.KD,8580373144.48362
Costa Rica,CRI,2000,Imports of goods and services (constant 2015 US$),NE.IMP.GNFS.KD,8579508840.61647
Costa Rica,CRI,1999,Imports of goods and services (constant 2015 US$),NE.IMP.GNFS.KD,8927437674.06907
Costa Rica,CRI,1998,Imports of goods and services (constant 2015 US$),NE.IMP.GNFS.KD,9211228780.41561
Costa Rica,CRI,1997,Imports of goods and services (constant 2015 US$),NE.IMP.GNFS.KD,7918315511.72019
Costa Rica,CRI,1996,Imports of goods and services (constant 2015 US$),NE.IMP.GNFS.KD,6886081175.23641
Costa Rica,CRI,1995,Imports of goods and services (constant 2015 US$),NE.IMP.GNFS.KD,6676345153.92372
Costa Rica,CRI,1994,Imports of goods and services (constant 2015 US$),NE.IMP.GNFS.KD,6460294334.68951
Costa Rica,CRI,1993,Imports of goods and services (constant 2015 US$),NE.IMP.GNFS.KD,6171097167.99107
Costa Rica,CRI,1992,Imports of goods and services (constant 2015 US$),NE.IMP.GNFS.KD,5404143807.47458
Costa Rica,CRI,1991,Imports of goods and services (constant 2015 US$),NE.IMP.GNFS.KD,4391434241.18857
Costa Rica,CRI,1990,Imports of goods and services (constant 2015 US$),NE.IMP.GNFS.KD,4526950575.84611
Costa Rica,CRI,1989,Imports of goods and services (constant 2015 US$),NE.IMP.GNFS.KD,4086796654.21257
Costa Rica,CRI,1988,Imports of goods and services (constant 2015 US$),NE.IMP.GNFS.KD,3506034743.72502
Costa Rica,CRI,1987,Imports of goods and services (constant 2015 US$),NE.IMP.GNFS.KD,3538151331.67847
Costa Rica,CRI,1986,Imports of goods and services (constant 2015 US$),NE.IMP.GNFS.KD,3009089294.54296
Costa Rica,CRI,1985,Imports of goods and services (constant 2015 US$),NE.IMP.GNFS.KD,2559065397.14299
Costa Rica,CRI,1984,Imports of goods and services (constant 2015 US$),NE.IMP.GNFS.KD,2414462418.10633
Costa Rica,CRI,1983,Imports of goods and services (constant 2015 US$),NE.IMP.GNFS.KD,2181656321.70888
Costa Rica,CRI,1982,Imports of goods and services (constant 2015 US$),NE.IMP.GNFS.KD,1883833718.01723
Costa Rica,CRI,1981,Imports of goods and services (constant 2015 US$),NE.IMP.GNFS.KD,2300566030.38278
Costa Rica,CRI,1980,Imports of goods and services (constant 2015 US$),NE.IMP.GNFS.KD,3123142348.57977
Costa Rica,CRI,1979,Imports of goods and services (constant 2015 US$),NE.IMP.GNFS.KD,3234140409.9555
Costa Rica,CRI,1978,Imports of goods and services (constant 2015 US$),NE.IMP.GNFS.KD,3142490634.41898
Costa Rica,CRI,1977,Imports of goods and services (constant 2015 US$),NE.IMP.GNFS.KD,2923157838.45595
Costa Rica,CRI,1976,Imports of goods and services (constant 2015 US$),NE.IMP.GNFS.KD,2337147607.45866
Costa Rica,CRI,1975,Imports of goods and services (constant 2015 US$),NE.IMP.GNFS.KD,2011673404.93597
Costa Rica,CRI,1974,Imports of goods and services (constant 2015 US$),NE.IMP.GNFS.KD,2170689681.92863
Costa Rica,CRI,1973,Imports of goods and services (constant 2015 US$),NE.IMP.GNFS.KD,1965535184.5412
Costa Rica,CRI,1972,Imports of goods and services (constant 2015 US$),NE.IMP.GNFS.KD,1843022151.3783
Costa Rica,CRI,1971,Imports of goods and services (constant 2015 US$),NE.IMP.GNFS.KD,1835110504.08013
Costa Rica,CRI,1970,Imports of goods and services (constant 2015 US$),NE.IMP.GNFS.KD,1709307478.96526
Costa Rica,CRI,1969,Imports of goods and services (constant 2015 US$),NE.IMP.GNFS.KD,1378976621.5907
Costa Rica,CRI,1968,Imports of goods and services (constant 2015 US$),NE.IMP.GNFS.KD,1224738666.13221
Costa Rica,CRI,1967,Imports of goods and services (constant 2015 US$),NE.IMP.GNFS.KD,1090083996.0186
Costa Rica,CRI,1966,Imports of goods and services (constant 2015 US$),NE.IMP.GNFS.KD,1033762467.33827
Costa Rica,CRI,1965,Imports of goods and services (constant 2015 US$),NE.IMP.GNFS.KD,969294291.961474
Costa Rica,CRI,1964,Imports of goods and services (constant 2015 US$),NE.IMP.GNFS.KD,753408154.192081
Costa Rica,CRI,1963,Imports of goods and services (constant 2015 US$),NE.IMP.GNFS.KD,672020020.258828
Costa Rica,CRI,1962,Imports of goods and services (constant 2015 US$),NE.IMP.GNFS.KD,603713520.941047
Costa Rica,CRI,1961,Imports of goods and services (constant 2015 US$),NE.IMP.GNFS.KD,600266862.711611
Costa Rica,CRI,1960,Imports of goods and services (constant 2015 US$),NE.IMP.GNFS.KD,606063515.174559
Costa Rica,CRI,2024,Imports of goods and services (annual % growth),NE.IMP.GNFS.KD.ZG,5.99401683134377
Costa Rica,CRI,2023,Imports of goods and services (annual % growth),NE.IMP.GNFS.KD.ZG,5.19035521589713
Costa Rica,CRI,2022,Imports of goods and services (annual % growth),NE.IMP.GNFS.KD.ZG,8.11776622586532
Costa Rica,CRI,2021,Imports of goods and services (annual % growth),NE.IMP.GNFS.KD.ZG,19.2462288968002
Costa Rica,CRI,2020,Imports of goods and services (annual % growth),NE.IMP.GNFS.KD.ZG,-12.9292954870067
Costa Rica,CRI,2019,Imports of goods and services (annual % growth),NE.IMP.GNFS.KD.ZG,-2.29742946325867
Costa Rica,CRI,2018,Imports of goods and services (annual % growth),NE.IMP.GNFS.KD.ZG,2.85595796112671
Costa Rica,CRI,2017,Imports of goods and services (annual % growth),NE.IMP.GNFS.KD.ZG,5.0125532358884
Costa Rica,CRI,2016,Imports of goods and services (annual % growth),NE.IMP.GNFS.KD.ZG,8.93843042842309
Costa Rica,CRI,2015,Imports of goods and services (annual % growth),NE.IMP.GNFS.KD.ZG,4.49802042633914
Costa Rica,CRI,2014,Imports of goods and services (annual % growth),NE.IMP.GNFS.KD.ZG,5.04627765075021
Costa Rica,CRI,2013,Imports of goods and services (annual % growth),NE.IMP.GNFS.KD.ZG,1.68063895454227
Costa Rica,CRI,2012,Imports of goods and services (annual % growth),NE.IMP.GNFS.KD.ZG,7.8249707834045
Costa Rica,CRI,2011,Imports of goods and services (annual % growth),NE.IMP.GNFS.KD.ZG,10.6709321844146
Costa Rica,CRI,2010,Imports of goods and services (annual % growth),NE.IMP.GNFS.KD.ZG,18.7264446617654
Costa Rica,CRI,2009,Imports of goods and services (annual % growth),NE.IMP.GNFS.KD.ZG,-18.7362882114317
Costa Rica,CRI,2008,Imports of goods and services (annual % growth),NE.IMP.GNFS.KD.ZG,6.6587147910864
Costa Rica,CRI,2007,Imports of goods and services (annual % growth),NE.IMP.GNFS.KD.ZG,10.0884634411399
Costa Rica,CRI,2006,Imports of goods and services (annual % growth),NE.IMP.GNFS.KD.ZG,7.81620922766766
Costa Rica,CRI,2005,Imports of goods and services (annual % growth),NE.IMP.GNFS.KD.ZG,6.94554539800485
Costa Rica,CRI,2004,Imports of goods and services (annual % growth),NE.IMP.GNFS.KD.ZG,4.81151591522216
Costa Rica,CRI,2003,Imports of goods and services (annual % growth),NE.IMP.GNFS.KD.ZG,4.54360617646854
Costa Rica,CRI,2002,Imports of goods and services (annual % growth),NE.IMP.GNFS.KD.ZG,6.12969650965903
Costa Rica,CRI,2001,Imports of goods and services (annual % growth),NE.IMP.GNFS.KD.ZG,0.0100740483308215
Costa Rica,CRI,2000,Imports of goods and services (annual % growth),NE.IMP.GNFS.KD.ZG,-3.8972978155111
Costa Rica,CRI,1999,Imports of goods and services (annual % growth),NE.IMP.GNFS.KD.ZG,-3.08092560842607
Costa Rica,CRI,1998,Imports of goods and services (annual % growth),NE.IMP.GNFS.KD.ZG,16.3281352805623
Costa Rica,CRI,1997,Imports of goods and services (annual % growth),NE.IMP.GNFS.KD.ZG,14.9901563779974
Costa Rica,CRI,1996,Imports of goods and services (annual % growth),NE.IMP.GNFS.KD.ZG,3.14147960414294
Costa Rica,CRI,1995,Imports of goods and services (annual % growth),NE.IMP.GNFS.KD.ZG,3.3442875516382
Costa Rica,CRI,1994,Imports of goods and services (annual % growth),NE.IMP.GNFS.KD.ZG,4.68631685461828
Costa Rica,CRI,1993,Imports of goods and services (annual % growth),NE.IMP.GNFS.KD.ZG,14.1919495083699
Costa Rica,CRI,1992,Imports of goods and services (annual % growth),NE.IMP.GNFS.KD.ZG,23.0610208570927
Costa Rica,CRI,1991,Imports of goods and services (annual % growth),NE.IMP.GNFS.KD.ZG,-2.99354570780152
Costa Rica,CRI,1990,Imports of goods and services (annual % growth),NE.IMP.GNFS.KD.ZG,10.7701449050527
Costa Rica,CRI,1989,Imports of goods and services (annual % growth),NE.IMP.GNFS.KD.ZG,16.5646364893268
Costa Rica,CRI,1988,Imports of goods and services (annual % growth),NE.IMP.GNFS.KD.ZG,-0.907722280443508
Costa Rica,CRI,1987,Imports of goods and services (annual % growth),NE.IMP.GNFS.KD.ZG,17.5821315138428
Costa Rica,CRI,1986,Imports of goods and services (annual % growth),NE.IMP.GNFS.KD.ZG,17.5854785853613
Costa Rica,CRI,1985,Imports of goods and services (annual % growth),NE.IMP.GNFS.KD.ZG,5.9890341614874
Costa Rica,CRI,1984,Imports of goods and services (annual % growth),NE.IMP.GNFS.KD.ZG,10.67107106105
Costa Rica,CRI,1983,Imports of goods and services (annual % growth),NE.IMP.GNFS.KD.ZG,15.8093891644069
Costa Rica,CRI,1982,Imports of goods and services (annual % growth),NE.IMP.GNFS.KD.ZG,-18.1143382481493
Costa Rica,CRI,1981,Imports of goods and services (annual % growth),NE.IMP.GNFS.KD.ZG,-26.3380988244434
Costa Rica,CRI,1980,Imports of goods and services (annual % growth),NE.IMP.GNFS.KD.ZG,-3.43207304896391
Costa Rica,CRI,1979,Imports of goods and services (annual % growth),NE.IMP.GNFS.KD.ZG,2.91646932954083
Costa Rica,CRI,1978,Imports of goods and services (annual % growth),NE.IMP.GNFS.KD.ZG,7.50328268551135
Costa Rica,CRI,1977,Imports of goods and services (annual % growth),NE.IMP.GNFS.KD.ZG,25.0737364267073
Costa Rica,CRI,1976,Imports of goods and services (annual % growth),NE.IMP.GNFS.KD.ZG,16.1792765030389
Costa Rica,CRI,1975,Imports of goods and services (annual % growth),NE.IMP.GNFS.KD.ZG,-7.3256107640118
Costa Rica,CRI,1974,Imports of goods and services (annual % growth),NE.IMP.GNFS.KD.ZG,10.4375896702822
Costa Rica,CRI,1973,Imports of goods and services (annual % growth),NE.IMP.GNFS.KD.ZG,6.64739884277988
Costa Rica,CRI,1972,Imports of goods and services (annual % growth),NE.IMP.GNFS.KD.ZG,0.431126478791072
Costa Rica,CRI,1971,Imports of goods and services (annual % growth),NE.IMP.GNFS.KD.ZG,7.35988268132002
Costa Rica,CRI,1970,Imports of goods and services (annual % growth),NE.IMP.GNFS.KD.ZG,23.9547830037549
Costa Rica,CRI,1969,Imports of goods and services (annual % growth),NE.IMP.GNFS.KD.ZG,12.5935401342057
Costa Rica,CRI,1968,Imports of goods and services (annual % growth),NE.IMP.GNFS.KD.ZG,12.35268755485
Costa Rica,CRI,1967,Imports of goods and services (annual % growth),NE.IMP.GNFS.KD.ZG,5.44820792588374
Costa Rica,CRI,1966,Imports of goods and services (annual % growth),NE.IMP.GNFS.KD.ZG,6.65104250705282
Costa Rica,CRI,1965,Imports of goods and services (annual % growth),NE.IMP.GNFS.KD.ZG,28.654605948737
Costa Rica,CRI,1964,Imports of goods and services (annual % growth),NE.IMP.GNFS.KD.ZG,12.1109686437476
Costa Rica,CRI,1963,Imports of goods and services (annual % growth),NE.IMP.GNFS.KD.ZG,11.3143895156278
Costa Rica,CRI,1962,Imports of goods and services (annual % growth),NE.IMP.GNFS.KD.ZG,0.574187656114432
Costa Rica,CRI,1961,Imports of goods and services (annual % growth),NE.IMP.GNFS.KD.ZG,-0.956443065423258
Costa Rica,CRI,2024,Imports of goods and services (% of GDP),NE.IMP.GNFS.ZS,32.7992197177638
Costa Rica,CRI,2023,Imports of goods and services (% of GDP),NE.IMP.GNFS.ZS,33.5563670450595
Costa Rica,CRI,2022,Imports of goods and services (% of GDP),NE.IMP.GNFS.ZS,39.8223364209329
Costa Rica,CRI,2021,Imports of goods and services (% of GDP),NE.IMP.GNFS.ZS,34.6052852757875
Costa Rica,CRI,2020,Imports of goods and services (% of GDP),NE.IMP.GNFS.ZS,28.2333885931427
Costa Rica,CRI,2019,Imports of goods and services (% of GDP),NE.IMP.GNFS.ZS,31.4352084583213
Costa Rica,CRI,2018,Imports of goods and services (% of GDP),NE.IMP.GNFS.ZS,33.206831240419
Costa Rica,CRI,2017,Imports of goods and services (% of GDP),NE.IMP.GNFS.ZS,32.3092705957879
Costa Rica,CRI,2016,Imports of goods and services (% of GDP),NE.IMP.GNFS.ZS,30.9183818762552
Costa Rica,CRI,2015,Imports of goods and services (% of GDP),NE.IMP.GNFS.ZS,30.757904074829
Costa Rica,CRI,2014,Imports of goods and services (% of GDP),NE.IMP.GNFS.ZS,33.828326769731
Costa Rica,CRI,2013,Imports of goods and services (% of GDP),NE.IMP.GNFS.ZS,33.4747612266169
Costa Rica,CRI,2012,Imports of goods and services (% of GDP),NE.IMP.GNFS.ZS,35.3972219592701
Costa Rica,CRI,2011,Imports of goods and services (% of GDP),NE.IMP.GNFS.ZS,36.1666756303795
Costa Rica,CRI,2010,Imports of goods and services (% of GDP),NE.IMP.GNFS.ZS,34.6826783371716
Costa Rica,CRI,2009,Imports of goods and services (% of GDP),NE.IMP.GNFS.ZS,35.1270126992247
Costa Rica,CRI,2008,Imports of goods and services (% of GDP),NE.IMP.GNFS.ZS,47.5950520603498
Costa Rica,CRI,2007,Imports of goods and services (% of GDP),NE.IMP.GNFS.ZS,45.8744583355135
Costa Rica,CRI,2006,Imports of goods and services (% of GDP),NE.IMP.GNFS.ZS,46.5005195049998
Costa Rica,CRI,2005,Imports of goods and services (% of GDP),NE.IMP.GNFS.ZS,45.7581415316241
Costa Rica,CRI,2004,Imports of goods and services (% of GDP),NE.IMP.GNFS.ZS,43.0488237336246
Costa Rica,CRI,2003,Imports of goods and services (% of GDP),NE.IMP.GNFS.ZS,42.6559946171311
Costa Rica,CRI,2002,Imports of goods and services (% of GDP),NE.IMP.GNFS.ZS,41.1894091289423
Costa Rica,CRI,2001,Imports of goods and services (% of GDP),NE.IMP.GNFS.ZS,40.3441862150797
Costa Rica,CRI,2000,Imports of goods and services (% of GDP),NE.IMP.GNFS.ZS,43.5946013423319
Costa Rica,CRI,1999,Imports of goods and services (% of GDP),NE.IMP.GNFS.ZS,44.980748010317
Costa Rica,CRI,1998,Imports of goods and services (% of GDP),NE.IMP.GNFS.ZS,48.0751801912515
Costa Rica,CRI,1997,Imports of goods and services (% of GDP),NE.IMP.GNFS.ZS,46.0041297835824
Costa Rica,CRI,1996,Imports of goods and services (% of GDP),NE.IMP.GNFS.ZS,44.0451709865534
Costa Rica,CRI,1995,Imports of goods and services (% of GDP),NE.IMP.GNFS.ZS,41.6451600466317
Costa Rica,CRI,1994,Imports of goods and services (% of GDP),NE.IMP.GNFS.ZS,42.1126493277202
Costa Rica,CRI,1993,Imports of goods and services (% of GDP),NE.IMP.GNFS.ZS,43.3151129433635
Costa Rica,CRI,1992,Imports of goods and services (% of GDP),NE.IMP.GNFS.ZS,40.8144832451509
Costa Rica,CRI,1991,Imports of goods and services (% of GDP),NE.IMP.GNFS.ZS,38.0335692718234
Costa Rica,CRI,1990,Imports of goods and services (% of GDP),NE.IMP.GNFS.ZS,41.0948958578585
Costa Rica,CRI,1989,Imports of goods and services (% of GDP),NE.IMP.GNFS.ZS,38.7318045778141
Costa Rica,CRI,1988,Imports of goods and services (% of GDP),NE.IMP.GNFS.ZS,35.8111732393061
Costa Rica,CRI,1987,Imports of goods and services (% of GDP),NE.IMP.GNFS.ZS,35.7664864652094
Costa Rica,CRI,1986,Imports of goods and services (% of GDP),NE.IMP.GNFS.ZS,30.4952199961635
Costa Rica,CRI,1985,Imports of goods and services (% of GDP),NE.IMP.GNFS.ZS,32.476134272569
Costa Rica,CRI,1984,Imports of goods and services (% of GDP),NE.IMP.GNFS.ZS,33.9715319650404
Costa Rica,CRI,1983,Imports of goods and services (% of GDP),NE.IMP.GNFS.ZS,36.7828696042192
Costa Rica,CRI,1982,Imports of goods and services (% of GDP),NE.IMP.GNFS.ZS,42.1648716786651
Costa Rica,CRI,1981,Imports of goods and services (% of GDP),NE.IMP.GNFS.ZS,48.1761803892269
Costa Rica,CRI,1980,Imports of goods and services (% of GDP),NE.IMP.GNFS.ZS,36.8190209161774
Costa Rica,CRI,1979,Imports of goods and services (% of GDP),NE.IMP.GNFS.ZS,37.1933582101753
Costa Rica,CRI,1978,Imports of goods and services (% of GDP),NE.IMP.GNFS.ZS,36.0314506577728
Costa Rica,CRI,1977,Imports of goods and services (% of GDP),NE.IMP.GNFS.ZS,36.3347734077479
Costa Rica,CRI,1976,Imports of goods and services (% of GDP),NE.IMP.GNFS.ZS,34.9107160130782
Costa Rica,CRI,1975,Imports of goods and services (% of GDP),NE.IMP.GNFS.ZS,38.5477788138235
Costa Rica,CRI,1974,Imports of goods and services (% of GDP),NE.IMP.GNFS.ZS,48.1207960843602
Costa Rica,CRI,1973,Imports of goods and services (% of GDP),NE.IMP.GNFS.ZS,36.8731792010433
Costa Rica,CRI,1972,Imports of goods and services (% of GDP),NE.IMP.GNFS.ZS,36.6050780203997
Costa Rica,CRI,1971,Imports of goods and services (% of GDP),NE.IMP.GNFS.ZS,37.1052278452527
Costa Rica,CRI,1970,Imports of goods and services (% of GDP),NE.IMP.GNFS.ZS,34.5788959944485
Costa Rica,CRI,1969,Imports of goods and services (% of GDP),NE.IMP.GNFS.ZS,31.9523273397994
Costa Rica,CRI,1968,Imports of goods and services (% of GDP),NE.IMP.GNFS.ZS,32.4555763445409
Costa Rica,CRI,1967,Imports of goods and services (% of GDP),NE.IMP.GNFS.ZS,31.2199220695327
Costa Rica,CRI,1966,Imports of goods and services (% of GDP),NE.IMP.GNFS.ZS,30.7737165737206
Costa Rica,CRI,1965,Imports of goods and services (% of GDP),NE.IMP.GNFS.ZS,33.1882380965642
Costa Rica,CRI,1964,Imports of goods and services (% of GDP),NE.IMP.GNFS.ZS,28.5682580158242
Costa Rica,CRI,1963,Imports of goods and services (% of GDP),NE.IMP.GNFS.ZS,27.1282501464955
Costa Rica,CRI,1962,Imports of goods and services (% of GDP),NE.IMP.GNFS.ZS,26.0497048829844
Costa Rica,CRI,1961,Imports of goods and services (% of GDP),NE.IMP.GNFS.ZS,25.0571749086736
Costa Rica,CRI,1960,Imports of goods and services (% of GDP),NE.IMP.GNFS.ZS,26.0758590403175
Costa Rica,CRI,2024,External balance on goods and services (current US$),NE.RSB.GNFS.CD,5466033885.53614
Costa Rica,CRI,2023,External balance on goods and services (current US$),NE.RSB.GNFS.CD,4635653892.72765
Costa Rica,CRI,2022,External balance on goods and services (current US$),NE.RSB.GNFS.CD,1788465706.95922
Costa Rica,CRI,2021,External balance on goods and services (current US$),NE.RSB.GNFS.CD,1020579611.32017
Costa Rica,CRI,2020,External balance on goods and services (current US$),NE.RSB.GNFS.CD,2291858834.74884
Costa Rica,CRI,2019,External balance on goods and services (current US$),NE.RSB.GNFS.CD,1861743535.0723
Costa Rica,CRI,2018,External balance on goods and services (current US$),NE.RSB.GNFS.CD,331875243.449427
Costa Rica,CRI,2017,External balance on goods and services (current US$),NE.RSB.GNFS.CD,274387342.537952
Costa Rica,CRI,2016,External balance on goods and services (current US$),NE.RSB.GNFS.CD,201088754.156871
Costa Rica,CRI,2015,External balance on goods and services (current US$),NE.RSB.GNFS.CD,-430226402.352421
Costa Rica,CRI,2014,External balance on goods and services (current US$),NE.RSB.GNFS.CD,-1282418518.62071
Costa Rica,CRI,2013,External balance on goods and services (current US$),NE.RSB.GNFS.CD,-1468935947.7088
Costa Rica,CRI,2012,External balance on goods and services (current US$),NE.RSB.GNFS.CD,-1769252764.55627
Costa Rica,CRI,2011,External balance on goods and services (current US$),NE.RSB.GNFS.CD,-1579738507.96131
Costa Rica,CRI,2010,External balance on goods and services (current US$),NE.RSB.GNFS.CD,-697914717.073482
Costa Rica,CRI,2009,External balance on goods and services (current US$),NE.RSB.GNFS.CD,-152101407.914278
Costa Rica,CRI,2008,External balance on goods and services (current US$),NE.RSB.GNFS.CD,-2707039576.56714
Costa Rica,CRI,2007,External balance on goods and services (current US$),NE.RSB.GNFS.CD,-1422824614.94046
Costa Rica,CRI,2006,External balance on goods and services (current US$),NE.RSB.GNFS.CD,-723827147.97066
Costa Rica,CRI,2005,External balance on goods and services (current US$),NE.RSB.GNFS.CD,-459656017.828743
Costa Rica,CRI,2004,External balance on goods and services (current US$),NE.RSB.GNFS.CD,-156546791.039664
Costa Rica,CRI,2003,External balance on goods and services (current US$),NE.RSB.GNFS.CD,-342720382.782321
Costa Rica,CRI,2002,External balance on goods and services (current US$),NE.RSB.GNFS.CD,-325752924.239898
Costa Rica,CRI,2001,External balance on goods and services (current US$),NE.RSB.GNFS.CD,26262639.9489152
Costa Rica,CRI,2000,External balance on goods and services (current US$),NE.RSB.GNFS.CD,-99732414.7441513
Costa Rica,CRI,1999,External balance on goods and services (current US$),NE.RSB.GNFS.CD,-345378625.385046
Costa Rica,CRI,1998,External balance on goods and services (current US$),NE.RSB.GNFS.CD,-562743014.114079
Costa Rica,CRI,1997,External balance on goods and services (current US$),NE.RSB.GNFS.CD,-554419528.804815
Costa Rica,CRI,1996,External balance on goods and services (current US$),NE.RSB.GNFS.CD,-471011644.119205
Costa Rica,CRI,1995,External balance on goods and services (current US$),NE.RSB.GNFS.CD,-407097068.975116
Costa Rica,CRI,1994,External balance on goods and services (current US$),NE.RSB.GNFS.CD,-653310224.175264
Costa Rica,CRI,1993,External balance on goods and services (current US$),NE.RSB.GNFS.CD,-696116695.450716
Costa Rica,CRI,1992,External balance on goods and services (current US$),NE.RSB.GNFS.CD,-474694751.973782
Costa Rica,CRI,1991,External balance on goods and services (current US$),NE.RSB.GNFS.CD,-333905015.561016
Costa Rica,CRI,1990,External balance on goods and services (current US$),NE.RSB.GNFS.CD,-394370766.877868
Costa Rica,CRI,1989,External balance on goods and services (current US$),NE.RSB.GNFS.CD,-203773887.313525
Costa Rica,CRI,1988,External balance on goods and services (current US$),NE.RSB.GNFS.CD,-82456788.4945243
Costa Rica,CRI,1987,External balance on goods and services (current US$),NE.RSB.GNFS.CD,-187400031.862355
Costa Rica,CRI,1986,External balance on goods and services (current US$),NE.RSB.GNFS.CD,37374551.9713262
Costa Rica,CRI,1985,External balance on goods and services (current US$),NE.RSB.GNFS.CD,-68700990.0990099
Costa Rica,CRI,1984,External balance on goods and services (current US$),NE.RSB.GNFS.CD,15024920.0121178
Costa Rica,CRI,1983,External balance on goods and services (current US$),NE.RSB.GNFS.CD,-23463183.9599036
Costa Rica,CRI,1982,External balance on goods and services (current US$),NE.RSB.GNFS.CD,76088040.6693278
Costa Rica,CRI,1981,External balance on goods and services (current US$),NE.RSB.GNFS.CD,-128771636.219507
Costa Rica,CRI,1980,External balance on goods and services (current US$),NE.RSB.GNFS.CD,-499626604.434072
Costa Rica,CRI,1979,External balance on goods and services (current US$),NE.RSB.GNFS.CD,-414469078.179697
Costa Rica,CRI,1978,External balance on goods and services (current US$),NE.RSB.GNFS.CD,-276581096.849475
Costa Rica,CRI,1977,External balance on goods and services (current US$),NE.RSB.GNFS.CD,-167934655.775963
Costa Rica,CRI,1976,External balance on goods and services (current US$),NE.RSB.GNFS.CD,-144795799.299883
Costa Rica,CRI,1975,External balance on goods and services (current US$),NE.RSB.GNFS.CD,-166394399.066511
Costa Rica,CRI,1974,External balance on goods and services (current US$),NE.RSB.GNFS.CD,-249609079.445145
Costa Rica,CRI,1973,External balance on goods and services (current US$),NE.RSB.GNFS.CD,-92857299.7542561
Costa Rica,CRI,1972,External balance on goods and services (current US$),NE.RSB.GNFS.CD,-78975131.876413
Costa Rica,CRI,1971,External balance on goods and services (current US$),NE.RSB.GNFS.CD,-111065280.395688
Costa Rica,CRI,1970,External balance on goods and services (current US$),NE.RSB.GNFS.CD,-66415094.3396226
Costa Rica,CRI,1969,External balance on goods and services (current US$),NE.RSB.GNFS.CD,-45720754.7169811
Costa Rica,CRI,1968,External balance on goods and services (current US$),NE.RSB.GNFS.CD,-36286792.4528302
Costa Rica,CRI,1967,External balance on goods and services (current US$),NE.RSB.GNFS.CD,-44332075.4716981
Costa Rica,CRI,1966,External balance on goods and services (current US$),NE.RSB.GNFS.CD,-38792452.8301887
Costa Rica,CRI,1965,External balance on goods and services (current US$),NE.RSB.GNFS.CD,-63003773.5849057
Costa Rica,CRI,1964,External balance on goods and services (current US$),NE.RSB.GNFS.CD,-22510939.6851175
Costa Rica,CRI,1963,External balance on goods and services (current US$),NE.RSB.GNFS.CD,-25804123.246267
Costa Rica,CRI,1962,External balance on goods and services (current US$),NE.RSB.GNFS.CD,-15939609.9306777
Costa Rica,CRI,1961,External balance on goods and services (current US$),NE.RSB.GNFS.CD,-20571792.0391015
Costa Rica,CRI,1960,External balance on goods and services (current US$),NE.RSB.GNFS.CD,-24821247.981832
Costa Rica,CRI,2024,External balance on goods and services (% of GDP),NE.RSB.GNFS.ZS,5.73257433310888
Costa Rica,CRI,2023,External balance on goods and services (% of GDP),NE.RSB.GNFS.ZS,5.35926499013601
Costa Rica,CRI,2022,External balance on goods and services (% of GDP),NE.RSB.GNFS.ZS,2.58285969342321
Costa Rica,CRI,2021,External balance on goods and services (% of GDP),NE.RSB.GNFS.ZS,1.57107175110006
Costa Rica,CRI,2020,External balance on goods and services (% of GDP),NE.RSB.GNFS.ZS,3.67310906461841
Costa Rica,CRI,2019,External balance on goods and services (% of GDP),NE.RSB.GNFS.ZS,2.89011310096308
Costa Rica,CRI,2018,External balance on goods and services (% of GDP),NE.RSB.GNFS.ZS,0.531679535762817
Costa Rica,CRI,2017,External balance on goods and services (% of GDP),NE.RSB.GNFS.ZS,0.453412552150903
Costa Rica,CRI,2016,External balance on goods and services (% of GDP),NE.RSB.GNFS.ZS,0.341714424095622
Costa Rica,CRI,2015,External balance on goods and services (% of GDP),NE.RSB.GNFS.ZS,-0.762246210082471
Costa Rica,CRI,2014,External balance on goods and services (% of GDP),NE.RSB.GNFS.ZS,-2.46541148623887
Costa Rica,CRI,2013,External balance on goods and services (% of GDP),NE.RSB.GNFS.ZS,-2.88311186531235
Costa Rica,CRI,2012,External balance on goods and services (% of GDP),NE.RSB.GNFS.ZS,-3.74590462346604
Costa Rica,CRI,2011,External balance on goods and services (% of GDP),NE.RSB.GNFS.ZS,-3.69420475344096
Costa Rica,CRI,2010,External balance on goods and services (% of GDP),NE.RSB.GNFS.ZS,-1.85326699057063
Costa Rica,CRI,2009,External balance on goods and services (% of GDP),NE.RSB.GNFS.ZS,-0.494707673295912
Costa Rica,CRI,2008,External balance on goods and services (% of GDP),NE.RSB.GNFS.ZS,-8.78859140937415
Costa Rica,CRI,2007,External balance on goods and services (% of GDP),NE.RSB.GNFS.ZS,-5.29232082709219
Costa Rica,CRI,2006,External balance on goods and services (% of GDP),NE.RSB.GNFS.ZS,-3.18648439630662
Costa Rica,CRI,2005,External balance on goods and services (% of GDP),NE.RSB.GNFS.ZS,-2.29361917092576
Costa Rica,CRI,2004,External balance on goods and services (% of GDP),NE.RSB.GNFS.ZS,-0.841170270662029
Costa Rica,CRI,2003,External balance on goods and services (% of GDP),NE.RSB.GNFS.ZS,-1.98428169869798
Costa Rica,CRI,2002,External balance on goods and services (% of GDP),NE.RSB.GNFS.ZS,-1.96487392188077
Costa Rica,CRI,2001,External balance on goods and services (% of GDP),NE.RSB.GNFS.ZS,0.164386287949664
Costa Rica,CRI,2000,External balance on goods and services (% of GDP),NE.RSB.GNFS.ZS,-0.664279171593412
Costa Rica,CRI,1999,External balance on goods and services (% of GDP),NE.RSB.GNFS.ZS,-2.42288225289674
Costa Rica,CRI,1998,External balance on goods and services (% of GDP),NE.RSB.GNFS.ZS,-4.11233914588441
Costa Rica,CRI,1997,External balance on goods and services (% of GDP),NE.RSB.GNFS.ZS,-4.39506146929437
Costa Rica,CRI,1996,External balance on goods and services (% of GDP),NE.RSB.GNFS.ZS,-4.03317796700209
Costa Rica,CRI,1995,External balance on goods and services (% of GDP),NE.RSB.GNFS.ZS,-3.51594554432356
Costa Rica,CRI,1994,External balance on goods and services (% of GDP),NE.RSB.GNFS.ZS,-6.22799065941919
Costa Rica,CRI,1993,External balance on goods and services (% of GDP),NE.RSB.GNFS.ZS,-7.27788905985707
Costa Rica,CRI,1992,External balance on goods and services (% of GDP),NE.RSB.GNFS.ZS,-5.53273100883106
Costa Rica,CRI,1991,External balance on goods and services (% of GDP),NE.RSB.GNFS.ZS,-4.6274628399937
Costa Rica,CRI,1990,External balance on goods and services (% of GDP),NE.RSB.GNFS.ZS,-6.90462752169417
Costa Rica,CRI,1989,External balance on goods and services (% of GDP),NE.RSB.GNFS.ZS,-3.88064915955387
Costa Rica,CRI,1988,External balance on goods and services (% of GDP),NE.RSB.GNFS.ZS,-1.78685594099435
Costa Rica,CRI,1987,External balance on goods and services (% of GDP),NE.RSB.GNFS.ZS,-4.1341719460703
Costa Rica,CRI,1986,External balance on goods and services (% of GDP),NE.RSB.GNFS.ZS,0.845772536461901
Costa Rica,CRI,1985,External balance on goods and services (% of GDP),NE.RSB.GNFS.ZS,-1.75293224831472
Costa Rica,CRI,1984,External balance on goods and services (% of GDP),NE.RSB.GNFS.ZS,0.410463349383385
Costa Rica,CRI,1983,External balance on goods and services (% of GDP),NE.RSB.GNFS.ZS,-0.745626923612293
Costa Rica,CRI,1982,External balance on goods and services (% of GDP),NE.RSB.GNFS.ZS,2.91902682057983
Costa Rica,CRI,1981,External balance on goods and services (% of GDP),NE.RSB.GNFS.ZS,-4.90782393032358
Costa Rica,CRI,1980,External balance on goods and services (% of GDP),NE.RSB.GNFS.ZS,-10.3411380547775
Costa Rica,CRI,1979,External balance on goods and services (% of GDP),NE.RSB.GNFS.ZS,-10.2705264176243
Costa Rica,CRI,1978,External balance on goods and services (% of GDP),NE.RSB.GNFS.ZS,-7.85026127546063
Costa Rica,CRI,1977,External balance on goods and services (% of GDP),NE.RSB.GNFS.ZS,-5.46586314579299
Costa Rica,CRI,1976,External balance on goods and services (% of GDP),NE.RSB.GNFS.ZS,-6.00176052931958
Costa Rica,CRI,1975,External balance on goods and services (% of GDP),NE.RSB.GNFS.ZS,-8.48577180346912
Costa Rica,CRI,1974,External balance on goods and services (% of GDP),NE.RSB.GNFS.ZS,-14.9776403442696
Costa Rica,CRI,1973,External balance on goods and services (% of GDP),NE.RSB.GNFS.ZS,-6.07336843586782
Costa Rica,CRI,1972,External balance on goods and services (% of GDP),NE.RSB.GNFS.ZS,-6.37795467270382
Costa Rica,CRI,1971,External balance on goods and services (% of GDP),NE.RSB.GNFS.ZS,-10.3110554985732
Costa Rica,CRI,1970,External balance on goods and services (% of GDP),NE.RSB.GNFS.ZS,-6.7438119930665
Costa Rica,CRI,1969,External balance on goods and services (% of GDP),NE.RSB.GNFS.ZS,-5.35603760444119
Costa Rica,CRI,1968,External balance on goods and services (% of GDP),NE.RSB.GNFS.ZS,-4.68917636470198
Costa Rica,CRI,1967,External balance on goods and services (% of GDP),NE.RSB.GNFS.ZS,-6.33807362398684
Costa Rica,CRI,1966,External balance on goods and services (% of GDP),NE.RSB.GNFS.ZS,-5.99291138853238
Costa Rica,CRI,1965,External balance on goods and services (% of GDP),NE.RSB.GNFS.ZS,-10.6249199121843
Costa Rica,CRI,1964,External balance on goods and services (% of GDP),NE.RSB.GNFS.ZS,-4.14888263966713
Costa Rica,CRI,1963,External balance on goods and services (% of GDP),NE.RSB.GNFS.ZS,-5.04083132121129
Costa Rica,CRI,1962,External balance on goods and services (% of GDP),NE.RSB.GNFS.ZS,-3.32642900565757
Costa Rica,CRI,1961,External balance on goods and services (% of GDP),NE.RSB.GNFS.ZS,-4.19554059438145
Costa Rica,CRI,1960,External balance on goods and services (% of GDP),NE.RSB.GNFS.ZS,-4.89075302284544
Costa Rica,CRI,2024,Trade (% of GDP),NE.TRD.GNFS.ZS,71.3310137686365
Costa Rica,CRI,2023,Trade (% of GDP),NE.TRD.GNFS.ZS,72.4719990802549
Costa Rica,CRI,2022,Trade (% of GDP),NE.TRD.GNFS.ZS,82.227532535289
Costa Rica,CRI,2021,Trade (% of GDP),NE.TRD.GNFS.ZS,70.781642302675
Costa Rica,CRI,2020,Trade (% of GDP),NE.TRD.GNFS.ZS,60.1398862509037
Costa Rica,CRI,2019,Trade (% of GDP),NE.TRD.GNFS.ZS,65.7605300176058
Costa Rica,CRI,2018,Trade (% of GDP),NE.TRD.GNFS.ZS,66.9453420166008
Costa Rica,CRI,2017,Trade (% of GDP),NE.TRD.GNFS.ZS,65.0719537437267
Costa Rica,CRI,2016,Trade (% of GDP),NE.TRD.GNFS.ZS,62.178478176606
Costa Rica,CRI,2015,Trade (% of GDP),NE.TRD.GNFS.ZS,60.7535619395756
Costa Rica,CRI,2014,Trade (% of GDP),NE.TRD.GNFS.ZS,65.1912420532231
Costa Rica,CRI,2013,Trade (% of GDP),NE.TRD.GNFS.ZS,64.0664105879215
Costa Rica,CRI,2012,Trade (% of GDP),NE.TRD.GNFS.ZS,67.0485392950742
Costa Rica,CRI,2011,Trade (% of GDP),NE.TRD.GNFS.ZS,68.639146507318
Costa Rica,CRI,2010,Trade (% of GDP),NE.TRD.GNFS.ZS,67.5120896837726
Costa Rica,CRI,2009,Trade (% of GDP),NE.TRD.GNFS.ZS,69.7593177251535
Costa Rica,CRI,2008,Trade (% of GDP),NE.TRD.GNFS.ZS,86.4015127113254
Costa Rica,CRI,2007,Trade (% of GDP),NE.TRD.GNFS.ZS,86.4565958439349
Costa Rica,CRI,2006,Trade (% of GDP),NE.TRD.GNFS.ZS,89.8145546136931
Costa Rica,CRI,2005,Trade (% of GDP),NE.TRD.GNFS.ZS,89.2226638923224
Costa Rica,CRI,2004,Trade (% of GDP),NE.TRD.GNFS.ZS,85.2564771965872
Costa Rica,CRI,2003,Trade (% of GDP),NE.TRD.GNFS.ZS,83.3277075355642
Costa Rica,CRI,2002,Trade (% of GDP),NE.TRD.GNFS.ZS,80.4139443360039
Costa Rica,CRI,2001,Trade (% of GDP),NE.TRD.GNFS.ZS,80.852758718109
Costa Rica,CRI,2000,Trade (% of GDP),NE.TRD.GNFS.ZS,86.5249235130705
Costa Rica,CRI,1999,Trade (% of GDP),NE.TRD.GNFS.ZS,87.5386137677373
Costa Rica,CRI,1998,Trade (% of GDP),NE.TRD.GNFS.ZS,92.0380212366186
Costa Rica,CRI,1997,Trade (% of GDP),NE.TRD.GNFS.ZS,87.6131980978704
Costa Rica,CRI,1996,Trade (% of GDP),NE.TRD.GNFS.ZS,84.0571640061047
Costa Rica,CRI,1995,Trade (% of GDP),NE.TRD.GNFS.ZS,79.7743745489399
Costa Rica,CRI,1994,Trade (% of GDP),NE.TRD.GNFS.ZS,77.9973079960212
Costa Rica,CRI,1993,Trade (% of GDP),NE.TRD.GNFS.ZS,79.3523368268699
Costa Rica,CRI,1992,Trade (% of GDP),NE.TRD.GNFS.ZS,76.0962354814708
Costa Rica,CRI,1991,Trade (% of GDP),NE.TRD.GNFS.ZS,71.4396757036532
Costa Rica,CRI,1990,Trade (% of GDP),NE.TRD.GNFS.ZS,75.2851641940228
Costa Rica,CRI,1989,Trade (% of GDP),NE.TRD.GNFS.ZS,73.5829599960743
Costa Rica,CRI,1988,Trade (% of GDP),NE.TRD.GNFS.ZS,69.8354905376179
Costa Rica,CRI,1987,Trade (% of GDP),NE.TRD.GNFS.ZS,67.3988009843484
Costa Rica,CRI,1986,Trade (% of GDP),NE.TRD.GNFS.ZS,61.8362125287889
Costa Rica,CRI,1985,Trade (% of GDP),NE.TRD.GNFS.ZS,63.1993362968233
Costa Rica,CRI,1984,Trade (% of GDP),NE.TRD.GNFS.ZS,68.3535272794641
Costa Rica,CRI,1983,Trade (% of GDP),NE.TRD.GNFS.ZS,72.8201122848261
Costa Rica,CRI,1982,Trade (% of GDP),NE.TRD.GNFS.ZS,87.2487701779101
Costa Rica,CRI,1981,Trade (% of GDP),NE.TRD.GNFS.ZS,91.4445368481303
Costa Rica,CRI,1980,Trade (% of GDP),NE.TRD.GNFS.ZS,63.2969037775773
Costa Rica,CRI,1979,Trade (% of GDP),NE.TRD.GNFS.ZS,64.1161900027263
Costa Rica,CRI,1978,Trade (% of GDP),NE.TRD.GNFS.ZS,64.2126400400849
Costa Rica,CRI,1977,Trade (% of GDP),NE.TRD.GNFS.ZS,67.2036836697027
Costa Rica,CRI,1976,Trade (% of GDP),NE.TRD.GNFS.ZS,63.8196714968368
Costa Rica,CRI,1975,Trade (% of GDP),NE.TRD.GNFS.ZS,68.6097858241778
Costa Rica,CRI,1974,Trade (% of GDP),NE.TRD.GNFS.ZS,81.2639518244509
Costa Rica,CRI,1973,Trade (% of GDP),NE.TRD.GNFS.ZS,67.6729899662187
Costa Rica,CRI,1972,Trade (% of GDP),NE.TRD.GNFS.ZS,66.8322013680956
Costa Rica,CRI,1971,Trade (% of GDP),NE.TRD.GNFS.ZS,63.8994001919322
Costa Rica,CRI,1970,Trade (% of GDP),NE.TRD.GNFS.ZS,62.4139799958305
Costa Rica,CRI,1969,Trade (% of GDP),NE.TRD.GNFS.ZS,58.5486170751575
Costa Rica,CRI,1968,Trade (% of GDP),NE.TRD.GNFS.ZS,60.2219763243797
Costa Rica,CRI,1967,Trade (% of GDP),NE.TRD.GNFS.ZS,56.1017705150787
Costa Rica,CRI,1966,Trade (% of GDP),NE.TRD.GNFS.ZS,55.5545217589088
Costa Rica,CRI,1965,Trade (% of GDP),NE.TRD.GNFS.ZS,55.7515562809441
Costa Rica,CRI,1964,Trade (% of GDP),NE.TRD.GNFS.ZS,52.9876333919812
Costa Rica,CRI,1963,Trade (% of GDP),NE.TRD.GNFS.ZS,49.2156689717797
Costa Rica,CRI,1962,Trade (% of GDP),NE.TRD.GNFS.ZS,48.7729807603112
Costa Rica,CRI,1961,Trade (% of GDP),NE.TRD.GNFS.ZS,45.9188092229657
Costa Rica,CRI,1960,Trade (% of GDP),NE.TRD.GNFS.ZS,47.2609650577895
Costa Rica,CRI,2024,Exports as a capacity to import (constant LCU),NY.EXP.CAPM.KN,16395919680270.7
Costa Rica,CRI,2023,Exports as a capacity to import (constant LCU),NY.EXP.CAPM.KN,15270310406148.6
Costa Rica,CRI,2022,Exports as a capacity to import (constant LCU),NY.EXP.CAPM.KN,13329539025149.2
Costa Rica,CRI,2021,Exports as a capacity to import (constant LCU),NY.EXP.CAPM.KN,12103420568444.5
Costa Rica,CRI,2020,Exports as a capacity to import (constant LCU),NY.EXP.CAPM.KN,10972288105807.2
Costa Rica,CRI,2019,Exports as a capacity to import (constant LCU),NY.EXP.CAPM.KN,12176074164930.4
Costa Rica,CRI,2018,Exports as a capacity to import (constant LCU),NY.EXP.CAPM.KN,11595820893406.5
Costa Rica,CRI,2017,Exports as a capacity to import (constant LCU),NY.EXP.CAPM.KN,11251900411085.4
Costa Rica,CRI,2016,Exports as a capacity to import (constant LCU),NY.EXP.CAPM.KN,10683311912353.2
Costa Rica,CRI,2015,Exports as a capacity to import (constant LCU),NY.EXP.CAPM.KN,9459167003620.69
Costa Rica,CRI,2014,Exports as a capacity to import (constant LCU),NY.EXP.CAPM.KN,8605558958884.31
Costa Rica,CRI,2013,Exports as a capacity to import (constant LCU),NY.EXP.CAPM.KN,8075100084293.49
Costa Rica,CRI,2012,Exports as a capacity to import (constant LCU),NY.EXP.CAPM.KN,7770462221196.45
Costa Rica,CRI,2011,Exports as a capacity to import (constant LCU),NY.EXP.CAPM.KN,7236217932324.92
Costa Rica,CRI,2010,Exports as a capacity to import (constant LCU),NY.EXP.CAPM.KN,6893214495396.78
Costa Rica,CRI,2009,Exports as a capacity to import (constant LCU),NY.EXP.CAPM.KN,6047335207226.93
Costa Rica,CRI,2008,Exports as a capacity to import (constant LCU),NY.EXP.CAPM.KN,6154169244900.45
Costa Rica,CRI,2007,Exports as a capacity to import (constant LCU),NY.EXP.CAPM.KN,6260295445600
Costa Rica,CRI,2006,Exports as a capacity to import (constant LCU),NY.EXP.CAPM.KN,5987698031251.13
Costa Rica,CRI,2005,Exports as a capacity to import (constant LCU),NY.EXP.CAPM.KN,5663325543401.1
Costa Rica,CRI,2004,Exports as a capacity to import (constant LCU),NY.EXP.CAPM.KN,5466032528698.66
Costa Rica,CRI,2003,Exports as a capacity to import (constant LCU),NY.EXP.CAPM.KN,5071608033655.29
Costa Rica,CRI,2002,Exports as a capacity to import (constant LCU),NY.EXP.CAPM.KN,4845159272791.91
Costa Rica,CRI,2001,Exports as a capacity to import (constant LCU),NY.EXP.CAPM.KN,4813543168792.65
Costa Rica,CRI,2000,Exports as a capacity to import (constant LCU),NY.EXP.CAPM.KN,4720484542107.48
Costa Rica,CRI,1999,Exports as a capacity to import (constant LCU),NY.EXP.CAPM.KN,4719247023053.55
Costa Rica,CRI,1998,Exports as a capacity to import (constant LCU),NY.EXP.CAPM.KN,4706251320392.65
Costa Rica,CRI,1997,Exports as a capacity to import (constant LCU),NY.EXP.CAPM.KN,4001443514472.15
Costa Rica,CRI,1996,Exports as a capacity to import (constant LCU),NY.EXP.CAPM.KN,3495076924057.98
Costa Rica,CRI,1995,Exports as a capacity to import (constant LCU),NY.EXP.CAPM.KN,3415268247396.11
Costa Rica,CRI,1994,Exports as a capacity to import (constant LCU),NY.EXP.CAPM.KN,3075680912304.7
Costa Rica,CRI,1993,Exports as a capacity to import (constant LCU),NY.EXP.CAPM.KN,2868580078514.69
Costa Rica,CRI,1992,Exports as a capacity to import (constant LCU),NY.EXP.CAPM.KN,2610089848537.54
Costa Rica,CRI,1991,Exports as a capacity to import (constant LCU),NY.EXP.CAPM.KN,2155052611507.82
Costa Rica,CRI,1990,Exports as a capacity to import (constant LCU),NY.EXP.CAPM.KN,2104326356419.72
Costa Rica,CRI,1989,Exports as a capacity to import (constant LCU),NY.EXP.CAPM.KN,2054590116541.84
Costa Rica,CRI,1988,Exports as a capacity to import (constant LCU),NY.EXP.CAPM.KN,1861143253592.44
Costa Rica,CRI,1987,Exports as a capacity to import (constant LCU),NY.EXP.CAPM.KN,1748331619069.89
Costa Rica,CRI,1986,Exports as a capacity to import (constant LCU),NY.EXP.CAPM.KN,1727860861662.69
Costa Rica,CRI,1985,Exports as a capacity to import (constant LCU),NY.EXP.CAPM.KN,1352621385055.56
Costa Rica,CRI,1984,Exports as a capacity to import (constant LCU),NY.EXP.CAPM.KN,1365303209672.08
Costa Rica,CRI,1983,Exports as a capacity to import (constant LCU),NY.EXP.CAPM.KN,1194221815083.41
Costa Rica,CRI,1982,Exports as a capacity to import (constant LCU),NY.EXP.CAPM.KN,1125397543636.59
Costa Rica,CRI,1981,Exports as a capacity to import (constant LCU),NY.EXP.CAPM.KN,1154424284488.58
Costa Rica,CRI,1980,Exports as a capacity to import (constant LCU),NY.EXP.CAPM.KN,1254860695720.72
Costa Rica,CRI,1979,Exports as a capacity to import (constant LCU),NY.EXP.CAPM.KN,1307997555860.23
Costa Rica,CRI,1978,Exports as a capacity to import (constant LCU),NY.EXP.CAPM.KN,1373233152467.37
Costa Rica,CRI,1977,Exports as a capacity to import (constant LCU),NY.EXP.CAPM.KN,1387534610034.28
Costa Rica,CRI,1976,Exports as a capacity to import (constant LCU),NY.EXP.CAPM.KN,1081315685274.05
Costa Rica,CRI,1975,Exports as a capacity to import (constant LCU),NY.EXP.CAPM.KN,876534076214.764
Costa Rica,CRI,1974,Exports as a capacity to import (constant LCU),NY.EXP.CAPM.KN,835317370405.019
Costa Rica,CRI,1973,Exports as a capacity to import (constant LCU),NY.EXP.CAPM.KN,917299175581.234
Costa Rica,CRI,1972,Exports as a capacity to import (constant LCU),NY.EXP.CAPM.KN,850312871233.231
Costa Rica,CRI,1971,Exports as a capacity to import (constant LCU),NY.EXP.CAPM.KN,740389381422.513
Costa Rica,CRI,1970,Exports as a capacity to import (constant LCU),NY.EXP.CAPM.KN,768766273847.513
Costa Rica,CRI,1969,Exports as a capacity to import (constant LCU),NY.EXP.CAPM.KN,641310246309.144
Costa Rica,CRI,1968,Exports as a capacity to import (constant LCU),NY.EXP.CAPM.KN,585418436504.979
Costa Rica,CRI,1967,Exports as a capacity to import (constant LCU),NY.EXP.CAPM.KN,485404173504.859
Costa Rica,CRI,1966,Exports as a capacity to import (constant LCU),NY.EXP.CAPM.KN,465102785756.334
Costa Rica,CRI,1965,Exports as a capacity to import (constant LCU),NY.EXP.CAPM.KN,368185891300.359
Costa Rica,CRI,1964,Exports as a capacity to import (constant LCU),NY.EXP.CAPM.KN,359810492943.615
Costa Rica,CRI,1963,Exports as a capacity to import (constant LCU),NY.EXP.CAPM.KN,305701882461.423
Costa Rica,CRI,1962,Exports as a capacity to import (constant LCU),NY.EXP.CAPM.KN,294233252651.412
Costa Rica,CRI,1961,Exports as a capacity to import (constant LCU),NY.EXP.CAPM.KN,279224363438.657
Costa Rica,CRI,1960,Exports as a capacity to import (constant LCU),NY.EXP.CAPM.KN,275107781079.045
Costa Rica,CRI,2020,"International tourism, number of arrivals",ST.INT.ARVL,1146500
Costa Rica,CRI,2019,"International tourism, number of arrivals",ST.INT.ARVL,3366000
Costa Rica,CRI,2018,"International tourism, number of arrivals",ST.INT.ARVL,3313000
Costa Rica,CRI,2017,"International tourism, number of arrivals",ST.INT.ARVL,3231000
Costa Rica,CRI,2016,"International tourism, number of arrivals",ST.INT.ARVL,3204000
Costa Rica,CRI,2015,"International tourism, number of arrivals",ST.INT.ARVL,2899000
Costa Rica,CRI,2014,"International tourism, number of arrivals",ST.INT.ARVL,2760000
Costa Rica,CRI,2013,"International tourism, number of arrivals",ST.INT.ARVL,2641000
Costa Rica,CRI,2012,"International tourism, number of arrivals",ST.INT.ARVL,2542000
Costa Rica,CRI,2011,"International tourism, number of arrivals",ST.INT.ARVL,2526000
Costa Rica,CRI,2010,"International tourism, number of arrivals",ST.INT.ARVL,2495000
Costa Rica,CRI,2009,"International tourism, number of arrivals",ST.INT.ARVL,2309000
Costa Rica,CRI,2008,"International tourism, number of arrivals",ST.INT.ARVL,2409000
Costa Rica,CRI,2007,"International tourism, number of arrivals",ST.INT.ARVL,2302000
Costa Rica,CRI,2006,"International tourism, number of arrivals",ST.INT.ARVL,2071000
Costa Rica,CRI,2005,"International tourism, number of arrivals",ST.INT.ARVL,1959000
Costa Rica,CRI,2004,"International tourism, number of arrivals",ST.INT.ARVL,1771000
Costa Rica,CRI,2003,"International tourism, number of arrivals",ST.INT.ARVL,1514000
Costa Rica,CRI,2002,"International tourism, number of arrivals",ST.INT.ARVL,1335000
Costa Rica,CRI,2001,"International tourism, number of arrivals",ST.INT.ARVL,1320000
Costa Rica,CRI,2000,"International tourism, number of arrivals",ST.INT.ARVL,1278000
Costa Rica,CRI,1999,"International tourism, number of arrivals",ST.INT.ARVL,1267000
Costa Rica,CRI,1998,"International tourism, number of arrivals",ST.INT.ARVL,1167000
Costa Rica,CRI,1997,"International tourism, number of arrivals",ST.INT.ARVL,1013000
Costa Rica,CRI,1996,"International tourism, number of arrivals",ST.INT.ARVL,940000
Costa Rica,CRI,1995,"International tourism, number of arrivals",ST.INT.ARVL,924000
Costa Rica,CRI,2020,"International tourism, number of departures",ST.INT.DPRT,324000
Costa Rica,CRI,2019,"International tourism, number of departures",ST.INT.DPRT,1153000
Costa Rica,CRI,2018,"International tourism, number of departures",ST.INT.DPRT,1079000
Costa Rica,CRI,2017,"International tourism, number of departures",ST.INT.DPRT,1150000
Costa Rica,CRI,2016,"International tourism, number of departures",ST.INT.DPRT,1036000
Costa Rica,CRI,2015,"International tourism, number of departures",ST.INT.DPRT,919000
Costa Rica,CRI,2014,"International tourism, number of departures",ST.INT.DPRT,798000
Costa Rica,CRI,2013,"International tourism, number of departures",ST.INT.DPRT,790000
Costa Rica,CRI,2012,"International tourism, number of departures",ST.INT.DPRT,773000
Costa Rica,CRI,2011,"International tourism, number of departures",ST.INT.DPRT,717000
Costa Rica,CRI,2010,"International tourism, number of departures",ST.INT.DPRT,662000
Costa Rica,CRI,2009,"International tourism, number of departures",ST.INT.DPRT,579000
Costa Rica,CRI,2008,"International tourism, number of departures",ST.INT.DPRT,528000
Costa Rica,CRI,2007,"International tourism, number of departures",ST.INT.DPRT,577000
Costa Rica,CRI,2006,"International tourism, number of departures",ST.INT.DPRT,485000
Costa Rica,CRI,2005,"International tourism, number of departures",ST.INT.DPRT,487000
Costa Rica,CRI,2004,"International tourism, number of departures",ST.INT.DPRT,425000
Costa Rica,CRI,2003,"International tourism, number of departures",ST.INT.DPRT,373000
Costa Rica,CRI,2002,"International tourism, number of departures",ST.INT.DPRT,364000
Costa Rica,CRI,2001,"International tourism, number of departures",ST.INT.DPRT,361000
Costa Rica,CRI,2000,"International tourism, number of departures",ST.INT.DPRT,381000
Costa Rica,CRI,1999,"International tourism, number of departures",ST.INT.DPRT,353000
Costa Rica,CRI,1998,"International tourism, number of departures",ST.INT.DPRT,330000
Costa Rica,CRI,1997,"International tourism, number of departures",ST.INT.DPRT,288000
Costa Rica,CRI,1996,"International tourism, number of departures",ST.INT.DPRT,283000
Costa Rica,CRI,1995,"International tourism, number of departures",ST.INT.DPRT,273000
Costa Rica,CRI,2020,"International tourism, receipts (current US$)",ST.INT.RCPT.CD,1479000000
Costa Rica,CRI,2019,"International tourism, receipts (current US$)",ST.INT.RCPT.CD,4282000000
Costa Rica,CRI,2018,"International tourism, receipts (current US$)",ST.INT.RCPT.CD,4073000000
Costa Rica,CRI,2017,"International tourism, receipts (current US$)",ST.INT.RCPT.CD,3758000000
Costa Rica,CRI,2016,"International tourism, receipts (current US$)",ST.INT.RCPT.CD,3776000000
Costa Rica,CRI,2015,"International tourism, receipts (current US$)",ST.INT.RCPT.CD,3408000000
Costa Rica,CRI,2014,"International tourism, receipts (current US$)",ST.INT.RCPT.CD,3137000000
Costa Rica,CRI,2013,"International tourism, receipts (current US$)",ST.INT.RCPT.CD,3171000000
Costa Rica,CRI,2012,"International tourism, receipts (current US$)",ST.INT.RCPT.CD,2773000000
Costa Rica,CRI,2011,"International tourism, receipts (current US$)",ST.INT.RCPT.CD,2646000000
Costa Rica,CRI,2010,"International tourism, receipts (current US$)",ST.INT.RCPT.CD,2426000000
Costa Rica,CRI,2009,"International tourism, receipts (current US$)",ST.INT.RCPT.CD,2216000000
Costa Rica,CRI,2008,"International tourism, receipts (current US$)",ST.INT.RCPT.CD,2811000000
Costa Rica,CRI,2007,"International tourism, receipts (current US$)",ST.INT.RCPT.CD,2454000000
Costa Rica,CRI,2006,"International tourism, receipts (current US$)",ST.INT.RCPT.CD,2066000000
Costa Rica,CRI,2005,"International tourism, receipts (current US$)",ST.INT.RCPT.CD,2008000000
Costa Rica,CRI,2004,"International tourism, receipts (current US$)",ST.INT.RCPT.CD,1755000000
Costa Rica,CRI,2003,"International tourism, receipts (current US$)",ST.INT.RCPT.CD,1573000000
Costa Rica,CRI,2002,"International tourism, receipts (current US$)",ST.INT.RCPT.CD,1429000000
Costa Rica,CRI,2001,"International tourism, receipts (current US$)",ST.INT.RCPT.CD,1480000000
Costa Rica,CRI,2000,"International tourism, receipts (current US$)",ST.INT.RCPT.CD,1629000000
Costa Rica,CRI,1999,"International tourism, receipts (current US$)",ST.INT.RCPT.CD,1256000000
Costa Rica,CRI,1998,"International tourism, receipts (current US$)",ST.INT.RCPT.CD,1038000000
Costa Rica,CRI,1997,"International tourism, receipts (current US$)",ST.INT.RCPT.CD,860000000
Costa Rica,CRI,1996,"International tourism, receipts (current US$)",ST.INT.RCPT.CD,797000000
Costa Rica,CRI,1995,"International tourism, receipts (current US$)",ST.INT.RCPT.CD,763000000
Costa Rica,CRI,2020,"International tourism, receipts (% of total exports)",ST.INT.RCPT.XP.ZS,7.40531362400924
Costa Rica,CRI,2019,"International tourism, receipts (% of total exports)",ST.INT.RCPT.XP.ZS,18.826592424136
Costa Rica,CRI,2018,"International tourism, receipts (% of total exports)",ST.INT.RCPT.XP.ZS,18.9608711422689
Costa Rica,CRI,2017,"International tourism, receipts (% of total exports)",ST.INT.RCPT.XP.ZS,19.3627805381231
Costa Rica,CRI,2016,"International tourism, receipts (% of total exports)",ST.INT.RCPT.XP.ZS,20.2603493491788
Costa Rica,CRI,2015,"International tourism, receipts (% of total exports)",ST.INT.RCPT.XP.ZS,19.8763598756152
Costa Rica,CRI,2014,"International tourism, receipts (% of total exports)",ST.INT.RCPT.XP.ZS,18.9413096506464
Costa Rica,CRI,2013,"International tourism, receipts (% of total exports)",ST.INT.RCPT.XP.ZS,20.04995370882
Costa Rica,CRI,2012,"International tourism, receipts (% of total exports)",ST.INT.RCPT.XP.ZS,18.3263881553045
Costa Rica,CRI,2011,"International tourism, receipts (% of total exports)",ST.INT.RCPT.XP.ZS,18.7877942757276
Costa Rica,CRI,2010,"International tourism, receipts (% of total exports)",ST.INT.RCPT.XP.ZS,19.3862751896658
Costa Rica,CRI,2009,"International tourism, receipts (% of total exports)",ST.INT.RCPT.XP.ZS,20.5634850406392
Costa Rica,CRI,2008,"International tourism, receipts (% of total exports)",ST.INT.RCPT.XP.ZS,23.1968289375291
Costa Rica,CRI,2007,"International tourism, receipts (% of total exports)",ST.INT.RCPT.XP.ZS,22.3214260417399
Costa Rica,CRI,2006,"International tourism, receipts (% of total exports)",ST.INT.RCPT.XP.ZS,20.8705667544808
Costa Rica,CRI,2005,"International tourism, receipts (% of total exports)",ST.INT.RCPT.XP.ZS,22.906577703843
Costa Rica,CRI,2004,"International tourism, receipts (% of total exports)",ST.INT.RCPT.XP.ZS,22.2117488901232
Costa Rica,CRI,2003,"International tourism, receipts (% of total exports)",ST.INT.RCPT.XP.ZS,22.2704794466318
Costa Rica,CRI,2002,"International tourism, receipts (% of total exports)",ST.INT.RCPT.XP.ZS,21.8651279213346
Costa Rica,CRI,2001,"International tourism, receipts (% of total exports)",ST.INT.RCPT.XP.ZS,22.7438793004657
Costa Rica,CRI,2000,"International tourism, receipts (% of total exports)",ST.INT.RCPT.XP.ZS,25.1265284470009
Costa Rica,CRI,1999,"International tourism, receipts (% of total exports)",ST.INT.RCPT.XP.ZS,20.1954893578087
Costa Rica,CRI,1998,"International tourism, receipts (% of total exports)",ST.INT.RCPT.XP.ZS,19.7613784989348
Costa Rica,CRI,1997,"International tourism, receipts (% of total exports)",ST.INT.RCPT.XP.ZS,19.9373873305786
Costa Rica,CRI,1996,"International tourism, receipts (% of total exports)",ST.INT.RCPT.XP.ZS,19.6046598579216
Costa Rica,CRI,1995,"International tourism, receipts (% of total exports)",ST.INT.RCPT.XP.ZS,20.6551164049811
Costa Rica,CRI,2020,"International tourism, receipts for passenger transport items (current US$)",ST.INT.TRNR.CD,123000000
Costa Rica,CRI,2019,"International tourism, receipts for passenger transport items (current US$)",ST.INT.TRNR.CD,274000000
Costa Rica,CRI,2018,"International tourism, receipts for passenger transport items (current US$)",ST.INT.TRNR.CD,304000000
Costa Rica,CRI,2017,"International tourism, receipts for passenger transport items (current US$)",ST.INT.TRNR.CD,102000000
Costa Rica,CRI,2016,"International tourism, receipts for passenger transport items (current US$)",ST.INT.TRNR.CD,128000000
Costa Rica,CRI,2015,"International tourism, receipts for passenger transport items (current US$)",ST.INT.TRNR.CD,142000000
Costa Rica,CRI,2014,"International tourism, receipts for passenger transport items (current US$)",ST.INT.TRNR.CD,141000000
Costa Rica,CRI,2013,"International tourism, receipts for passenger transport items (current US$)",ST.INT.TRNR.CD,243000000
Costa Rica,CRI,2012,"International tourism, receipts for passenger transport items (current US$)",ST.INT.TRNR.CD,244000000
Costa Rica,CRI,2011,"International tourism, receipts for passenger transport items (current US$)",ST.INT.TRNR.CD,223000000
Costa Rica,CRI,2010,"International tourism, receipts for passenger transport items (current US$)",ST.INT.TRNR.CD,180000000
Costa Rica,CRI,2009,"International tourism, receipts for passenger transport items (current US$)",ST.INT.TRNR.CD,186000000
Costa Rica,CRI,2008,"International tourism, receipts for passenger transport items (current US$)",ST.INT.TRNR.CD,250000000
Costa Rica,CRI,2007,"International tourism, receipts for passenger transport items (current US$)",ST.INT.TRNR.CD,195000000
Costa Rica,CRI,2006,"International tourism, receipts for passenger transport items (current US$)",ST.INT.TRNR.CD,158000000
Costa Rica,CRI,2005,"International tourism, receipts for passenger transport items (current US$)",ST.INT.TRNR.CD,139000000
Costa Rica,CRI,2004,"International tourism, receipts for passenger transport items (current US$)",ST.INT.TRNR.CD,127000000
Costa Rica,CRI,2003,"International tourism, receipts for passenger transport items (current US$)",ST.INT.TRNR.CD,131000000
Costa Rica,CRI,2002,"International tourism, receipts for passenger transport items (current US$)",ST.INT.TRNR.CD,131000000
Costa Rica,CRI,2001,"International tourism, receipts for passenger transport items (current US$)",ST.INT.TRNR.CD,166000000
Costa Rica,CRI,2000,"International tourism, receipts for passenger transport items (current US$)",ST.INT.TRNR.CD,175000000
Costa Rica,CRI,1999,"International tourism, receipts for passenger transport items (current US$)",ST.INT.TRNR.CD,158000000
Costa Rica,CRI,1998,"International tourism, receipts for passenger transport items (current US$)",ST.INT.TRNR.CD,124000000
Costa Rica,CRI,1997,"International tourism, receipts for passenger transport items (current US$)",ST.INT.TRNR.CD,118000000
Costa Rica,CRI,1996,"International tourism, receipts for passenger transport items (current US$)",ST.INT.TRNR.CD,87000000
Costa Rica,CRI,1995,"International tourism, receipts for passenger transport items (current US$)",ST.INT.TRNR.CD,82000000
Costa Rica,CRI,2020,"International tourism, expenditures for passenger transport items (current US$)",ST.INT.TRNX.CD,397000000
Costa Rica,CRI,2019,"International tourism, expenditures for passenger transport items (current US$)",ST.INT.TRNX.CD,380000000
Costa Rica,CRI,2018,"International tourism, expenditures for passenger transport items (current US$)",ST.INT.TRNX.CD,360000000
Costa Rica,CRI,2017,"International tourism, expenditures for passenger transport items (current US$)",ST.INT.TRNX.CD,278000000
Costa Rica,CRI,2016,"International tourism, expenditures for passenger transport items (current US$)",ST.INT.TRNX.CD,252000000
Costa Rica,CRI,2015,"International tourism, expenditures for passenger transport items (current US$)",ST.INT.TRNX.CD,208000000
Costa Rica,CRI,2014,"International tourism, expenditures for passenger transport items (current US$)",ST.INT.TRNX.CD,207000000
Costa Rica,CRI,2013,"International tourism, expenditures for passenger transport items (current US$)",ST.INT.TRNX.CD,224000000
Costa Rica,CRI,2012,"International tourism, expenditures for passenger transport items (current US$)",ST.INT.TRNX.CD,225000000
Costa Rica,CRI,2011,"International tourism, expenditures for passenger transport items (current US$)",ST.INT.TRNX.CD,220000000
Costa Rica,CRI,2010,"International tourism, expenditures for passenger transport items (current US$)",ST.INT.TRNX.CD,211000000
Costa Rica,CRI,2009,"International tourism, expenditures for passenger transport items (current US$)",ST.INT.TRNX.CD,137000000
Costa Rica,CRI,2008,"International tourism, expenditures for passenger transport items (current US$)",ST.INT.TRNX.CD,167000000
Costa Rica,CRI,2007,"International tourism, expenditures for passenger transport items (current US$)",ST.INT.TRNX.CD,200000000
Costa Rica,CRI,2006,"International tourism, expenditures for passenger transport items (current US$)",ST.INT.TRNX.CD,168000000
Costa Rica,CRI,2005,"International tourism, expenditures for passenger transport items (current US$)",ST.INT.TRNX.CD,128000000
Costa Rica,CRI,2004,"International tourism, expenditures for passenger transport items (current US$)",ST.INT.TRNX.CD,129000000
Costa Rica,CRI,2003,"International tourism, expenditures for passenger transport items (current US$)",ST.INT.TRNX.CD,135000000
Costa Rica,CRI,2002,"International tourism, expenditures for passenger transport items (current US$)",ST.INT.TRNX.CD,86000000
Costa Rica,CRI,2001,"International tourism, expenditures for passenger transport items (current US$)",ST.INT.TRNX.CD,70000000
Costa Rica,CRI,2000,"International tourism, expenditures for passenger transport items (current US$)",ST.INT.TRNX.CD,66000000
Costa Rica,CRI,1999,"International tourism, expenditures for passenger transport items (current US$)",ST.INT.TRNX.CD,62000000
Costa Rica,CRI,1998,"International tourism, expenditures for passenger transport items (current US$)",ST.INT.TRNX.CD,57000000
Costa Rica,CRI,1997,"International tourism, expenditures for passenger transport items (current US$)",ST.INT.TRNX.CD,53000000
Costa Rica,CRI,1996,"International tourism, expenditures for passenger transport items (current US$)",ST.INT.TRNX.CD,21000000
Costa Rica,CRI,1995,"International tourism, expenditures for passenger transport items (current US$)",ST.INT.TRNX.CD,13000000
Costa Rica,CRI,2020,"International tourism, receipts for travel items (current US$)",ST.INT.TVLR.CD,1356000000
Costa Rica,CRI,2019,"International tourism, receipts for travel items (current US$)",ST.INT.TVLR.CD,4008000000
Costa Rica,CRI,2018,"International tourism, receipts for travel items (current US$)",ST.INT.TVLR.CD,3769000000
Costa Rica,CRI,2017,"International tourism, receipts for travel items (current US$)",ST.INT.TVLR.CD,3656000000
Costa Rica,CRI,2016,"International tourism, receipts for travel items (current US$)",ST.INT.TVLR.CD,3648000000
Costa Rica,CRI,2015,"International tourism, receipts for travel items (current US$)",ST.INT.TVLR.CD,3266000000
Costa Rica,CRI,2014,"International tourism, receipts for travel items (current US$)",ST.INT.TVLR.CD,2996000000
Costa Rica,CRI,2013,"International tourism, receipts for travel items (current US$)",ST.INT.TVLR.CD,2928000000
Costa Rica,CRI,2012,"International tourism, receipts for travel items (current US$)",ST.INT.TVLR.CD,2529000000
Costa Rica,CRI,2011,"International tourism, receipts for travel items (current US$)",ST.INT.TVLR.CD,2423000000
Costa Rica,CRI,2010,"International tourism, receipts for travel items (current US$)",ST.INT.TVLR.CD,2246000000
Costa Rica,CRI,2009,"International tourism, receipts for travel items (current US$)",ST.INT.TVLR.CD,2030000000
Costa Rica,CRI,2008,"International tourism, receipts for travel items (current US$)",ST.INT.TVLR.CD,2561000000
Costa Rica,CRI,2007,"International tourism, receipts for travel items (current US$)",ST.INT.TVLR.CD,2259000000
Costa Rica,CRI,2006,"International tourism, receipts for travel items (current US$)",ST.INT.TVLR.CD,1908000000
Costa Rica,CRI,2005,"International tourism, receipts for travel items (current US$)",ST.INT.TVLR.CD,1869000000
Costa Rica,CRI,2004,"International tourism, receipts for travel items (current US$)",ST.INT.TVLR.CD,1628000000
Costa Rica,CRI,2003,"International tourism, receipts for travel items (current US$)",ST.INT.TVLR.CD,1442000000
Costa Rica,CRI,2002,"International tourism, receipts for travel items (current US$)",ST.INT.TVLR.CD,1298000000
Costa Rica,CRI,2001,"International tourism, receipts for travel items (current US$)",ST.INT.TVLR.CD,1314000000
Costa Rica,CRI,2000,"International tourism, receipts for travel items (current US$)",ST.INT.TVLR.CD,1454000000
Costa Rica,CRI,1999,"International tourism, receipts for travel items (current US$)",ST.INT.TVLR.CD,1098000000
Costa Rica,CRI,1998,"International tourism, receipts for travel items (current US$)",ST.INT.TVLR.CD,914000000
Costa Rica,CRI,1997,"International tourism, receipts for travel items (current US$)",ST.INT.TVLR.CD,742000000
Costa Rica,CRI,1996,"International tourism, receipts for travel items (current US$)",ST.INT.TVLR.CD,710000000
Costa Rica,CRI,1995,"International tourism, receipts for travel items (current US$)",ST.INT.TVLR.CD,681000000
Costa Rica,CRI,2020,"International tourism, expenditures for travel items (current US$)",ST.INT.TVLX.CD,300000000
Costa Rica,CRI,2019,"International tourism, expenditures for travel items (current US$)",ST.INT.TVLX.CD,950000000
Costa Rica,CRI,2018,"International tourism, expenditures for travel items (current US$)",ST.INT.TVLX.CD,838000000
Costa Rica,CRI,2017,"International tourism, expenditures for travel items (current US$)",ST.INT.TVLX.CD,1044000000
Costa Rica,CRI,2016,"International tourism, expenditures for travel items (current US$)",ST.INT.TVLX.CD,803000000
Costa Rica,CRI,2015,"International tourism, expenditures for travel items (current US$)",ST.INT.TVLX.CD,690000000
Costa Rica,CRI,2014,"International tourism, expenditures for travel items (current US$)",ST.INT.TVLX.CD,450000000
Costa Rica,CRI,2013,"International tourism, expenditures for travel items (current US$)",ST.INT.TVLX.CD,425000000
Costa Rica,CRI,2012,"International tourism, expenditures for travel items (current US$)",ST.INT.TVLX.CD,422000000
Costa Rica,CRI,2011,"International tourism, expenditures for travel items (current US$)",ST.INT.TVLX.CD,400000000
Costa Rica,CRI,2010,"International tourism, expenditures for travel items (current US$)",ST.INT.TVLX.CD,418000000
Costa Rica,CRI,2009,"International tourism, expenditures for travel items (current US$)",ST.INT.TVLX.CD,363000000
Costa Rica,CRI,2008,"International tourism, expenditures for travel items (current US$)",ST.INT.TVLX.CD,586000000
Costa Rica,CRI,2007,"International tourism, expenditures for travel items (current US$)",ST.INT.TVLX.CD,625000000
Costa Rica,CRI,2006,"International tourism, expenditures for travel items (current US$)",ST.INT.TVLX.CD,479000000
Costa Rica,CRI,2005,"International tourism, expenditures for travel items (current US$)",ST.INT.TVLX.CD,463000000
Costa Rica,CRI,2004,"International tourism, expenditures for travel items (current US$)",ST.INT.TVLX.CD,401000000
Costa Rica,CRI,2003,"International tourism, expenditures for travel items (current US$)",ST.INT.TVLX.CD,349000000
Costa Rica,CRI,2002,"International tourism, expenditures for travel items (current US$)",ST.INT.TVLX.CD,341000000
Costa Rica,CRI,2001,"International tourism, expenditures for travel items (current US$)",ST.INT.TVLX.CD,360000000
Costa Rica,CRI,2000,"International tourism, expenditures for travel items (current US$)",ST.INT.TVLX.CD,479000000
Costa Rica,CRI,1999,"International tourism, expenditures for travel items (current US$)",ST.INT.TVLX.CD,447000000
Costa Rica,CRI,1998,"International tourism, expenditures for travel items (current US$)",ST.INT.TVLX.CD,409000000
Costa Rica,CRI,1997,"International tourism, expenditures for travel items (current US$)",ST.INT.TVLX.CD,348000000
Costa Rica,CRI,1996,"International tourism, expenditures for travel items (current US$)",ST.INT.TVLX.CD,336000000
Costa Rica,CRI,1995,"International tourism, expenditures for travel items (current US$)",ST.INT.TVLX.CD,323000000
Costa Rica,CRI,2020,"International tourism, expenditures (current US$)",ST.INT.XPND.CD,697000000
Costa Rica,CRI,2019,"International tourism, expenditures (current US$)",ST.INT.XPND.CD,1330000000
Costa Rica,CRI,2018,"International tourism, expenditures (current US$)",ST.INT.XPND.CD,1198000000
Costa Rica,CRI,2017,"International tourism, expenditures (current US$)",ST.INT.XPND.CD,1322000000
Costa Rica,CRI,2016,"International tourism, expenditures (current US$)",ST.INT.XPND.CD,1055000000
Costa Rica,CRI,2015,"International tourism, expenditures (current US$)",ST.INT.XPND.CD,898000000
Costa Rica,CRI,2014,"International tourism, expenditures (current US$)",ST.INT.XPND.CD,657000000
Costa Rica,CRI,2013,"International tourism, expenditures (current US$)",ST.INT.XPND.CD,649000000
Costa Rica,CRI,2012,"International tourism, expenditures (current US$)",ST.INT.XPND.CD,647000000
Costa Rica,CRI,2011,"International tourism, expenditures (current US$)",ST.INT.XPND.CD,620000000
Costa Rica,CRI,2010,"International tourism, expenditures (current US$)",ST.INT.XPND.CD,629000000
Costa Rica,CRI,2009,"International tourism, expenditures (current US$)",ST.INT.XPND.CD,500000000
Costa Rica,CRI,2008,"International tourism, expenditures (current US$)",ST.INT.XPND.CD,753000000
Costa Rica,CRI,2007,"International tourism, expenditures (current US$)",ST.INT.XPND.CD,825000000
Costa Rica,CRI,2006,"International tourism, expenditures (current US$)",ST.INT.XPND.CD,647000000
Costa Rica,CRI,2005,"International tourism, expenditures (current US$)",ST.INT.XPND.CD,591000000
Costa Rica,CRI,2004,"International tourism, expenditures (current US$)",ST.INT.XPND.CD,530000000
Costa Rica,CRI,2003,"International tourism, expenditures (current US$)",ST.INT.XPND.CD,484000000
Costa Rica,CRI,2002,"International tourism, expenditures (current US$)",ST.INT.XPND.CD,427000000
Costa Rica,CRI,2001,"International tourism, expenditures (current US$)",ST.INT.XPND.CD,430000000
Costa Rica,CRI,2000,"International tourism, expenditures (current US$)",ST.INT.XPND.CD,545000000
Costa Rica,CRI,1999,"International tourism, expenditures (current US$)",ST.INT.XPND.CD,509000000
Costa Rica,CRI,1998,"International tourism, expenditures (current US$)",ST.INT.XPND.CD,466000000
Costa Rica,CRI,1997,"International tourism, expenditures (current US$)",ST.INT.XPND.CD,401000000
Costa Rica,CRI,1996,"International tourism, expenditures (current US$)",ST.INT.XPND.CD,357000000
Costa Rica,CRI,1995,"International tourism, expenditures (current US$)",ST.INT.XPND.CD,336000000
Costa Rica,CRI,2020,"International tourism, expenditures (% of total imports)",ST.INT.XPND.MP.ZS,3.97928130200665
Costa Rica,CRI,2019,"International tourism, expenditures (% of total imports)",ST.INT.XPND.MP.ZS,6.56398242743719
Costa Rica,CRI,2018,"International tourism, expenditures (% of total imports)",ST.INT.XPND.MP.ZS,5.82626062356798
Costa Rica,CRI,2017,"International tourism, expenditures (% of total imports)",ST.INT.XPND.MP.ZS,6.95239093031042
Costa Rica,CRI,2016,"International tourism, expenditures (% of total imports)",ST.INT.XPND.MP.ZS,5.87625523339126
Costa Rica,CRI,2015,"International tourism, expenditures (% of total imports)",ST.INT.XPND.MP.ZS,5.23785030584606
Costa Rica,CRI,2014,"International tourism, expenditures (% of total imports)",ST.INT.XPND.MP.ZS,3.78650066392884
Costa Rica,CRI,2013,"International tourism, expenditures (% of total imports)",ST.INT.XPND.MP.ZS,3.86063472756409
Costa Rica,CRI,2012,"International tourism, expenditures (% of total imports)",ST.INT.XPND.MP.ZS,3.92243503477704
Costa Rica,CRI,2011,"International tourism, expenditures (% of total imports)",ST.INT.XPND.MP.ZS,4.05808121612429
Costa Rica,CRI,2010,"International tourism, expenditures (% of total imports)",ST.INT.XPND.MP.ZS,4.86474694041684
Costa Rica,CRI,2009,"International tourism, expenditures (% of total imports)",ST.INT.XPND.MP.ZS,4.68134843838752
Costa Rica,CRI,2008,"International tourism, expenditures (% of total imports)",ST.INT.XPND.MP.ZS,5.18395592991968
Costa Rica,CRI,2007,"International tourism, expenditures (% of total imports)",ST.INT.XPND.MP.ZS,6.72623307872767
Costa Rica,CRI,2006,"International tourism, expenditures (% of total imports)",ST.INT.XPND.MP.ZS,6.1559698005837
Costa Rica,CRI,2005,"International tourism, expenditures (% of total imports)",ST.INT.XPND.MP.ZS,6.47550804128426
Costa Rica,CRI,2004,"International tourism, expenditures (% of total imports)",ST.INT.XPND.MP.ZS,6.64299505066189
Costa Rica,CRI,2003,"International tourism, expenditures (% of total imports)",ST.INT.XPND.MP.ZS,6.58799217570644
Costa Rica,CRI,2002,"International tourism, expenditures (% of total imports)",ST.INT.XPND.MP.ZS,6.27628626116919
Costa Rica,CRI,2001,"International tourism, expenditures (% of total imports)",ST.INT.XPND.MP.ZS,6.68910472759352
Costa Rica,CRI,2000,"International tourism, expenditures (% of total imports)",ST.INT.XPND.MP.ZS,8.34755557131643
Costa Rica,CRI,1999,"International tourism, expenditures (% of total imports)",ST.INT.XPND.MP.ZS,9.84907289214016
Costa Rica,CRI,1998,"International tourism, expenditures (% of total imports)",ST.INT.XPND.MP.ZS,8.60076927052188
Costa Rica,CRI,1997,"International tourism, expenditures (% of total imports)",ST.INT.XPND.MP.ZS,8.58503249895096
Costa Rica,CRI,1996,"International tourism, expenditures (% of total imports)",ST.INT.XPND.MP.ZS,8.31340367512988
Costa Rica,CRI,1995,"International tourism, expenditures (% of total imports)",ST.INT.XPND.MP.ZS,8.48368733370332
Costa Rica,CRI,2024,Merchandise trade (% of GDP),TG.VAL.TOTL.GD.ZS,50.5210133265456
Costa Rica,CRI,2023,Merchandise trade (% of GDP),TG.VAL.TOTL.GD.ZS,49.7861559287848
Costa Rica,CRI,2022,Merchandise trade (% of GDP),TG.VAL.TOTL.GD.ZS,56.7301313535135
Costa Rica,CRI,2021,Merchandise trade (% of GDP),TG.VAL.TOTL.GD.ZS,55.7598450303488
Costa Rica,CRI,2020,Merchandise trade (% of GDP),TG.VAL.TOTL.GD.ZS,43.6905732117379
Costa Rica,CRI,2019,Merchandise trade (% of GDP),TG.VAL.TOTL.GD.ZS,45.6970886431713
Costa Rica,CRI,2018,Merchandise trade (% of GDP),TG.VAL.TOTL.GD.ZS,47.7153496855297
Costa Rica,CRI,2017,Merchandise trade (% of GDP),TG.VAL.TOTL.GD.ZS,45.5499035940805
Costa Rica,CRI,2016,Merchandise trade (% of GDP),TG.VAL.TOTL.GD.ZS,43.8713806938926
Costa Rica,CRI,2015,Merchandise trade (% of GDP),TG.VAL.TOTL.GD.ZS,45.5246731975906
Costa Rica,CRI,2014,Merchandise trade (% of GDP),TG.VAL.TOTL.GD.ZS,55.2883227302441
Costa Rica,CRI,2013,Merchandise trade (% of GDP),TG.VAL.TOTL.GD.ZS,58.1102893760924
Costa Rica,CRI,2012,Merchandise trade (% of GDP),TG.VAL.TOTL.GD.ZS,61.4503127927826
Costa Rica,CRI,2011,Merchandise trade (% of GDP),TG.VAL.TOTL.GD.ZS,62.2693462740069
Costa Rica,CRI,2010,Merchandise trade (% of GDP),TG.VAL.TOTL.GD.ZS,61.1227970200022
Costa Rica,CRI,2009,Merchandise trade (% of GDP),TG.VAL.TOTL.GD.ZS,65.6319114749044
Costa Rica,CRI,2008,Merchandise trade (% of GDP),TG.VAL.TOTL.GD.ZS,80.7616563097444
Costa Rica,CRI,2007,Merchandise trade (% of GDP),TG.VAL.TOTL.GD.ZS,82.9058885237196
Costa Rica,CRI,2006,Merchandise trade (% of GDP),TG.VAL.TOTL.GD.ZS,86.936078640717
Costa Rica,CRI,2005,Merchandise trade (% of GDP),TG.VAL.TOTL.GD.ZS,84.0791407728251
Costa Rica,CRI,2004,Merchandise trade (% of GDP),TG.VAL.TOTL.GD.ZS,78.2833655796245
Costa Rica,CRI,2003,Merchandise trade (% of GDP),TG.VAL.TOTL.GD.ZS,79.6965659317848
Costa Rica,CRI,2002,Merchandise trade (% of GDP),TG.VAL.TOTL.GD.ZS,75.1078754929031
Costa Rica,CRI,2001,Merchandise trade (% of GDP),TG.VAL.TOTL.GD.ZS,72.5455278312683
Costa Rica,CRI,2000,Merchandise trade (% of GDP),TG.VAL.TOTL.GD.ZS,81.5192613353277
Costa Rica,CRI,1999,Merchandise trade (% of GDP),TG.VAL.TOTL.GD.ZS,91.316184522988
Costa Rica,CRI,1998,Merchandise trade (% of GDP),TG.VAL.TOTL.GD.ZS,85.9747146350575
Costa Rica,CRI,1997,Merchandise trade (% of GDP),TG.VAL.TOTL.GD.ZS,73.7637201560079
Costa Rica,CRI,1996,Merchandise trade (% of GDP),TG.VAL.TOTL.GD.ZS,69.2302287434731
Costa Rica,CRI,1995,Merchandise trade (% of GDP),TG.VAL.TOTL.GD.ZS,65.3447200082351
Costa Rica,CRI,1994,Merchandise trade (% of GDP),TG.VAL.TOTL.GD.ZS,63.5563507042385
Costa Rica,CRI,1993,Merchandise trade (% of GDP),TG.VAL.TOTL.GD.ZS,64.2040580389247
Costa Rica,CRI,1992,Merchandise trade (% of GDP),TG.VAL.TOTL.GD.ZS,49.9081864320317
Costa Rica,CRI,1991,Merchandise trade (% of GDP),TG.VAL.TOTL.GD.ZS,48.1587056785006
Costa Rica,CRI,1990,Merchandise trade (% of GDP),TG.VAL.TOTL.GD.ZS,60.192365695645
Costa Rica,CRI,1989,Merchandise trade (% of GDP),TG.VAL.TOTL.GD.ZS,59.6454890661352
Costa Rica,CRI,1988,Merchandise trade (% of GDP),TG.VAL.TOTL.GD.ZS,57.556078352435
Costa Rica,CRI,1987,Merchandise trade (% of GDP),TG.VAL.TOTL.GD.ZS,56.0561853195442
Costa Rica,CRI,1986,Merchandise trade (% of GDP),TG.VAL.TOTL.GD.ZS,51.3466458863335
Costa Rica,CRI,1985,Merchandise trade (% of GDP),TG.VAL.TOTL.GD.ZS,52.9189095785263
Costa Rica,CRI,1984,Merchandise trade (% of GDP),TG.VAL.TOTL.GD.ZS,57.369558906797
Costa Rica,CRI,1983,Merchandise trade (% of GDP),TG.VAL.TOTL.GD.ZS,59.1399576124782
Costa Rica,CRI,1982,Merchandise trade (% of GDP),TG.VAL.TOTL.GD.ZS,67.4819345094498
Costa Rica,CRI,1981,Merchandise trade (% of GDP),TG.VAL.TOTL.GD.ZS,84.4956697993644
Costa Rica,CRI,1980,Merchandise trade (% of GDP),TG.VAL.TOTL.GD.ZS,52.6136372682153
Costa Rica,CRI,1979,Merchandise trade (% of GDP),TG.VAL.TOTL.GD.ZS,57.7620824806199
Costa Rica,CRI,1978,Merchandise trade (% of GDP),TG.VAL.TOTL.GD.ZS,57.6463136204053
Costa Rica,CRI,1977,Merchandise trade (% of GDP),TG.VAL.TOTL.GD.ZS,60.1804369078763
Costa Rica,CRI,1976,Merchandise trade (% of GDP),TG.VAL.TOTL.GD.ZS,56.4961113583161
Costa Rica,CRI,1975,Merchandise trade (% of GDP),TG.VAL.TOTL.GD.ZS,60.5345563746507
Costa Rica,CRI,1974,Merchandise trade (% of GDP),TG.VAL.TOTL.GD.ZS,69.6050914412789
Costa Rica,CRI,1973,Merchandise trade (% of GDP),TG.VAL.TOTL.GD.ZS,52.3243165755696
Costa Rica,CRI,1972,Merchandise trade (% of GDP),TG.VAL.TOTL.GD.ZS,52.8164025414445
Costa Rica,CRI,1971,Merchandise trade (% of GDP),TG.VAL.TOTL.GD.ZS,53.38173091138
Costa Rica,CRI,1970,Merchandise trade (% of GDP),TG.VAL.TOTL.GD.ZS,55.644112365518
Costa Rica,CRI,1969,Merchandise trade (% of GDP),TG.VAL.TOTL.GD.ZS,50.9588341739813
Costa Rica,CRI,1968,Merchandise trade (% of GDP),TG.VAL.TOTL.GD.ZS,49.7517906207071
Costa Rica,CRI,1967,Merchandise trade (% of GDP),TG.VAL.TOTL.GD.ZS,47.8943212435676
Costa Rica,CRI,1966,Merchandise trade (% of GDP),TG.VAL.TOTL.GD.ZS,48.6632566301304
Costa Rica,CRI,1965,Merchandise trade (% of GDP),TG.VAL.TOTL.GD.ZS,48.9054321544899
Costa Rica,CRI,1964,Merchandise trade (% of GDP),TG.VAL.TOTL.GD.ZS,46.6292088432782
Costa Rica,CRI,1963,Merchandise trade (% of GDP),TG.VAL.TOTL.GD.ZS,42.7816147368997
Costa Rica,CRI,1962,Merchandise trade (% of GDP),TG.VAL.TOTL.GD.ZS,42.9900341442247
Costa Rica,CRI,1961,Merchandise trade (% of GDP),TG.VAL.TOTL.GD.ZS,38.953740734094
Costa Rica,CRI,1960,Merchandise trade (% of GDP),TG.VAL.TOTL.GD.ZS,38.2255592920427
Costa Rica,CRI,2023,Import volume index (2015 = 100),TM.QTY.MRCH.XD.WD,117.8
Costa Rica,CRI,2022,Import volume index (2015 = 100),TM.QTY.MRCH.XD.WD,110.1
Costa Rica,CRI,2021,Import volume index (2015 = 100),TM.QTY.MRCH.XD.WD,117.2
Costa Rica,CRI,2020,Import volume index (2015 = 100),TM.QTY.MRCH.XD.WD,89.5
Costa Rica,CRI,2019,Import volume index (2015 = 100),TM.QTY.MRCH.XD.WD,104.8
Costa Rica,CRI,2018,Import volume index (2015 = 100),TM.QTY.MRCH.XD.WD,109.5
Costa Rica,CRI,2017,Import volume index (2015 = 100),TM.QTY.MRCH.XD.WD,107.2
Costa Rica,CRI,2016,Import volume index (2015 = 100),TM.QTY.MRCH.XD.WD,99.6
Costa Rica,CRI,2015,Import volume index (2015 = 100),TM.QTY.MRCH.XD.WD,100
Costa Rica,CRI,2014,Import volume index (2015 = 100),TM.QTY.MRCH.XD.WD,100.3
Costa Rica,CRI,2013,Import volume index (2015 = 100),TM.QTY.MRCH.XD.WD,102.1
Costa Rica,CRI,2012,Import volume index (2015 = 100),TM.QTY.MRCH.XD.WD,98.8
Costa Rica,CRI,2011,Import volume index (2015 = 100),TM.QTY.MRCH.XD.WD,91
Costa Rica,CRI,2010,Import volume index (2015 = 100),TM.QTY.MRCH.XD.WD,82
Costa Rica,CRI,2009,Import volume index (2015 = 100),TM.QTY.MRCH.XD.WD,70
Costa Rica,CRI,2008,Import volume index (2015 = 100),TM.QTY.MRCH.XD.WD,85.5
Costa Rica,CRI,2007,Import volume index (2015 = 100),TM.QTY.MRCH.XD.WD,80.2
Costa Rica,CRI,2006,Import volume index (2015 = 100),TM.QTY.MRCH.XD.WD,75.5
Costa Rica,CRI,2005,Import volume index (2015 = 100),TM.QTY.MRCH.XD.WD,68.6
Costa Rica,CRI,2004,Import volume index (2015 = 100),TM.QTY.MRCH.XD.WD,61.6300678378
Costa Rica,CRI,2003,Import volume index (2015 = 100),TM.QTY.MRCH.XD.WD,59.2512870513
Costa Rica,CRI,2002,Import volume index (2015 = 100),TM.QTY.MRCH.XD.WD,56.8770098634
Costa Rica,CRI,2001,Import volume index (2015 = 100),TM.QTY.MRCH.XD.WD,51.2386715543
Costa Rica,CRI,2000,Import volume index (2015 = 100),TM.QTY.MRCH.XD.WD,50.3995007651
Costa Rica,CRI,1999,Import volume index (2015 = 100),TM.QTY.MRCH.XD.WD,52.6918422246
Costa Rica,CRI,1998,Import volume index (2015 = 100),TM.QTY.MRCH.XD.WD,46.5698911715
Costa Rica,CRI,1997,Import volume index (2015 = 100),TM.QTY.MRCH.XD.WD,40.0357657386
Costa Rica,CRI,1996,Import volume index (2015 = 100),TM.QTY.MRCH.XD.WD,34.2258769586
Costa Rica,CRI,1995,Import volume index (2015 = 100),TM.QTY.MRCH.XD.WD,33.8921728828
Costa Rica,CRI,1994,Import volume index (2015 = 100),TM.QTY.MRCH.XD.WD,29.5919274289
Costa Rica,CRI,1993,Import volume index (2015 = 100),TM.QTY.MRCH.XD.WD,25.9167919473
Costa Rica,CRI,1992,Import volume index (2015 = 100),TM.QTY.MRCH.XD.WD,17.9952530807
Costa Rica,CRI,1991,Import volume index (2015 = 100),TM.QTY.MRCH.XD.WD,13.7080377574
Costa Rica,CRI,1990,Import volume index (2015 = 100),TM.QTY.MRCH.XD.WD,14.5342015997
Costa Rica,CRI,1989,Import volume index (2015 = 100),TM.QTY.MRCH.XD.WD,13.1541130278
Costa Rica,CRI,1988,Import volume index (2015 = 100),TM.QTY.MRCH.XD.WD,11.349030575
Costa Rica,CRI,1987,Import volume index (2015 = 100),TM.QTY.MRCH.XD.WD,11.6028485038
Costa Rica,CRI,1986,Import volume index (2015 = 100),TM.QTY.MRCH.XD.WD,10.2872041255
Costa Rica,CRI,1985,Import volume index (2015 = 100),TM.QTY.MRCH.XD.WD,8.6638071152
Costa Rica,CRI,1984,Import volume index (2015 = 100),TM.QTY.MRCH.XD.WD,8.6283061706
Costa Rica,CRI,1983,Import volume index (2015 = 100),TM.QTY.MRCH.XD.WD,7.3517459651
Costa Rica,CRI,1982,Import volume index (2015 = 100),TM.QTY.MRCH.XD.WD,6.4938961785
Costa Rica,CRI,1981,Import volume index (2015 = 100),TM.QTY.MRCH.XD.WD,8.4371456572
Costa Rica,CRI,1980,Import volume index (2015 = 100),TM.QTY.MRCH.XD.WD,11.9140844367
Costa Rica,CRI,2022,"Binding coverage, manufactured products (%)",TM.TAX.MANF.BC.ZS,0
Costa Rica,CRI,2021,"Binding coverage, manufactured products (%)",TM.TAX.MANF.BC.ZS,100
Costa Rica,CRI,2020,"Binding coverage, manufactured products (%)",TM.TAX.MANF.BC.ZS,100
Costa Rica,CRI,2019,"Binding coverage, manufactured products (%)",TM.TAX.MANF.BC.ZS,100
Costa Rica,CRI,2018,"Binding coverage, manufactured products (%)",TM.TAX.MANF.BC.ZS,100
Costa Rica,CRI,2016,"Binding coverage, manufactured products (%)",TM.TAX.MANF.BC.ZS,100
Costa Rica,CRI,2014,"Binding coverage, manufactured products (%)",TM.TAX.MANF.BC.ZS,100
Costa Rica,CRI,2013,"Binding coverage, manufactured products (%)",TM.TAX.MANF.BC.ZS,100
Costa Rica,CRI,2012,"Binding coverage, manufactured products (%)",TM.TAX.MANF.BC.ZS,100
Costa Rica,CRI,2011,"Binding coverage, manufactured products (%)",TM.TAX.MANF.BC.ZS,99.97
Costa Rica,CRI,2010,"Binding coverage, manufactured products (%)",TM.TAX.MANF.BC.ZS,99.97
Costa Rica,CRI,2009,"Binding coverage, manufactured products (%)",TM.TAX.MANF.BC.ZS,99.97
Costa Rica,CRI,2008,"Binding coverage, manufactured products (%)",TM.TAX.MANF.BC.ZS,99.97
Costa Rica,CRI,2007,"Binding coverage, manufactured products (%)",TM.TAX.MANF.BC.ZS,99.97
Costa Rica,CRI,2006,"Binding coverage, manufactured products (%)",TM.TAX.MANF.BC.ZS,99.95
Costa Rica,CRI,2005,"Binding coverage, manufactured products (%)",TM.TAX.MANF.BC.ZS,99.95
Costa Rica,CRI,2004,"Binding coverage, manufactured products (%)",TM.TAX.MANF.BC.ZS,99.95
Costa Rica,CRI,2003,"Binding coverage, manufactured products (%)",TM.TAX.MANF.BC.ZS,99.95
Costa Rica,CRI,2002,"Binding coverage, manufactured products (%)",TM.TAX.MANF.BC.ZS,99.95
Costa Rica,CRI,2001,"Binding coverage, manufactured products (%)",TM.TAX.MANF.BC.ZS,100
Costa Rica,CRI,2000,"Binding coverage, manufactured products (%)",TM.TAX.MANF.BC.ZS,100
Costa Rica,CRI,1999,"Binding coverage, manufactured products (%)",TM.TAX.MANF.BC.ZS,100
Costa Rica,CRI,1998,"Binding coverage, manufactured products (%)",TM.TAX.MANF.BC.ZS,100
Costa Rica,CRI,1997,"Binding coverage, manufactured products (%)",TM.TAX.MANF.BC.ZS,100
Costa Rica,CRI,1996,"Binding coverage, manufactured products (%)",TM.TAX.MANF.BC.ZS,100
Costa Rica,CRI,1995,"Binding coverage, manufactured products (%)",TM.TAX.MANF.BC.ZS,100
Costa Rica,CRI,2021,"Bound rate, simple mean, manufactured products (%)",TM.TAX.MANF.BR.ZS,42.76
Costa Rica,CRI,2020,"Bound rate, simple mean, manufactured products (%)",TM.TAX.MANF.BR.ZS,42.76
Costa Rica,CRI,2019,"Bound rate, simple mean, manufactured products (%)",TM.TAX.MANF.BR.ZS,42.76
Costa Rica,CRI,2018,"Bound rate, simple mean, manufactured products (%)",TM.TAX.MANF.BR.ZS,42.76
Costa Rica,CRI,2016,"Bound rate, simple mean, manufactured products (%)",TM.TAX.MANF.BR.ZS,42.74
Costa Rica,CRI,2014,"Bound rate, simple mean, manufactured products (%)",TM.TAX.MANF.BR.ZS,42.74
Costa Rica,CRI,2013,"Bound rate, simple mean, manufactured products (%)",TM.TAX.MANF.BR.ZS,42.74
Costa Rica,CRI,2012,"Bound rate, simple mean, manufactured products (%)",TM.TAX.MANF.BR.ZS,42.74
Costa Rica,CRI,2011,"Bound rate, simple mean, manufactured products (%)",TM.TAX.MANF.BR.ZS,42.8
Costa Rica,CRI,2010,"Bound rate, simple mean, manufactured products (%)",TM.TAX.MANF.BR.ZS,42.8
Costa Rica,CRI,2009,"Bound rate, simple mean, manufactured products (%)",TM.TAX.MANF.BR.ZS,42.8
Costa Rica,CRI,2008,"Bound rate, simple mean, manufactured products (%)",TM.TAX.MANF.BR.ZS,42.8
Costa Rica,CRI,2007,"Bound rate, simple mean, manufactured products (%)",TM.TAX.MANF.BR.ZS,42.8
Costa Rica,CRI,2006,"Bound rate, simple mean, manufactured products (%)",TM.TAX.MANF.BR.ZS,42.53
Costa Rica,CRI,2005,"Bound rate, simple mean, manufactured products (%)",TM.TAX.MANF.BR.ZS,42.53
Costa Rica,CRI,2004,"Bound rate, simple mean, manufactured products (%)",TM.TAX.MANF.BR.ZS,42.53
Costa Rica,CRI,2003,"Bound rate, simple mean, manufactured products (%)",TM.TAX.MANF.BR.ZS,42.53
Costa Rica,CRI,2002,"Bound rate, simple mean, manufactured products (%)",TM.TAX.MANF.BR.ZS,42.53
Costa Rica,CRI,2001,"Bound rate, simple mean, manufactured products (%)",TM.TAX.MANF.BR.ZS,42.5
Costa Rica,CRI,2000,"Bound rate, simple mean, manufactured products (%)",TM.TAX.MANF.BR.ZS,42.5
Costa Rica,CRI,1999,"Bound rate, simple mean, manufactured products (%)",TM.TAX.MANF.BR.ZS,42.5
Costa Rica,CRI,1998,"Bound rate, simple mean, manufactured products (%)",TM.TAX.MANF.BR.ZS,42.5
Costa Rica,CRI,1997,"Bound rate, simple mean, manufactured products (%)",TM.TAX.MANF.BR.ZS,42.5
Costa Rica,CRI,1996,"Bound rate, simple mean, manufactured products (%)",TM.TAX.MANF.BR.ZS,42.71
Costa Rica,CRI,1995,"Bound rate, simple mean, manufactured products (%)",TM.TAX.MANF.BR.ZS,42.71
Costa Rica,CRI,2022,"Tariff rate, applied, simple mean, manufactured products (%)",TM.TAX.MANF.SM.AR.ZS,2.51
Costa Rica,CRI,2021,"Tariff rate, applied, simple mean, manufactured products (%)",TM.TAX.MANF.SM.AR.ZS,2.62
Costa Rica,CRI,2020,"Tariff rate, applied, simple mean, manufactured products (%)",TM.TAX.MANF.SM.AR.ZS,2.92
Costa Rica,CRI,2019,"Tariff rate, applied, simple mean, manufactured products (%)",TM.TAX.MANF.SM.AR.ZS,3.09
Costa Rica,CRI,2018,"Tariff rate, applied, simple mean, manufactured products (%)",TM.TAX.MANF.SM.AR.ZS,3.33
Costa Rica,CRI,2016,"Tariff rate, applied, simple mean, manufactured products (%)",TM.TAX.MANF.SM.AR.ZS,3.68
Costa Rica,CRI,2014,"Tariff rate, applied, simple mean, manufactured products (%)",TM.TAX.MANF.SM.AR.ZS,4.1
Costa Rica,CRI,2013,"Tariff rate, applied, simple mean, manufactured products (%)",TM.TAX.MANF.SM.AR.ZS,4.21
Costa Rica,CRI,2012,"Tariff rate, applied, simple mean, manufactured products (%)",TM.TAX.MANF.SM.AR.ZS,4.27
Costa Rica,CRI,2011,"Tariff rate, applied, simple mean, manufactured products (%)",TM.TAX.MANF.SM.AR.ZS,4.39
Costa Rica,CRI,2010,"Tariff rate, applied, simple mean, manufactured products (%)",TM.TAX.MANF.SM.AR.ZS,4.38
Costa Rica,CRI,2009,"Tariff rate, applied, simple mean, manufactured products (%)",TM.TAX.MANF.SM.AR.ZS,4.33
Costa Rica,CRI,2008,"Tariff rate, applied, simple mean, manufactured products (%)",TM.TAX.MANF.SM.AR.ZS,5.71
Costa Rica,CRI,2007,"Tariff rate, applied, simple mean, manufactured products (%)",TM.TAX.MANF.SM.AR.ZS,5.8
Costa Rica,CRI,2006,"Tariff rate, applied, simple mean, manufactured products (%)",TM.TAX.MANF.SM.AR.ZS,5.95
Costa Rica,CRI,2005,"Tariff rate, applied, simple mean, manufactured products (%)",TM.TAX.MANF.SM.AR.ZS,6.61
Costa Rica,CRI,2004,"Tariff rate, applied, simple mean, manufactured products (%)",TM.TAX.MANF.SM.AR.ZS,6.09
Costa Rica,CRI,2003,"Tariff rate, applied, simple mean, manufactured products (%)",TM.TAX.MANF.SM.AR.ZS,5.92
Costa Rica,CRI,2002,"Tariff rate, applied, simple mean, manufactured products (%)",TM.TAX.MANF.SM.AR.ZS,6.66
Costa Rica,CRI,2001,"Tariff rate, applied, simple mean, manufactured products (%)",TM.TAX.MANF.SM.AR.ZS,5.6
Costa Rica,CRI,2000,"Tariff rate, applied, simple mean, manufactured products (%)",TM.TAX.MANF.SM.AR.ZS,4.64
Costa Rica,CRI,1999,"Tariff rate, applied, simple mean, manufactured products (%)",TM.TAX.MANF.SM.AR.ZS,5.32
Costa Rica,CRI,1998,"Tariff rate, applied, simple mean, manufactured products (%)",TM.TAX.MANF.SM.AR.ZS,6.01
Costa Rica,CRI,1997,"Tariff rate, applied, simple mean, manufactured products (%)",TM.TAX.MANF.SM.AR.ZS,7.8
Costa Rica,CRI,1996,"Tariff rate, applied, simple mean, manufactured products (%)",TM.TAX.MANF.SM.AR.ZS,11.46
Costa Rica,CRI,1995,"Tariff rate, applied, simple mean, manufactured products (%)",TM.TAX.MANF.SM.AR.ZS,9.39
Costa Rica,CRI,2022,"Tariff rate, most favored nation, simple mean, manufactured products (%)",TM.TAX.MANF.SM.FN.ZS,4.49
Costa Rica,CRI,2021,"Tariff rate, most favored nation, simple mean, manufactured products (%)",TM.TAX.MANF.SM.FN.ZS,4.57
Costa Rica,CRI,2020,"Tariff rate, most favored nation, simple mean, manufactured products (%)",TM.TAX.MANF.SM.FN.ZS,4.57
Costa Rica,CRI,2019,"Tariff rate, most favored nation, simple mean, manufactured products (%)",TM.TAX.MANF.SM.FN.ZS,4.57
Costa Rica,CRI,2018,"Tariff rate, most favored nation, simple mean, manufactured products (%)",TM.TAX.MANF.SM.FN.ZS,4.57
Costa Rica,CRI,2016,"Tariff rate, most favored nation, simple mean, manufactured products (%)",TM.TAX.MANF.SM.FN.ZS,4.57
Costa Rica,CRI,2014,"Tariff rate, most favored nation, simple mean, manufactured products (%)",TM.TAX.MANF.SM.FN.ZS,4.57
Costa Rica,CRI,2013,"Tariff rate, most favored nation, simple mean, manufactured products (%)",TM.TAX.MANF.SM.FN.ZS,4.57
Costa Rica,CRI,2012,"Tariff rate, most favored nation, simple mean, manufactured products (%)",TM.TAX.MANF.SM.FN.ZS,4.57
Costa Rica,CRI,2011,"Tariff rate, most favored nation, simple mean, manufactured products (%)",TM.TAX.MANF.SM.FN.ZS,4.6
Costa Rica,CRI,2010,"Tariff rate, most favored nation, simple mean, manufactured products (%)",TM.TAX.MANF.SM.FN.ZS,4.61
Costa Rica,CRI,2009,"Tariff rate, most favored nation, simple mean, manufactured products (%)",TM.TAX.MANF.SM.FN.ZS,4.62
Costa Rica,CRI,2008,"Tariff rate, most favored nation, simple mean, manufactured products (%)",TM.TAX.MANF.SM.FN.ZS,5.6
Costa Rica,CRI,2007,"Tariff rate, most favored nation, simple mean, manufactured products (%)",TM.TAX.MANF.SM.FN.ZS,4.99
Costa Rica,CRI,2006,"Tariff rate, most favored nation, simple mean, manufactured products (%)",TM.TAX.MANF.SM.FN.ZS,5.7
Costa Rica,CRI,2005,"Tariff rate, most favored nation, simple mean, manufactured products (%)",TM.TAX.MANF.SM.FN.ZS,5.08
Costa Rica,CRI,2004,"Tariff rate, most favored nation, simple mean, manufactured products (%)",TM.TAX.MANF.SM.FN.ZS,5.1
Costa Rica,CRI,2003,"Tariff rate, most favored nation, simple mean, manufactured products (%)",TM.TAX.MANF.SM.FN.ZS,5.69
Costa Rica,CRI,2002,"Tariff rate, most favored nation, simple mean, manufactured products (%)",TM.TAX.MANF.SM.FN.ZS,5.08
Costa Rica,CRI,2001,"Tariff rate, most favored nation, simple mean, manufactured products (%)",TM.TAX.MANF.SM.FN.ZS,4.71
Costa Rica,CRI,2000,"Tariff rate, most favored nation, simple mean, manufactured products (%)",TM.TAX.MANF.SM.FN.ZS,4.76
Costa Rica,CRI,1999,"Tariff rate, most favored nation, simple mean, manufactured products (%)",TM.TAX.MANF.SM.FN.ZS,5.7
Costa Rica,CRI,1998,"Tariff rate, most favored nation, simple mean, manufactured products (%)",TM.TAX.MANF.SM.FN.ZS,6.48
Costa Rica,CRI,1997,"Tariff rate, most favored nation, simple mean, manufactured products (%)",TM.TAX.MANF.SM.FN.ZS,8.49
Costa Rica,CRI,1996,"Tariff rate, most favored nation, simple mean, manufactured products (%)",TM.TAX.MANF.SM.FN.ZS,10.7
Costa Rica,CRI,1995,"Tariff rate, most favored nation, simple mean, manufactured products (%)",TM.TAX.MANF.SM.FN.ZS,9.72
Costa Rica,CRI,2022,"Tariff rate, applied, weighted mean, manufactured products (%)",TM.TAX.MANF.WM.AR.ZS,0.83
Costa Rica,CRI,2021,"Tariff rate, applied, weighted mean, manufactured products (%)",TM.TAX.MANF.WM.AR.ZS,0.89
Costa Rica,CRI,2020,"Tariff rate, applied, weighted mean, manufactured products (%)",TM.TAX.MANF.WM.AR.ZS,1.02
Costa Rica,CRI,2019,"Tariff rate, applied, weighted mean, manufactured products (%)",TM.TAX.MANF.WM.AR.ZS,1.13
Costa Rica,CRI,2018,"Tariff rate, applied, weighted mean, manufactured products (%)",TM.TAX.MANF.WM.AR.ZS,1.26
Costa Rica,CRI,2016,"Tariff rate, applied, weighted mean, manufactured products (%)",TM.TAX.MANF.WM.AR.ZS,1.53
Costa Rica,CRI,2014,"Tariff rate, applied, weighted mean, manufactured products (%)",TM.TAX.MANF.WM.AR.ZS,1.47
Costa Rica,CRI,2013,"Tariff rate, applied, weighted mean, manufactured products (%)",TM.TAX.MANF.WM.AR.ZS,1.48
Costa Rica,CRI,2012,"Tariff rate, applied, weighted mean, manufactured products (%)",TM.TAX.MANF.WM.AR.ZS,1.51
Costa Rica,CRI,2011,"Tariff rate, applied, weighted mean, manufactured products (%)",TM.TAX.MANF.WM.AR.ZS,1.92
Costa Rica,CRI,2010,"Tariff rate, applied, weighted mean, manufactured products (%)",TM.TAX.MANF.WM.AR.ZS,1.77
Costa Rica,CRI,2009,"Tariff rate, applied, weighted mean, manufactured products (%)",TM.TAX.MANF.WM.AR.ZS,1.75
Costa Rica,CRI,2008,"Tariff rate, applied, weighted mean, manufactured products (%)",TM.TAX.MANF.WM.AR.ZS,2.91
Costa Rica,CRI,2007,"Tariff rate, applied, weighted mean, manufactured products (%)",TM.TAX.MANF.WM.AR.ZS,3.33
Costa Rica,CRI,2006,"Tariff rate, applied, weighted mean, manufactured products (%)",TM.TAX.MANF.WM.AR.ZS,2.99
Costa Rica,CRI,2005,"Tariff rate, applied, weighted mean, manufactured products (%)",TM.TAX.MANF.WM.AR.ZS,3.65
Costa Rica,CRI,2004,"Tariff rate, applied, weighted mean, manufactured products (%)",TM.TAX.MANF.WM.AR.ZS,3.57
Costa Rica,CRI,2003,"Tariff rate, applied, weighted mean, manufactured products (%)",TM.TAX.MANF.WM.AR.ZS,3.04
Costa Rica,CRI,2002,"Tariff rate, applied, weighted mean, manufactured products (%)",TM.TAX.MANF.WM.AR.ZS,3.59
Costa Rica,CRI,2001,"Tariff rate, applied, weighted mean, manufactured products (%)",TM.TAX.MANF.WM.AR.ZS,3.71
Costa Rica,CRI,2000,"Tariff rate, applied, weighted mean, manufactured products (%)",TM.TAX.MANF.WM.AR.ZS,3.17
Costa Rica,CRI,1999,"Tariff rate, applied, weighted mean, manufactured products (%)",TM.TAX.MANF.WM.AR.ZS,3.54
Costa Rica,CRI,1998,"Tariff rate, applied, weighted mean, manufactured products (%)",TM.TAX.MANF.WM.AR.ZS,6.29
Costa Rica,CRI,1997,"Tariff rate, applied, weighted mean, manufactured products (%)",TM.TAX.MANF.WM.AR.ZS,7.74
Costa Rica,CRI,1996,"Tariff rate, applied, weighted mean, manufactured products (%)",TM.TAX.MANF.WM.AR.ZS,9.19
Costa Rica,CRI,1995,"Tariff rate, applied, weighted mean, manufactured products (%)",TM.TAX.MANF.WM.AR.ZS,8.04
Costa Rica,CRI,2022,"Tariff rate, most favored nation, weighted mean, manufactured products (%)",TM.TAX.MANF.WM.FN.ZS,3.87
Costa Rica,CRI,2021,"Tariff rate, most favored nation, weighted mean, manufactured products (%)",TM.TAX.MANF.WM.FN.ZS,4.05
Costa Rica,CRI,2020,"Tariff rate, most favored nation, weighted mean, manufactured products (%)",TM.TAX.MANF.WM.FN.ZS,4.18
Costa Rica,CRI,2019,"Tariff rate, most favored nation, weighted mean, manufactured products (%)",TM.TAX.MANF.WM.FN.ZS,4.07
Costa Rica,CRI,2018,"Tariff rate, most favored nation, weighted mean, manufactured products (%)",TM.TAX.MANF.WM.FN.ZS,4.26
Costa Rica,CRI,2016,"Tariff rate, most favored nation, weighted mean, manufactured products (%)",TM.TAX.MANF.WM.FN.ZS,4.34
Costa Rica,CRI,2014,"Tariff rate, most favored nation, weighted mean, manufactured products (%)",TM.TAX.MANF.WM.FN.ZS,3.68
Costa Rica,CRI,2013,"Tariff rate, most favored nation, weighted mean, manufactured products (%)",TM.TAX.MANF.WM.FN.ZS,3.36
Costa Rica,CRI,2012,"Tariff rate, most favored nation, weighted mean, manufactured products (%)",TM.TAX.MANF.WM.FN.ZS,3.25
Costa Rica,CRI,2011,"Tariff rate, most favored nation, weighted mean, manufactured products (%)",TM.TAX.MANF.WM.FN.ZS,3.49
Costa Rica,CRI,2010,"Tariff rate, most favored nation, weighted mean, manufactured products (%)",TM.TAX.MANF.WM.FN.ZS,3.13
Costa Rica,CRI,2009,"Tariff rate, most favored nation, weighted mean, manufactured products (%)",TM.TAX.MANF.WM.FN.ZS,3.06
Costa Rica,CRI,2008,"Tariff rate, most favored nation, weighted mean, manufactured products (%)",TM.TAX.MANF.WM.FN.ZS,3.89
Costa Rica,CRI,2007,"Tariff rate, most favored nation, weighted mean, manufactured products (%)",TM.TAX.MANF.WM.FN.ZS,3.65
Costa Rica,CRI,2006,"Tariff rate, most favored nation, weighted mean, manufactured products (%)",TM.TAX.MANF.WM.FN.ZS,3.64
Costa Rica,CRI,2005,"Tariff rate, most favored nation, weighted mean, manufactured products (%)",TM.TAX.MANF.WM.FN.ZS,3.65
Costa Rica,CRI,2004,"Tariff rate, most favored nation, weighted mean, manufactured products (%)",TM.TAX.MANF.WM.FN.ZS,3.93
Costa Rica,CRI,2003,"Tariff rate, most favored nation, weighted mean, manufactured products (%)",TM.TAX.MANF.WM.FN.ZS,3.83
Costa Rica,CRI,2002,"Tariff rate, most favored nation, weighted mean, manufactured products (%)",TM.TAX.MANF.WM.FN.ZS,3.59
Costa Rica,CRI,2001,"Tariff rate, most favored nation, weighted mean, manufactured products (%)",TM.TAX.MANF.WM.FN.ZS,3.71
Costa Rica,CRI,2000,"Tariff rate, most favored nation, weighted mean, manufactured products (%)",TM.TAX.MANF.WM.FN.ZS,3.87
Costa Rica,CRI,1999,"Tariff rate, most favored nation, weighted mean, manufactured products (%)",TM.TAX.MANF.WM.FN.ZS,4.51
Costa Rica,CRI,1998,"Tariff rate, most favored nation, weighted mean, manufactured products (%)",TM.TAX.MANF.WM.FN.ZS,7.15
Costa Rica,CRI,1997,"Tariff rate, most favored nation, weighted mean, manufactured products (%)",TM.TAX.MANF.WM.FN.ZS,9.1
Costa Rica,CRI,1996,"Tariff rate, most favored nation, weighted mean, manufactured products (%)",TM.TAX.MANF.WM.FN.ZS,9.19
Costa Rica,CRI,1995,"Tariff rate, most favored nation, weighted mean, manufactured products (%)",TM.TAX.MANF.WM.FN.ZS,8.34
Costa Rica,CRI,2022,"Binding coverage, all products (%)",TM.TAX.MRCH.BC.ZS,0
Costa Rica,CRI,2021,"Binding coverage, all products (%)",TM.TAX.MRCH.BC.ZS,99.98
Costa Rica,CRI,2020,"Binding coverage, all products (%)",TM.TAX.MRCH.BC.ZS,99.98
Costa Rica,CRI,2019,"Binding coverage, all products (%)",TM.TAX.MRCH.BC.ZS,99.98
Costa Rica,CRI,2018,"Binding coverage, all products (%)",TM.TAX.MRCH.BC.ZS,100
Costa Rica,CRI,2016,"Binding coverage, all products (%)",TM.TAX.MRCH.BC.ZS,100
Costa Rica,CRI,2014,"Binding coverage, all products (%)",TM.TAX.MRCH.BC.ZS,100
Costa Rica,CRI,2013,"Binding coverage, all products (%)",TM.TAX.MRCH.BC.ZS,100
Costa Rica,CRI,2012,"Binding coverage, all products (%)",TM.TAX.MRCH.BC.ZS,100
Costa Rica,CRI,2011,"Binding coverage, all products (%)",TM.TAX.MRCH.BC.ZS,99.98
Costa Rica,CRI,2010,"Binding coverage, all products (%)",TM.TAX.MRCH.BC.ZS,99.98
Costa Rica,CRI,2009,"Binding coverage, all products (%)",TM.TAX.MRCH.BC.ZS,99.98
Costa Rica,CRI,2008,"Binding coverage, all products (%)",TM.TAX.MRCH.BC.ZS,99.98
Costa Rica,CRI,2007,"Binding coverage, all products (%)",TM.TAX.MRCH.BC.ZS,99.98
Costa Rica,CRI,2006,"Binding coverage, all products (%)",TM.TAX.MRCH.BC.ZS,99.96
Costa Rica,CRI,2005,"Binding coverage, all products (%)",TM.TAX.MRCH.BC.ZS,99.96
Costa Rica,CRI,2004,"Binding coverage, all products (%)",TM.TAX.MRCH.BC.ZS,99.96
Costa Rica,CRI,2003,"Binding coverage, all products (%)",TM.TAX.MRCH.BC.ZS,99.96
Costa Rica,CRI,2002,"Binding coverage, all products (%)",TM.TAX.MRCH.BC.ZS,99.96
Costa Rica,CRI,2001,"Binding coverage, all products (%)",TM.TAX.MRCH.BC.ZS,100
Costa Rica,CRI,2000,"Binding coverage, all products (%)",TM.TAX.MRCH.BC.ZS,100
Costa Rica,CRI,1999,"Binding coverage, all products (%)",TM.TAX.MRCH.BC.ZS,100
Costa Rica,CRI,1998,"Binding coverage, all products (%)",TM.TAX.MRCH.BC.ZS,100
Costa Rica,CRI,1997,"Binding coverage, all products (%)",TM.TAX.MRCH.BC.ZS,100
Costa Rica,CRI,1996,"Binding coverage, all products (%)",TM.TAX.MRCH.BC.ZS,100
Costa Rica,CRI,1995,"Binding coverage, all products (%)",TM.TAX.MRCH.BC.ZS,100
Costa Rica,CRI,2021,"Bound rate, simple mean, all products (%)",TM.TAX.MRCH.BR.ZS,43.05
Costa Rica,CRI,2020,"Bound rate, simple mean, all products (%)",TM.TAX.MRCH.BR.ZS,43.05
Costa Rica,CRI,2019,"Bound rate, simple mean, all products (%)",TM.TAX.MRCH.BR.ZS,43.05
Costa Rica,CRI,2018,"Bound rate, simple mean, all products (%)",TM.TAX.MRCH.BR.ZS,43.05
Costa Rica,CRI,2016,"Bound rate, simple mean, all products (%)",TM.TAX.MRCH.BR.ZS,43.02
Costa Rica,CRI,2014,"Bound rate, simple mean, all products (%)",TM.TAX.MRCH.BR.ZS,43.02
Costa Rica,CRI,2013,"Bound rate, simple mean, all products (%)",TM.TAX.MRCH.BR.ZS,43.02
Costa Rica,CRI,2012,"Bound rate, simple mean, all products (%)",TM.TAX.MRCH.BR.ZS,43.02
Costa Rica,CRI,2011,"Bound rate, simple mean, all products (%)",TM.TAX.MRCH.BR.ZS,43.02
Costa Rica,CRI,2010,"Bound rate, simple mean, all products (%)",TM.TAX.MRCH.BR.ZS,43.02
Costa Rica,CRI,2009,"Bound rate, simple mean, all products (%)",TM.TAX.MRCH.BR.ZS,43.02
Costa Rica,CRI,2008,"Bound rate, simple mean, all products (%)",TM.TAX.MRCH.BR.ZS,43.02
Costa Rica,CRI,2007,"Bound rate, simple mean, all products (%)",TM.TAX.MRCH.BR.ZS,43.02
Costa Rica,CRI,2006,"Bound rate, simple mean, all products (%)",TM.TAX.MRCH.BR.ZS,42.78
Costa Rica,CRI,2005,"Bound rate, simple mean, all products (%)",TM.TAX.MRCH.BR.ZS,42.78
Costa Rica,CRI,2004,"Bound rate, simple mean, all products (%)",TM.TAX.MRCH.BR.ZS,42.78
Costa Rica,CRI,2003,"Bound rate, simple mean, all products (%)",TM.TAX.MRCH.BR.ZS,42.78
Costa Rica,CRI,2002,"Bound rate, simple mean, all products (%)",TM.TAX.MRCH.BR.ZS,42.78
Costa Rica,CRI,2001,"Bound rate, simple mean, all products (%)",TM.TAX.MRCH.BR.ZS,42.73
Costa Rica,CRI,2000,"Bound rate, simple mean, all products (%)",TM.TAX.MRCH.BR.ZS,42.73
Costa Rica,CRI,1999,"Bound rate, simple mean, all products (%)",TM.TAX.MRCH.BR.ZS,42.73
Costa Rica,CRI,1998,"Bound rate, simple mean, all products (%)",TM.TAX.MRCH.BR.ZS,42.73
Costa Rica,CRI,1997,"Bound rate, simple mean, all products (%)",TM.TAX.MRCH.BR.ZS,42.73
Costa Rica,CRI,1996,"Bound rate, simple mean, all products (%)",TM.TAX.MRCH.BR.ZS,42.81
Costa Rica,CRI,1995,"Bound rate, simple mean, all products (%)",TM.TAX.MRCH.BR.ZS,42.81
Costa Rica,CRI,2022,"Tariff rate, applied, simple mean, all products (%)",TM.TAX.MRCH.SM.AR.ZS,2.63
Costa Rica,CRI,2021,"Tariff rate, applied, simple mean, all products (%)",TM.TAX.MRCH.SM.AR.ZS,2.77
Costa Rica,CRI,2020,"Tariff rate, applied, simple mean, all products (%)",TM.TAX.MRCH.SM.AR.ZS,3.05
Costa Rica,CRI,2019,"Tariff rate, applied, simple mean, all products (%)",TM.TAX.MRCH.SM.AR.ZS,3.22
Costa Rica,CRI,2018,"Tariff rate, applied, simple mean, all products (%)",TM.TAX.MRCH.SM.AR.ZS,3.47
Costa Rica,CRI,2016,"Tariff rate, applied, simple mean, all products (%)",TM.TAX.MRCH.SM.AR.ZS,3.81
Costa Rica,CRI,2014,"Tariff rate, applied, simple mean, all products (%)",TM.TAX.MRCH.SM.AR.ZS,4.19
Costa Rica,CRI,2013,"Tariff rate, applied, simple mean, all products (%)",TM.TAX.MRCH.SM.AR.ZS,4.34
Costa Rica,CRI,2012,"Tariff rate, applied, simple mean, all products (%)",TM.TAX.MRCH.SM.AR.ZS,4.4
Costa Rica,CRI,2011,"Tariff rate, applied, simple mean, all products (%)",TM.TAX.MRCH.SM.AR.ZS,4.54
Costa Rica,CRI,2010,"Tariff rate, applied, simple mean, all products (%)",TM.TAX.MRCH.SM.AR.ZS,4.53
Costa Rica,CRI,2009,"Tariff rate, applied, simple mean, all products (%)",TM.TAX.MRCH.SM.AR.ZS,4.54
Costa Rica,CRI,2008,"Tariff rate, applied, simple mean, all products (%)",TM.TAX.MRCH.SM.AR.ZS,5.9
Costa Rica,CRI,2007,"Tariff rate, applied, simple mean, all products (%)",TM.TAX.MRCH.SM.AR.ZS,6.04
Costa Rica,CRI,2006,"Tariff rate, applied, simple mean, all products (%)",TM.TAX.MRCH.SM.AR.ZS,6.14
Costa Rica,CRI,2005,"Tariff rate, applied, simple mean, all products (%)",TM.TAX.MRCH.SM.AR.ZS,6.98
Costa Rica,CRI,2004,"Tariff rate, applied, simple mean, all products (%)",TM.TAX.MRCH.SM.AR.ZS,6.34
Costa Rica,CRI,2003,"Tariff rate, applied, simple mean, all products (%)",TM.TAX.MRCH.SM.AR.ZS,6.18
Costa Rica,CRI,2002,"Tariff rate, applied, simple mean, all products (%)",TM.TAX.MRCH.SM.AR.ZS,7.03
Costa Rica,CRI,2001,"Tariff rate, applied, simple mean, all products (%)",TM.TAX.MRCH.SM.AR.ZS,6.04
Costa Rica,CRI,2000,"Tariff rate, applied, simple mean, all products (%)",TM.TAX.MRCH.SM.AR.ZS,5.02
Costa Rica,CRI,1999,"Tariff rate, applied, simple mean, all products (%)",TM.TAX.MRCH.SM.AR.ZS,5.75
Costa Rica,CRI,1998,"Tariff rate, applied, simple mean, all products (%)",TM.TAX.MRCH.SM.AR.ZS,6.41
Costa Rica,CRI,1997,"Tariff rate, applied, simple mean, all products (%)",TM.TAX.MRCH.SM.AR.ZS,8.08
Costa Rica,CRI,1996,"Tariff rate, applied, simple mean, all products (%)",TM.TAX.MRCH.SM.AR.ZS,11.67
Costa Rica,CRI,1995,"Tariff rate, applied, simple mean, all products (%)",TM.TAX.MRCH.SM.AR.ZS,9.7
Costa Rica,CRI,2022,"Tariff rate, most favored nation, simple mean, all products (%)",TM.TAX.MRCH.SM.FN.ZS,5.49
Costa Rica,CRI,2021,"Tariff rate, most favored nation, simple mean, all products (%)",TM.TAX.MRCH.SM.FN.ZS,5.59
Costa Rica,CRI,2020,"Tariff rate, most favored nation, simple mean, all products (%)",TM.TAX.MRCH.SM.FN.ZS,5.58
Costa Rica,CRI,2019,"Tariff rate, most favored nation, simple mean, all products (%)",TM.TAX.MRCH.SM.FN.ZS,5.59
Costa Rica,CRI,2018,"Tariff rate, most favored nation, simple mean, all products (%)",TM.TAX.MRCH.SM.FN.ZS,5.59
Costa Rica,CRI,2016,"Tariff rate, most favored nation, simple mean, all products (%)",TM.TAX.MRCH.SM.FN.ZS,5.62
Costa Rica,CRI,2014,"Tariff rate, most favored nation, simple mean, all products (%)",TM.TAX.MRCH.SM.FN.ZS,5.62
Costa Rica,CRI,2013,"Tariff rate, most favored nation, simple mean, all products (%)",TM.TAX.MRCH.SM.FN.ZS,5.57
Costa Rica,CRI,2012,"Tariff rate, most favored nation, simple mean, all products (%)",TM.TAX.MRCH.SM.FN.ZS,5.57
Costa Rica,CRI,2011,"Tariff rate, most favored nation, simple mean, all products (%)",TM.TAX.MRCH.SM.FN.ZS,5.35
Costa Rica,CRI,2010,"Tariff rate, most favored nation, simple mean, all products (%)",TM.TAX.MRCH.SM.FN.ZS,5.4
Costa Rica,CRI,2009,"Tariff rate, most favored nation, simple mean, all products (%)",TM.TAX.MRCH.SM.FN.ZS,5.41
Costa Rica,CRI,2008,"Tariff rate, most favored nation, simple mean, all products (%)",TM.TAX.MRCH.SM.FN.ZS,6.38
Costa Rica,CRI,2007,"Tariff rate, most favored nation, simple mean, all products (%)",TM.TAX.MRCH.SM.FN.ZS,5.83
Costa Rica,CRI,2006,"Tariff rate, most favored nation, simple mean, all products (%)",TM.TAX.MRCH.SM.FN.ZS,6.41
Costa Rica,CRI,2005,"Tariff rate, most favored nation, simple mean, all products (%)",TM.TAX.MRCH.SM.FN.ZS,5.85
Costa Rica,CRI,2004,"Tariff rate, most favored nation, simple mean, all products (%)",TM.TAX.MRCH.SM.FN.ZS,5.86
Costa Rica,CRI,2003,"Tariff rate, most favored nation, simple mean, all products (%)",TM.TAX.MRCH.SM.FN.ZS,6.41
Costa Rica,CRI,2002,"Tariff rate, most favored nation, simple mean, all products (%)",TM.TAX.MRCH.SM.FN.ZS,5.83
Costa Rica,CRI,2001,"Tariff rate, most favored nation, simple mean, all products (%)",TM.TAX.MRCH.SM.FN.ZS,5.55
Costa Rica,CRI,2000,"Tariff rate, most favored nation, simple mean, all products (%)",TM.TAX.MRCH.SM.FN.ZS,5.64
Costa Rica,CRI,1999,"Tariff rate, most favored nation, simple mean, all products (%)",TM.TAX.MRCH.SM.FN.ZS,6.67
Costa Rica,CRI,1998,"Tariff rate, most favored nation, simple mean, all products (%)",TM.TAX.MRCH.SM.FN.ZS,7.39
Costa Rica,CRI,1997,"Tariff rate, most favored nation, simple mean, all products (%)",TM.TAX.MRCH.SM.FN.ZS,9.24
Costa Rica,CRI,1996,"Tariff rate, most favored nation, simple mean, all products (%)",TM.TAX.MRCH.SM.FN.ZS,11.15
Costa Rica,CRI,1995,"Tariff rate, most favored nation, simple mean, all products (%)",TM.TAX.MRCH.SM.FN.ZS,10.01
Costa Rica,CRI,2022,"Tariff rate, applied, weighted mean, all products (%)",TM.TAX.MRCH.WM.AR.ZS,1.3
Costa Rica,CRI,2021,"Tariff rate, applied, weighted mean, all products (%)",TM.TAX.MRCH.WM.AR.ZS,1.43
Costa Rica,CRI,2020,"Tariff rate, applied, weighted mean, all products (%)",TM.TAX.MRCH.WM.AR.ZS,1.51
Costa Rica,CRI,2019,"Tariff rate, applied, weighted mean, all products (%)",TM.TAX.MRCH.WM.AR.ZS,1.62
Costa Rica,CRI,2018,"Tariff rate, applied, weighted mean, all products (%)",TM.TAX.MRCH.WM.AR.ZS,1.8
Costa Rica,CRI,2016,"Tariff rate, applied, weighted mean, all products (%)",TM.TAX.MRCH.WM.AR.ZS,1.78
Costa Rica,CRI,2014,"Tariff rate, applied, weighted mean, all products (%)",TM.TAX.MRCH.WM.AR.ZS,1.73
Costa Rica,CRI,2013,"Tariff rate, applied, weighted mean, all products (%)",TM.TAX.MRCH.WM.AR.ZS,1.8
Costa Rica,CRI,2012,"Tariff rate, applied, weighted mean, all products (%)",TM.TAX.MRCH.WM.AR.ZS,1.76
Costa Rica,CRI,2011,"Tariff rate, applied, weighted mean, all products (%)",TM.TAX.MRCH.WM.AR.ZS,2.13
Costa Rica,CRI,2010,"Tariff rate, applied, weighted mean, all products (%)",TM.TAX.MRCH.WM.AR.ZS,2.07
Costa Rica,CRI,2009,"Tariff rate, applied, weighted mean, all products (%)",TM.TAX.MRCH.WM.AR.ZS,2.18
Costa Rica,CRI,2008,"Tariff rate, applied, weighted mean, all products (%)",TM.TAX.MRCH.WM.AR.ZS,3.31
Costa Rica,CRI,2007,"Tariff rate, applied, weighted mean, all products (%)",TM.TAX.MRCH.WM.AR.ZS,3.76
Costa Rica,CRI,2006,"Tariff rate, applied, weighted mean, all products (%)",TM.TAX.MRCH.WM.AR.ZS,3.32
Costa Rica,CRI,2005,"Tariff rate, applied, weighted mean, all products (%)",TM.TAX.MRCH.WM.AR.ZS,4.14
Costa Rica,CRI,2004,"Tariff rate, applied, weighted mean, all products (%)",TM.TAX.MRCH.WM.AR.ZS,4.04
Costa Rica,CRI,2003,"Tariff rate, applied, weighted mean, all products (%)",TM.TAX.MRCH.WM.AR.ZS,3.44
Costa Rica,CRI,2002,"Tariff rate, applied, weighted mean, all products (%)",TM.TAX.MRCH.WM.AR.ZS,4.23
Costa Rica,CRI,2001,"Tariff rate, applied, weighted mean, all products (%)",TM.TAX.MRCH.WM.AR.ZS,4.44
Costa Rica,CRI,2000,"Tariff rate, applied, weighted mean, all products (%)",TM.TAX.MRCH.WM.AR.ZS,3.7
Costa Rica,CRI,1999,"Tariff rate, applied, weighted mean, all products (%)",TM.TAX.MRCH.WM.AR.ZS,4.07
Costa Rica,CRI,1998,"Tariff rate, applied, weighted mean, all products (%)",TM.TAX.MRCH.WM.AR.ZS,6.32
Costa Rica,CRI,1997,"Tariff rate, applied, weighted mean, all products (%)",TM.TAX.MRCH.WM.AR.ZS,7.53
Costa Rica,CRI,1996,"Tariff rate, applied, weighted mean, all products (%)",TM.TAX.MRCH.WM.AR.ZS,9.04
Costa Rica,CRI,1995,"Tariff rate, applied, weighted mean, all products (%)",TM.TAX.MRCH.WM.AR.ZS,8.56
Costa Rica,CRI,2022,"Tariff rate, most favored nation, weighted mean, all products (%)",TM.TAX.MRCH.WM.FN.ZS,5.07
Costa Rica,CRI,2021,"Tariff rate, most favored nation, weighted mean, all products (%)",TM.TAX.MRCH.WM.FN.ZS,5.41
Costa Rica,CRI,2020,"Tariff rate, most favored nation, weighted mean, all products (%)",TM.TAX.MRCH.WM.FN.ZS,5.44
Costa Rica,CRI,2019,"Tariff rate, most favored nation, weighted mean, all products (%)",TM.TAX.MRCH.WM.FN.ZS,5.25
Costa Rica,CRI,2018,"Tariff rate, most favored nation, weighted mean, all products (%)",TM.TAX.MRCH.WM.FN.ZS,5.47
Costa Rica,CRI,2016,"Tariff rate, most favored nation, weighted mean, all products (%)",TM.TAX.MRCH.WM.FN.ZS,5.25
Costa Rica,CRI,2014,"Tariff rate, most favored nation, weighted mean, all products (%)",TM.TAX.MRCH.WM.FN.ZS,4.4
Costa Rica,CRI,2013,"Tariff rate, most favored nation, weighted mean, all products (%)",TM.TAX.MRCH.WM.FN.ZS,4.1
Costa Rica,CRI,2012,"Tariff rate, most favored nation, weighted mean, all products (%)",TM.TAX.MRCH.WM.FN.ZS,4.17
Costa Rica,CRI,2011,"Tariff rate, most favored nation, weighted mean, all products (%)",TM.TAX.MRCH.WM.FN.ZS,4.09
Costa Rica,CRI,2010,"Tariff rate, most favored nation, weighted mean, all products (%)",TM.TAX.MRCH.WM.FN.ZS,3.86
Costa Rica,CRI,2009,"Tariff rate, most favored nation, weighted mean, all products (%)",TM.TAX.MRCH.WM.FN.ZS,3.76
Costa Rica,CRI,2008,"Tariff rate, most favored nation, weighted mean, all products (%)",TM.TAX.MRCH.WM.FN.ZS,4.39
Costa Rica,CRI,2007,"Tariff rate, most favored nation, weighted mean, all products (%)",TM.TAX.MRCH.WM.FN.ZS,4.21
Costa Rica,CRI,2006,"Tariff rate, most favored nation, weighted mean, all products (%)",TM.TAX.MRCH.WM.FN.ZS,4.08
Costa Rica,CRI,2005,"Tariff rate, most favored nation, weighted mean, all products (%)",TM.TAX.MRCH.WM.FN.ZS,4.14
Costa Rica,CRI,2004,"Tariff rate, most favored nation, weighted mean, all products (%)",TM.TAX.MRCH.WM.FN.ZS,4.58
Costa Rica,CRI,2003,"Tariff rate, most favored nation, weighted mean, all products (%)",TM.TAX.MRCH.WM.FN.ZS,4.47
Costa Rica,CRI,2002,"Tariff rate, most favored nation, weighted mean, all products (%)",TM.TAX.MRCH.WM.FN.ZS,4.23
Costa Rica,CRI,2001,"Tariff rate, most favored nation, weighted mean, all products (%)",TM.TAX.MRCH.WM.FN.ZS,4.44
Costa Rica,CRI,2000,"Tariff rate, most favored nation, weighted mean, all products (%)",TM.TAX.MRCH.WM.FN.ZS,4.59
Costa Rica,CRI,1999,"Tariff rate, most favored nation, weighted mean, all products (%)",TM.TAX.MRCH.WM.FN.ZS,5.25
Costa Rica,CRI,1998,"Tariff rate, most favored nation, weighted mean, all products (%)",TM.TAX.MRCH.WM.FN.ZS,7.36
Costa Rica,CRI,1997,"Tariff rate, most favored nation, weighted mean, all products (%)",TM.TAX.MRCH.WM.FN.ZS,9.06
Costa Rica,CRI,1996,"Tariff rate, most favored nation, weighted mean, all products (%)",TM.TAX.MRCH.WM.FN.ZS,9.04
Costa Rica,CRI,1995,"Tariff rate, most favored nation, weighted mean, all products (%)",TM.TAX.MRCH.WM.FN.ZS,8.81
Costa Rica,CRI,2022,"Binding coverage, primary products (%)",TM.TAX.TCOM.BC.ZS,0
Costa Rica,CRI,2021,"Binding coverage, primary products (%)",TM.TAX.TCOM.BC.ZS,99.92
Costa Rica,CRI,2020,"Binding coverage, primary products (%)",TM.TAX.TCOM.BC.ZS,99.92
Costa Rica,CRI,2019,"Binding coverage, primary products (%)",TM.TAX.TCOM.BC.ZS,99.92
Costa Rica,CRI,2018,"Binding coverage, primary products (%)",TM.TAX.TCOM.BC.ZS,100
Costa Rica,CRI,2016,"Binding coverage, primary products (%)",TM.TAX.TCOM.BC.ZS,100
Costa Rica,CRI,2014,"Binding coverage, primary products (%)",TM.TAX.TCOM.BC.ZS,100
Costa Rica,CRI,2013,"Binding coverage, primary products (%)",TM.TAX.TCOM.BC.ZS,100
Costa Rica,CRI,2012,"Binding coverage, primary products (%)",TM.TAX.TCOM.BC.ZS,100
Costa Rica,CRI,2011,"Binding coverage, primary products (%)",TM.TAX.TCOM.BC.ZS,100
Costa Rica,CRI,2010,"Binding coverage, primary products (%)",TM.TAX.TCOM.BC.ZS,100
Costa Rica,CRI,2009,"Binding coverage, primary products (%)",TM.TAX.TCOM.BC.ZS,100
Costa Rica,CRI,2008,"Binding coverage, primary products (%)",TM.TAX.TCOM.BC.ZS,100
Costa Rica,CRI,2007,"Binding coverage, primary products (%)",TM.TAX.TCOM.BC.ZS,100
Costa Rica,CRI,2006,"Binding coverage, primary products (%)",TM.TAX.TCOM.BC.ZS,100
Costa Rica,CRI,2005,"Binding coverage, primary products (%)",TM.TAX.TCOM.BC.ZS,100
Costa Rica,CRI,2004,"Binding coverage, primary products (%)",TM.TAX.TCOM.BC.ZS,100
Costa Rica,CRI,2003,"Binding coverage, primary products (%)",TM.TAX.TCOM.BC.ZS,100
Costa Rica,CRI,2002,"Binding coverage, primary products (%)",TM.TAX.TCOM.BC.ZS,100
Costa Rica,CRI,2001,"Binding coverage, primary products (%)",TM.TAX.TCOM.BC.ZS,100
Costa Rica,CRI,2000,"Binding coverage, primary products (%)",TM.TAX.TCOM.BC.ZS,100
Costa Rica,CRI,1999,"Binding coverage, primary products (%)",TM.TAX.TCOM.BC.ZS,100
Costa Rica,CRI,1998,"Binding coverage, primary products (%)",TM.TAX.TCOM.BC.ZS,100
Costa Rica,CRI,1997,"Binding coverage, primary products (%)",TM.TAX.TCOM.BC.ZS,100
Costa Rica,CRI,1996,"Binding coverage, primary products (%)",TM.TAX.TCOM.BC.ZS,100
Costa Rica,CRI,1995,"Binding coverage, primary products (%)",TM.TAX.TCOM.BC.ZS,100
Costa Rica,CRI,2021,"Bound rate, simple mean, primary products (%)",TM.TAX.TCOM.BR.ZS,43.83
Costa Rica,CRI,2020,"Bound rate, simple mean, primary products (%)",TM.TAX.TCOM.BR.ZS,43.83
Costa Rica,CRI,2019,"Bound rate, simple mean, primary products (%)",TM.TAX.TCOM.BR.ZS,43.83
Costa Rica,CRI,2018,"Bound rate, simple mean, primary products (%)",TM.TAX.TCOM.BR.ZS,43.83
Costa Rica,CRI,2016,"Bound rate, simple mean, primary products (%)",TM.TAX.TCOM.BR.ZS,43.77
Costa Rica,CRI,2014,"Bound rate, simple mean, primary products (%)",TM.TAX.TCOM.BR.ZS,43.77
Costa Rica,CRI,2013,"Bound rate, simple mean, primary products (%)",TM.TAX.TCOM.BR.ZS,43.77
Costa Rica,CRI,2012,"Bound rate, simple mean, primary products (%)",TM.TAX.TCOM.BR.ZS,43.77
Costa Rica,CRI,2011,"Bound rate, simple mean, primary products (%)",TM.TAX.TCOM.BR.ZS,43.69
Costa Rica,CRI,2010,"Bound rate, simple mean, primary products (%)",TM.TAX.TCOM.BR.ZS,43.69
Costa Rica,CRI,2009,"Bound rate, simple mean, primary products (%)",TM.TAX.TCOM.BR.ZS,43.69
Costa Rica,CRI,2008,"Bound rate, simple mean, primary products (%)",TM.TAX.TCOM.BR.ZS,43.69
Costa Rica,CRI,2007,"Bound rate, simple mean, primary products (%)",TM.TAX.TCOM.BR.ZS,43.69
Costa Rica,CRI,2006,"Bound rate, simple mean, primary products (%)",TM.TAX.TCOM.BR.ZS,43.57
Costa Rica,CRI,2005,"Bound rate, simple mean, primary products (%)",TM.TAX.TCOM.BR.ZS,43.57
Costa Rica,CRI,2004,"Bound rate, simple mean, primary products (%)",TM.TAX.TCOM.BR.ZS,43.57
Costa Rica,CRI,2003,"Bound rate, simple mean, primary products (%)",TM.TAX.TCOM.BR.ZS,43.57
Costa Rica,CRI,2002,"Bound rate, simple mean, primary products (%)",TM.TAX.TCOM.BR.ZS,43.57
Costa Rica,CRI,2001,"Bound rate, simple mean, primary products (%)",TM.TAX.TCOM.BR.ZS,43.47
Costa Rica,CRI,2000,"Bound rate, simple mean, primary products (%)",TM.TAX.TCOM.BR.ZS,43.47
Costa Rica,CRI,1999,"Bound rate, simple mean, primary products (%)",TM.TAX.TCOM.BR.ZS,43.47
Costa Rica,CRI,1998,"Bound rate, simple mean, primary products (%)",TM.TAX.TCOM.BR.ZS,43.47
Costa Rica,CRI,1997,"Bound rate, simple mean, primary products (%)",TM.TAX.TCOM.BR.ZS,43.47
Costa Rica,CRI,1996,"Bound rate, simple mean, primary products (%)",TM.TAX.TCOM.BR.ZS,43.1
Costa Rica,CRI,1995,"Bound rate, simple mean, primary products (%)",TM.TAX.TCOM.BR.ZS,43.1
Costa Rica,CRI,2022,"Tariff rate, applied, simple mean, primary products (%)",TM.TAX.TCOM.SM.AR.ZS,4.07
Costa Rica,CRI,2021,"Tariff rate, applied, simple mean, primary products (%)",TM.TAX.TCOM.SM.AR.ZS,4.39
Costa Rica,CRI,2020,"Tariff rate, applied, simple mean, primary products (%)",TM.TAX.TCOM.SM.AR.ZS,4.61
Costa Rica,CRI,2019,"Tariff rate, applied, simple mean, primary products (%)",TM.TAX.TCOM.SM.AR.ZS,4.69
Costa Rica,CRI,2018,"Tariff rate, applied, simple mean, primary products (%)",TM.TAX.TCOM.SM.AR.ZS,4.86
Costa Rica,CRI,2016,"Tariff rate, applied, simple mean, primary products (%)",TM.TAX.TCOM.SM.AR.ZS,5.14
Costa Rica,CRI,2014,"Tariff rate, applied, simple mean, primary products (%)",TM.TAX.TCOM.SM.AR.ZS,5.21
Costa Rica,CRI,2013,"Tariff rate, applied, simple mean, primary products (%)",TM.TAX.TCOM.SM.AR.ZS,5.56
Costa Rica,CRI,2012,"Tariff rate, applied, simple mean, primary products (%)",TM.TAX.TCOM.SM.AR.ZS,5.56
Costa Rica,CRI,2011,"Tariff rate, applied, simple mean, primary products (%)",TM.TAX.TCOM.SM.AR.ZS,5.98
Costa Rica,CRI,2010,"Tariff rate, applied, simple mean, primary products (%)",TM.TAX.TCOM.SM.AR.ZS,6.08
Costa Rica,CRI,2009,"Tariff rate, applied, simple mean, primary products (%)",TM.TAX.TCOM.SM.AR.ZS,6.59
Costa Rica,CRI,2008,"Tariff rate, applied, simple mean, primary products (%)",TM.TAX.TCOM.SM.AR.ZS,7.7
Costa Rica,CRI,2007,"Tariff rate, applied, simple mean, primary products (%)",TM.TAX.TCOM.SM.AR.ZS,8.49
Costa Rica,CRI,2006,"Tariff rate, applied, simple mean, primary products (%)",TM.TAX.TCOM.SM.AR.ZS,8.11
Costa Rica,CRI,2005,"Tariff rate, applied, simple mean, primary products (%)",TM.TAX.TCOM.SM.AR.ZS,10.45
Costa Rica,CRI,2004,"Tariff rate, applied, simple mean, primary products (%)",TM.TAX.TCOM.SM.AR.ZS,8.85
Costa Rica,CRI,2003,"Tariff rate, applied, simple mean, primary products (%)",TM.TAX.TCOM.SM.AR.ZS,8.63
Costa Rica,CRI,2002,"Tariff rate, applied, simple mean, primary products (%)",TM.TAX.TCOM.SM.AR.ZS,10.63
Costa Rica,CRI,2001,"Tariff rate, applied, simple mean, primary products (%)",TM.TAX.TCOM.SM.AR.ZS,9.85
Costa Rica,CRI,2000,"Tariff rate, applied, simple mean, primary products (%)",TM.TAX.TCOM.SM.AR.ZS,8.33
Costa Rica,CRI,1999,"Tariff rate, applied, simple mean, primary products (%)",TM.TAX.TCOM.SM.AR.ZS,9.52
Costa Rica,CRI,1998,"Tariff rate, applied, simple mean, primary products (%)",TM.TAX.TCOM.SM.AR.ZS,9.87
Costa Rica,CRI,1997,"Tariff rate, applied, simple mean, primary products (%)",TM.TAX.TCOM.SM.AR.ZS,10.65
Costa Rica,CRI,1996,"Tariff rate, applied, simple mean, primary products (%)",TM.TAX.TCOM.SM.AR.ZS,13.57
Costa Rica,CRI,1995,"Tariff rate, applied, simple mean, primary products (%)",TM.TAX.TCOM.SM.AR.ZS,12.45
Costa Rica,CRI,2022,"Tariff rate, most favored nation, simple mean, primary products (%)",TM.TAX.TCOM.SM.FN.ZS,8.36
Costa Rica,CRI,2021,"Tariff rate, most favored nation, simple mean, primary products (%)",TM.TAX.TCOM.SM.FN.ZS,8.42
Costa Rica,CRI,2020,"Tariff rate, most favored nation, simple mean, primary products (%)",TM.TAX.TCOM.SM.FN.ZS,8.4
Costa Rica,CRI,2019,"Tariff rate, most favored nation, simple mean, primary products (%)",TM.TAX.TCOM.SM.FN.ZS,8.42
Costa Rica,CRI,2018,"Tariff rate, most favored nation, simple mean, primary products (%)",TM.TAX.TCOM.SM.FN.ZS,8.42
Costa Rica,CRI,2016,"Tariff rate, most favored nation, simple mean, primary products (%)",TM.TAX.TCOM.SM.FN.ZS,8.55
Costa Rica,CRI,2014,"Tariff rate, most favored nation, simple mean, primary products (%)",TM.TAX.TCOM.SM.FN.ZS,8.54
Costa Rica,CRI,2013,"Tariff rate, most favored nation, simple mean, primary products (%)",TM.TAX.TCOM.SM.FN.ZS,8.38
Costa Rica,CRI,2012,"Tariff rate, most favored nation, simple mean, primary products (%)",TM.TAX.TCOM.SM.FN.ZS,8.39
Costa Rica,CRI,2011,"Tariff rate, most favored nation, simple mean, primary products (%)",TM.TAX.TCOM.SM.FN.ZS,7.79
Costa Rica,CRI,2010,"Tariff rate, most favored nation, simple mean, primary products (%)",TM.TAX.TCOM.SM.FN.ZS,7.97
Costa Rica,CRI,2009,"Tariff rate, most favored nation, simple mean, primary products (%)",TM.TAX.TCOM.SM.FN.ZS,7.98
Costa Rica,CRI,2008,"Tariff rate, most favored nation, simple mean, primary products (%)",TM.TAX.TCOM.SM.FN.ZS,8.89
Costa Rica,CRI,2007,"Tariff rate, most favored nation, simple mean, primary products (%)",TM.TAX.TCOM.SM.FN.ZS,8.57
Costa Rica,CRI,2006,"Tariff rate, most favored nation, simple mean, primary products (%)",TM.TAX.TCOM.SM.FN.ZS,8.75
Costa Rica,CRI,2005,"Tariff rate, most favored nation, simple mean, primary products (%)",TM.TAX.TCOM.SM.FN.ZS,8.4
Costa Rica,CRI,2004,"Tariff rate, most favored nation, simple mean, primary products (%)",TM.TAX.TCOM.SM.FN.ZS,8.4
Costa Rica,CRI,2003,"Tariff rate, most favored nation, simple mean, primary products (%)",TM.TAX.TCOM.SM.FN.ZS,8.85
Costa Rica,CRI,2002,"Tariff rate, most favored nation, simple mean, primary products (%)",TM.TAX.TCOM.SM.FN.ZS,8.38
Costa Rica,CRI,2001,"Tariff rate, most favored nation, simple mean, primary products (%)",TM.TAX.TCOM.SM.FN.ZS,8.43
Costa Rica,CRI,2000,"Tariff rate, most favored nation, simple mean, primary products (%)",TM.TAX.TCOM.SM.FN.ZS,8.67
Costa Rica,CRI,1999,"Tariff rate, most favored nation, simple mean, primary products (%)",TM.TAX.TCOM.SM.FN.ZS,10.01
Costa Rica,CRI,1998,"Tariff rate, most favored nation, simple mean, primary products (%)",TM.TAX.TCOM.SM.FN.ZS,10.52
Costa Rica,CRI,1997,"Tariff rate, most favored nation, simple mean, primary products (%)",TM.TAX.TCOM.SM.FN.ZS,11.87
Costa Rica,CRI,1996,"Tariff rate, most favored nation, simple mean, primary products (%)",TM.TAX.TCOM.SM.FN.ZS,12.71
Costa Rica,CRI,1995,"Tariff rate, most favored nation, simple mean, primary products (%)",TM.TAX.TCOM.SM.FN.ZS,11.06
Costa Rica,CRI,2022,"Tariff rate, applied, weighted mean, primary products (%)",TM.TAX.TCOM.WM.AR.ZS,3.34
Costa Rica,CRI,2021,"Tariff rate, applied, weighted mean, primary products (%)",TM.TAX.TCOM.WM.AR.ZS,3.71
Costa Rica,CRI,2020,"Tariff rate, applied, weighted mean, primary products (%)",TM.TAX.TCOM.WM.AR.ZS,3.71
Costa Rica,CRI,2019,"Tariff rate, applied, weighted mean, primary products (%)",TM.TAX.TCOM.WM.AR.ZS,3.81
Costa Rica,CRI,2018,"Tariff rate, applied, weighted mean, primary products (%)",TM.TAX.TCOM.WM.AR.ZS,4.15
Costa Rica,CRI,2016,"Tariff rate, applied, weighted mean, primary products (%)",TM.TAX.TCOM.WM.AR.ZS,2.59
Costa Rica,CRI,2014,"Tariff rate, applied, weighted mean, primary products (%)",TM.TAX.TCOM.WM.AR.ZS,2.42
Costa Rica,CRI,2013,"Tariff rate, applied, weighted mean, primary products (%)",TM.TAX.TCOM.WM.AR.ZS,2.67
Costa Rica,CRI,2012,"Tariff rate, applied, weighted mean, primary products (%)",TM.TAX.TCOM.WM.AR.ZS,2.47
Costa Rica,CRI,2011,"Tariff rate, applied, weighted mean, primary products (%)",TM.TAX.TCOM.WM.AR.ZS,2.77
Costa Rica,CRI,2010,"Tariff rate, applied, weighted mean, primary products (%)",TM.TAX.TCOM.WM.AR.ZS,3
Costa Rica,CRI,2009,"Tariff rate, applied, weighted mean, primary products (%)",TM.TAX.TCOM.WM.AR.ZS,3.64
Costa Rica,CRI,2008,"Tariff rate, applied, weighted mean, primary products (%)",TM.TAX.TCOM.WM.AR.ZS,4.43
Costa Rica,CRI,2007,"Tariff rate, applied, weighted mean, primary products (%)",TM.TAX.TCOM.WM.AR.ZS,5.12
Costa Rica,CRI,2006,"Tariff rate, applied, weighted mean, primary products (%)",TM.TAX.TCOM.WM.AR.ZS,4.48
Costa Rica,CRI,2005,"Tariff rate, applied, weighted mean, primary products (%)",TM.TAX.TCOM.WM.AR.ZS,6.12
Costa Rica,CRI,2004,"Tariff rate, applied, weighted mean, primary products (%)",TM.TAX.TCOM.WM.AR.ZS,5.84
Costa Rica,CRI,2003,"Tariff rate, applied, weighted mean, primary products (%)",TM.TAX.TCOM.WM.AR.ZS,5.26
Costa Rica,CRI,2002,"Tariff rate, applied, weighted mean, primary products (%)",TM.TAX.TCOM.WM.AR.ZS,7.18
Costa Rica,CRI,2001,"Tariff rate, applied, weighted mean, primary products (%)",TM.TAX.TCOM.WM.AR.ZS,7.92
Costa Rica,CRI,2000,"Tariff rate, applied, weighted mean, primary products (%)",TM.TAX.TCOM.WM.AR.ZS,6.05
Costa Rica,CRI,1999,"Tariff rate, applied, weighted mean, primary products (%)",TM.TAX.TCOM.WM.AR.ZS,6.46
Costa Rica,CRI,1998,"Tariff rate, applied, weighted mean, primary products (%)",TM.TAX.TCOM.WM.AR.ZS,6.49
Costa Rica,CRI,1997,"Tariff rate, applied, weighted mean, primary products (%)",TM.TAX.TCOM.WM.AR.ZS,6.75
Costa Rica,CRI,1996,"Tariff rate, applied, weighted mean, primary products (%)",TM.TAX.TCOM.WM.AR.ZS,8.65
Costa Rica,CRI,1995,"Tariff rate, applied, weighted mean, primary products (%)",TM.TAX.TCOM.WM.AR.ZS,10.5
Costa Rica,CRI,2022,"Tariff rate, most favored nation, weighted mean, primary products (%)",TM.TAX.TCOM.WM.FN.ZS,10.34
Costa Rica,CRI,2021,"Tariff rate, most favored nation, weighted mean, primary products (%)",TM.TAX.TCOM.WM.FN.ZS,11.14
Costa Rica,CRI,2020,"Tariff rate, most favored nation, weighted mean, primary products (%)",TM.TAX.TCOM.WM.FN.ZS,11.04
Costa Rica,CRI,2019,"Tariff rate, most favored nation, weighted mean, primary products (%)",TM.TAX.TCOM.WM.FN.ZS,10.54
Costa Rica,CRI,2018,"Tariff rate, most favored nation, weighted mean, primary products (%)",TM.TAX.TCOM.WM.FN.ZS,10.78
Costa Rica,CRI,2016,"Tariff rate, most favored nation, weighted mean, primary products (%)",TM.TAX.TCOM.WM.FN.ZS,8.2
Costa Rica,CRI,2014,"Tariff rate, most favored nation, weighted mean, primary products (%)",TM.TAX.TCOM.WM.FN.ZS,6.31
Costa Rica,CRI,2013,"Tariff rate, most favored nation, weighted mean, primary products (%)",TM.TAX.TCOM.WM.FN.ZS,6.2
Costa Rica,CRI,2012,"Tariff rate, most favored nation, weighted mean, primary products (%)",TM.TAX.TCOM.WM.FN.ZS,6.74
Costa Rica,CRI,2011,"Tariff rate, most favored nation, weighted mean, primary products (%)",TM.TAX.TCOM.WM.FN.ZS,5.97
Costa Rica,CRI,2010,"Tariff rate, most favored nation, weighted mean, primary products (%)",TM.TAX.TCOM.WM.FN.ZS,6.05
Costa Rica,CRI,2009,"Tariff rate, most favored nation, weighted mean, primary products (%)",TM.TAX.TCOM.WM.FN.ZS,6.14
Costa Rica,CRI,2008,"Tariff rate, most favored nation, weighted mean, primary products (%)",TM.TAX.TCOM.WM.FN.ZS,5.76
Costa Rica,CRI,2007,"Tariff rate, most favored nation, weighted mean, primary products (%)",TM.TAX.TCOM.WM.FN.ZS,5.99
Costa Rica,CRI,2006,"Tariff rate, most favored nation, weighted mean, primary products (%)",TM.TAX.TCOM.WM.FN.ZS,5.64
Costa Rica,CRI,2005,"Tariff rate, most favored nation, weighted mean, primary products (%)",TM.TAX.TCOM.WM.FN.ZS,6.12
Costa Rica,CRI,2004,"Tariff rate, most favored nation, weighted mean, primary products (%)",TM.TAX.TCOM.WM.FN.ZS,7.09
Costa Rica,CRI,2003,"Tariff rate, most favored nation, weighted mean, primary products (%)",TM.TAX.TCOM.WM.FN.ZS,7.38
Costa Rica,CRI,2002,"Tariff rate, most favored nation, weighted mean, primary products (%)",TM.TAX.TCOM.WM.FN.ZS,7.18
Costa Rica,CRI,2001,"Tariff rate, most favored nation, weighted mean, primary products (%)",TM.TAX.TCOM.WM.FN.ZS,7.92
Costa Rica,CRI,2000,"Tariff rate, most favored nation, weighted mean, primary products (%)",TM.TAX.TCOM.WM.FN.ZS,7.82
Costa Rica,CRI,1999,"Tariff rate, most favored nation, weighted mean, primary products (%)",TM.TAX.TCOM.WM.FN.ZS,8.66
Costa Rica,CRI,1998,"Tariff rate, most favored nation, weighted mean, primary products (%)",TM.TAX.TCOM.WM.FN.ZS,8.67
Costa Rica,CRI,1997,"Tariff rate, most favored nation, weighted mean, primary products (%)",TM.TAX.TCOM.WM.FN.ZS,9.01
Costa Rica,CRI,1996,"Tariff rate, most favored nation, weighted mean, primary products (%)",TM.TAX.TCOM.WM.FN.ZS,8.65
Costa Rica,CRI,1995,"Tariff rate, most favored nation, weighted mean, primary products (%)",TM.TAX.TCOM.WM.FN.ZS,10.59
Costa Rica,CRI,2023,Import unit value index (2015 = 100),TM.UVI.MRCH.XD.WD,125.4
Costa Rica,CRI,2022,Import unit value index (2015 = 100),TM.UVI.MRCH.XD.WD,126.6
Costa Rica,CRI,2021,Import unit value index (2015 = 100),TM.UVI.MRCH.XD.WD,108.7
Costa Rica,CRI,2020,Import unit value index (2015 = 100),TM.UVI.MRCH.XD.WD,102.6
Costa Rica,CRI,2019,Import unit value index (2015 = 100),TM.UVI.MRCH.XD.WD,103
Costa Rica,CRI,2018,Import unit value index (2015 = 100),TM.UVI.MRCH.XD.WD,102.7
Costa Rica,CRI,2017,Import unit value index (2015 = 100),TM.UVI.MRCH.XD.WD,96.3
Costa Rica,CRI,2016,Import unit value index (2015 = 100),TM.UVI.MRCH.XD.WD,95.4
Costa Rica,CRI,2015,Import unit value index (2015 = 100),TM.UVI.MRCH.XD.WD,100
Costa Rica,CRI,2014,Import unit value index (2015 = 100),TM.UVI.MRCH.XD.WD,107.2
Costa Rica,CRI,2013,Import unit value index (2015 = 100),TM.UVI.MRCH.XD.WD,109.1
Costa Rica,CRI,2012,Import unit value index (2015 = 100),TM.UVI.MRCH.XD.WD,109.4
Costa Rica,CRI,2011,Import unit value index (2015 = 100),TM.UVI.MRCH.XD.WD,109.6
Costa Rica,CRI,2010,Import unit value index (2015 = 100),TM.UVI.MRCH.XD.WD,101.7
Costa Rica,CRI,2009,Import unit value index (2015 = 100),TM.UVI.MRCH.XD.WD,100.1
Costa Rica,CRI,2008,Import unit value index (2015 = 100),TM.UVI.MRCH.XD.WD,110.5
Costa Rica,CRI,2007,Import unit value index (2015 = 100),TM.UVI.MRCH.XD.WD,99.3
Costa Rica,CRI,2006,Import unit value index (2015 = 100),TM.UVI.MRCH.XD.WD,94
Costa Rica,CRI,2005,Import unit value index (2015 = 100),TM.UVI.MRCH.XD.WD,88
Costa Rica,CRI,2004,Import unit value index (2015 = 100),TM.UVI.MRCH.XD.WD,82.4
Costa Rica,CRI,2003,Import unit value index (2015 = 100),TM.UVI.MRCH.XD.WD,79.5
Costa Rica,CRI,2002,Import unit value index (2015 = 100),TM.UVI.MRCH.XD.WD,77.6
Costa Rica,CRI,2001,Import unit value index (2015 = 100),TM.UVI.MRCH.XD.WD,78.8
Costa Rica,CRI,2000,Import unit value index (2015 = 100),TM.UVI.MRCH.XD.WD,77.9
Costa Rica,CRI,1999,Import unit value index (2015 = 100),TM.UVI.MRCH.XD.WD,74.1
Costa Rica,CRI,1998,Import unit value index (2015 = 100),TM.UVI.MRCH.XD.WD,82.3
Costa Rica,CRI,1997,Import unit value index (2015 = 100),TM.UVI.MRCH.XD.WD,76.3
Costa Rica,CRI,1996,Import unit value index (2015 = 100),TM.UVI.MRCH.XD.WD,77.7
Costa Rica,CRI,1995,Import unit value index (2015 = 100),TM.UVI.MRCH.XD.WD,74.1
Costa Rica,CRI,1994,Import unit value index (2015 = 100),TM.UVI.MRCH.XD.WD,78.6
Costa Rica,CRI,1993,Import unit value index (2015 = 100),TM.UVI.MRCH.XD.WD,83.3
Costa Rica,CRI,1992,Import unit value index (2015 = 100),TM.UVI.MRCH.XD.WD,83.3
Costa Rica,CRI,1991,Import unit value index (2015 = 100),TM.UVI.MRCH.XD.WD,84.1
Costa Rica,CRI,1990,Import unit value index (2015 = 100),TM.UVI.MRCH.XD.WD,84.1
Costa Rica,CRI,1989,Import unit value index (2015 = 100),TM.UVI.MRCH.XD.WD,80.2
Costa Rica,CRI,1988,Import unit value index (2015 = 100),TM.UVI.MRCH.XD.WD,76.3
Costa Rica,CRI,1987,Import unit value index (2015 = 100),TM.UVI.MRCH.XD.WD,73.2
Costa Rica,CRI,1986,Import unit value index (2015 = 100),TM.UVI.MRCH.XD.WD,68.5
Costa Rica,CRI,1985,Import unit value index (2015 = 100),TM.UVI.MRCH.XD.WD,77.9
Costa Rica,CRI,1984,Import unit value index (2015 = 100),TM.UVI.MRCH.XD.WD,77.9
Costa Rica,CRI,1983,Import unit value index (2015 = 100),TM.UVI.MRCH.XD.WD,82.5
Costa Rica,CRI,1982,Import unit value index (2015 = 100),TM.UVI.MRCH.XD.WD,84.1
Costa Rica,CRI,1981,Import unit value index (2015 = 100),TM.UVI.MRCH.XD.WD,88
Costa Rica,CRI,1980,Import unit value index (2015 = 100),TM.UVI.MRCH.XD.WD,79.4
Costa Rica,CRI,2023,Agricultural raw materials imports (% of merchandise imports),TM.VAL.AGRI.ZS.UN,0.995764455929772
Costa Rica,CRI,2022,Agricultural raw materials imports (% of merchandise imports),TM.VAL.AGRI.ZS.UN,1.15681111817637
Costa Rica,CRI,2021,Agricultural raw materials imports (% of merchandise imports),TM.VAL.AGRI.ZS.UN,1.13519660901207
Costa Rica,CRI,2020,Agricultural raw materials imports (% of merchandise imports),TM.VAL.AGRI.ZS.UN,1.05020406893501
Costa Rica,CRI,2019,Agricultural raw materials imports (% of merchandise imports),TM.VAL.AGRI.ZS.UN,1.02800105768122
Costa Rica,CRI,2018,Agricultural raw materials imports (% of merchandise imports),TM.VAL.AGRI.ZS.UN,1.12371977067271
Costa Rica,CRI,2017,Agricultural raw materials imports (% of merchandise imports),TM.VAL.AGRI.ZS.UN,1.12890647454819
Costa Rica,CRI,2016,Agricultural raw materials imports (% of merchandise imports),TM.VAL.AGRI.ZS.UN,1.12187276767548
Costa Rica,CRI,2015,Agricultural raw materials imports (% of merchandise imports),TM.VAL.AGRI.ZS.UN,1.05195537148832
Costa Rica,CRI,2014,Agricultural raw materials imports (% of merchandise imports),TM.VAL.AGRI.ZS.UN,0.954421858659943
Costa Rica,CRI,2013,Agricultural raw materials imports (% of merchandise imports),TM.VAL.AGRI.ZS.UN,0.916292988827797
Costa Rica,CRI,2012,Agricultural raw materials imports (% of merchandise imports),TM.VAL.AGRI.ZS.UN,1.00431646574085
Costa Rica,CRI,2011,Agricultural raw materials imports (% of merchandise imports),TM.VAL.AGRI.ZS.UN,1.10075544673861
Costa Rica,CRI,2010,Agricultural raw materials imports (% of merchandise imports),TM.VAL.AGRI.ZS.UN,1.11533518287297
Costa Rica,CRI,2009,Agricultural raw materials imports (% of merchandise imports),TM.VAL.AGRI.ZS.UN,0.744767748599759
Costa Rica,CRI,2008,Agricultural raw materials imports (% of merchandise imports),TM.VAL.AGRI.ZS.UN,1.1424427144545
Costa Rica,CRI,2007,Agricultural raw materials imports (% of merchandise imports),TM.VAL.AGRI.ZS.UN,1.04246909482606
Costa Rica,CRI,2006,Agricultural raw materials imports (% of merchandise imports),TM.VAL.AGRI.ZS.UN,0.958485445266053
Costa Rica,CRI,2005,Agricultural raw materials imports (% of merchandise imports),TM.VAL.AGRI.ZS.UN,1.06584009387763
Costa Rica,CRI,2004,Agricultural raw materials imports (% of merchandise imports),TM.VAL.AGRI.ZS.UN,1.0219509464053
Costa Rica,CRI,2003,Agricultural raw materials imports (% of merchandise imports),TM.VAL.AGRI.ZS.UN,0.878776480870287
Costa Rica,CRI,2002,Agricultural raw materials imports (% of merchandise imports),TM.VAL.AGRI.ZS.UN,0.722986699717162
Costa Rica,CRI,2001,Agricultural raw materials imports (% of merchandise imports),TM.VAL.AGRI.ZS.UN,0.837236718468506
Costa Rica,CRI,2000,Agricultural raw materials imports (% of merchandise imports),TM.VAL.AGRI.ZS.UN,0.80202394886329
Costa Rica,CRI,1999,Agricultural raw materials imports (% of merchandise imports),TM.VAL.AGRI.ZS.UN,0.766468681146106
Costa Rica,CRI,1998,Agricultural raw materials imports (% of merchandise imports),TM.VAL.AGRI.ZS.UN,0.713938092567697
Costa Rica,CRI,1997,Agricultural raw materials imports (% of merchandise imports),TM.VAL.AGRI.ZS.UN,0.854670685947783
Costa Rica,CRI,1996,Agricultural raw materials imports (% of merchandise imports),TM.VAL.AGRI.ZS.UN,1.22912482067931
Costa Rica,CRI,1995,Agricultural raw materials imports (% of merchandise imports),TM.VAL.AGRI.ZS.UN,1.24316515976676
Costa Rica,CRI,1994,Agricultural raw materials imports (% of merchandise imports),TM.VAL.AGRI.ZS.UN,1.1570222711411
Costa Rica,CRI,1987,Agricultural raw materials imports (% of merchandise imports),TM.VAL.AGRI.ZS.UN,1.66076656656
Costa Rica,CRI,1986,Agricultural raw materials imports (% of merchandise imports),TM.VAL.AGRI.ZS.UN,1.67986002599255
Costa Rica,CRI,1985,Agricultural raw materials imports (% of merchandise imports),TM.VAL.AGRI.ZS.UN,1.49786655590007
Costa Rica,CRI,1984,Agricultural raw materials imports (% of merchandise imports),TM.VAL.AGRI.ZS.UN,1.92525447200351
Costa Rica,CRI,1983,Agricultural raw materials imports (% of merchandise imports),TM.VAL.AGRI.ZS.UN,1.80619340925807
Costa Rica,CRI,1982,Agricultural raw materials imports (% of merchandise imports),TM.VAL.AGRI.ZS.UN,1.87691841942654
Costa Rica,CRI,1981,Agricultural raw materials imports (% of merchandise imports),TM.VAL.AGRI.ZS.UN,1.54698340410968
Costa Rica,CRI,1980,Agricultural raw materials imports (% of merchandise imports),TM.VAL.AGRI.ZS.UN,1.52657250386479
Costa Rica,CRI,1979,Agricultural raw materials imports (% of merchandise imports),TM.VAL.AGRI.ZS.UN,1.30624128316579
Costa Rica,CRI,1978,Agricultural raw materials imports (% of merchandise imports),TM.VAL.AGRI.ZS.UN,1.12364807078517
Costa Rica,CRI,1977,Agricultural raw materials imports (% of merchandise imports),TM.VAL.AGRI.ZS.UN,1.48057550259439
Costa Rica,CRI,1976,Agricultural raw materials imports (% of merchandise imports),TM.VAL.AGRI.ZS.UN,1.55190141903896
Costa Rica,CRI,1975,Agricultural raw materials imports (% of merchandise imports),TM.VAL.AGRI.ZS.UN,1.30073266431797
Costa Rica,CRI,1974,Agricultural raw materials imports (% of merchandise imports),TM.VAL.AGRI.ZS.UN,1.51867890622888
Costa Rica,CRI,1973,Agricultural raw materials imports (% of merchandise imports),TM.VAL.AGRI.ZS.UN,1.14713494309946
Costa Rica,CRI,1972,Agricultural raw materials imports (% of merchandise imports),TM.VAL.AGRI.ZS.UN,1.17930956964394
Costa Rica,CRI,1971,Agricultural raw materials imports (% of merchandise imports),TM.VAL.AGRI.ZS.UN,1.11287734208582
Costa Rica,CRI,1970,Agricultural raw materials imports (% of merchandise imports),TM.VAL.AGRI.ZS.UN,1.06078164452844
Costa Rica,CRI,1969,Agricultural raw materials imports (% of merchandise imports),TM.VAL.AGRI.ZS.UN,0.94494890019465
Costa Rica,CRI,1968,Agricultural raw materials imports (% of merchandise imports),TM.VAL.AGRI.ZS.UN,1.13020401781845
Costa Rica,CRI,1967,Agricultural raw materials imports (% of merchandise imports),TM.VAL.AGRI.ZS.UN,0.953060017467187
Costa Rica,CRI,1966,Agricultural raw materials imports (% of merchandise imports),TM.VAL.AGRI.ZS.UN,0.60574969972749
Costa Rica,CRI,1965,Agricultural raw materials imports (% of merchandise imports),TM.VAL.AGRI.ZS.UN,0.447634574793809
Costa Rica,CRI,2023,Food imports (% of merchandise imports),TM.VAL.FOOD.ZS.UN,13.3217397162158
Costa Rica,CRI,2022,Food imports (% of merchandise imports),TM.VAL.FOOD.ZS.UN,12.4940561664025
Costa Rica,CRI,2021,Food imports (% of merchandise imports),TM.VAL.FOOD.ZS.UN,13.3237047832935
Costa Rica,CRI,2020,Food imports (% of merchandise imports),TM.VAL.FOOD.ZS.UN,14.7500769227882
Costa Rica,CRI,2019,Food imports (% of merchandise imports),TM.VAL.FOOD.ZS.UN,13.1806920685055
Costa Rica,CRI,2018,Food imports (% of merchandise imports),TM.VAL.FOOD.ZS.UN,12.9166824534422
Costa Rica,CRI,2017,Food imports (% of merchandise imports),TM.VAL.FOOD.ZS.UN,13.4055451491915
Costa Rica,CRI,2016,Food imports (% of merchandise imports),TM.VAL.FOOD.ZS.UN,13.2576973361867
Costa Rica,CRI,2015,Food imports (% of merchandise imports),TM.VAL.FOOD.ZS.UN,11.9558810616322
Costa Rica,CRI,2014,Food imports (% of merchandise imports),TM.VAL.FOOD.ZS.UN,11.4415556932258
Costa Rica,CRI,2013,Food imports (% of merchandise imports),TM.VAL.FOOD.ZS.UN,10.4516578437187
Costa Rica,CRI,2012,Food imports (% of merchandise imports),TM.VAL.FOOD.ZS.UN,10.7356362141469
Costa Rica,CRI,2011,Food imports (% of merchandise imports),TM.VAL.FOOD.ZS.UN,8.7556891159271
Costa Rica,CRI,2010,Food imports (% of merchandise imports),TM.VAL.FOOD.ZS.UN,8.96749176282676
Costa Rica,CRI,2009,Food imports (% of merchandise imports),TM.VAL.FOOD.ZS.UN,7.16346240461911
Costa Rica,CRI,2008,Food imports (% of merchandise imports),TM.VAL.FOOD.ZS.UN,8.50827089693552
Costa Rica,CRI,2007,Food imports (% of merchandise imports),TM.VAL.FOOD.ZS.UN,7.99820234523875
Costa Rica,CRI,2006,Food imports (% of merchandise imports),TM.VAL.FOOD.ZS.UN,6.32469247400558
Costa Rica,CRI,2005,Food imports (% of merchandise imports),TM.VAL.FOOD.ZS.UN,6.28246982080874
Costa Rica,CRI,2004,Food imports (% of merchandise imports),TM.VAL.FOOD.ZS.UN,8.58587634261244
Costa Rica,CRI,2003,Food imports (% of merchandise imports),TM.VAL.FOOD.ZS.UN,7.74872279076332
Costa Rica,CRI,2002,Food imports (% of merchandise imports),TM.VAL.FOOD.ZS.UN,8.01269363371063
Costa Rica,CRI,2001,Food imports (% of merchandise imports),TM.VAL.FOOD.ZS.UN,7.50612972800854
Costa Rica,CRI,2000,Food imports (% of merchandise imports),TM.VAL.FOOD.ZS.UN,7.44873459372655
Costa Rica,CRI,1999,Food imports (% of merchandise imports),TM.VAL.FOOD.ZS.UN,7.29953652107923
Costa Rica,CRI,1998,Food imports (% of merchandise imports),TM.VAL.FOOD.ZS.UN,7.87009348064918
Costa Rica,CRI,1997,Food imports (% of merchandise imports),TM.VAL.FOOD.ZS.UN,9.73781104294057
Costa Rica,CRI,1996,Food imports (% of merchandise imports),TM.VAL.FOOD.ZS.UN,12.887826596399
Costa Rica,CRI,1995,Food imports (% of merchandise imports),TM.VAL.FOOD.ZS.UN,10.1824793003999
Costa Rica,CRI,1994,Food imports (% of merchandise imports),TM.VAL.FOOD.ZS.UN,10.4267113496744
Costa Rica,CRI,1987,Food imports (% of merchandise imports),TM.VAL.FOOD.ZS.UN,7.80347015777327
Costa Rica,CRI,1986,Food imports (% of merchandise imports),TM.VAL.FOOD.ZS.UN,7.66076872709725
Costa Rica,CRI,1985,Food imports (% of merchandise imports),TM.VAL.FOOD.ZS.UN,8.22385348737891
Costa Rica,CRI,1984,Food imports (% of merchandise imports),TM.VAL.FOOD.ZS.UN,9.51718105081639
Costa Rica,CRI,1983,Food imports (% of merchandise imports),TM.VAL.FOOD.ZS.UN,10.2971570155099
Costa Rica,CRI,1982,Food imports (% of merchandise imports),TM.VAL.FOOD.ZS.UN,8.70767331884623
Costa Rica,CRI,1981,Food imports (% of merchandise imports),TM.VAL.FOOD.ZS.UN,8.47569402865799
Costa Rica,CRI,1980,Food imports (% of merchandise imports),TM.VAL.FOOD.ZS.UN,8.80715373461049
Costa Rica,CRI,1979,Food imports (% of merchandise imports),TM.VAL.FOOD.ZS.UN,7.480523294178
Costa Rica,CRI,1978,Food imports (% of merchandise imports),TM.VAL.FOOD.ZS.UN,7.38707471303588
Costa Rica,CRI,1977,Food imports (% of merchandise imports),TM.VAL.FOOD.ZS.UN,7.58312588891265
Costa Rica,CRI,1976,Food imports (% of merchandise imports),TM.VAL.FOOD.ZS.UN,8.3253336113136
Costa Rica,CRI,1975,Food imports (% of merchandise imports),TM.VAL.FOOD.ZS.UN,9.92147387731241
Costa Rica,CRI,1974,Food imports (% of merchandise imports),TM.VAL.FOOD.ZS.UN,11.4816515396291
Costa Rica,CRI,1973,Food imports (% of merchandise imports),TM.VAL.FOOD.ZS.UN,10.393900739874
Costa Rica,CRI,1972,Food imports (% of merchandise imports),TM.VAL.FOOD.ZS.UN,10.140923206349
Costa Rica,CRI,1971,Food imports (% of merchandise imports),TM.VAL.FOOD.ZS.UN,12.2205749756137
Costa Rica,CRI,1970,Food imports (% of merchandise imports),TM.VAL.FOOD.ZS.UN,10.8785544063503
Costa Rica,CRI,1969,Food imports (% of merchandise imports),TM.VAL.FOOD.ZS.UN,10.3429278702251
Costa Rica,CRI,1968,Food imports (% of merchandise imports),TM.VAL.FOOD.ZS.UN,12.8169319741918
Costa Rica,CRI,1967,Food imports (% of merchandise imports),TM.VAL.FOOD.ZS.UN,11.942104890888
Costa Rica,CRI,1966,Food imports (% of merchandise imports),TM.VAL.FOOD.ZS.UN,10.5249125896565
Costa Rica,CRI,1965,Food imports (% of merchandise imports),TM.VAL.FOOD.ZS.UN,9.46264178873874
Costa Rica,CRI,2023,Fuel imports (% of merchandise imports),TM.VAL.FUEL.ZS.UN,11.3553479858585
Costa Rica,CRI,2022,Fuel imports (% of merchandise imports),TM.VAL.FUEL.ZS.UN,12.7239727439207
Costa Rica,CRI,2021,Fuel imports (% of merchandise imports),TM.VAL.FUEL.ZS.UN,9.21794301369152
Costa Rica,CRI,2020,Fuel imports (% of merchandise imports),TM.VAL.FUEL.ZS.UN,6.31434987063666
Costa Rica,CRI,2019,Fuel imports (% of merchandise imports),TM.VAL.FUEL.ZS.UN,10.2015421818237
Costa Rica,CRI,2018,Fuel imports (% of merchandise imports),TM.VAL.FUEL.ZS.UN,10.0769580364726
Costa Rica,CRI,2017,Fuel imports (% of merchandise imports),TM.VAL.FUEL.ZS.UN,9.14288904481548
Costa Rica,CRI,2016,Fuel imports (% of merchandise imports),TM.VAL.FUEL.ZS.UN,7.59463052878645
Costa Rica,CRI,2015,Fuel imports (% of merchandise imports),TM.VAL.FUEL.ZS.UN,8.46372690329394
Costa Rica,CRI,2014,Fuel imports (% of merchandise imports),TM.VAL.FUEL.ZS.UN,12.7713159851081
Costa Rica,CRI,2013,Fuel imports (% of merchandise imports),TM.VAL.FUEL.ZS.UN,12.5628782205581
Costa Rica,CRI,2012,Fuel imports (% of merchandise imports),TM.VAL.FUEL.ZS.UN,12.4523896726705
Costa Rica,CRI,2011,Fuel imports (% of merchandise imports),TM.VAL.FUEL.ZS.UN,12.4449396147683
Costa Rica,CRI,2010,Fuel imports (% of merchandise imports),TM.VAL.FUEL.ZS.UN,12.1189831181112
Costa Rica,CRI,2009,Fuel imports (% of merchandise imports),TM.VAL.FUEL.ZS.UN,8.42925125566378
Costa Rica,CRI,2008,Fuel imports (% of merchandise imports),TM.VAL.FUEL.ZS.UN,14.4529639286219
Costa Rica,CRI,2007,Fuel imports (% of merchandise imports),TM.VAL.FUEL.ZS.UN,11.9257662469648
Costa Rica,CRI,2006,Fuel imports (% of merchandise imports),TM.VAL.FUEL.ZS.UN,11.8446447827615
Costa Rica,CRI,2005,Fuel imports (% of merchandise imports),TM.VAL.FUEL.ZS.UN,10.8065859814325
Costa Rica,CRI,2004,Fuel imports (% of merchandise imports),TM.VAL.FUEL.ZS.UN,9.34746916686647
Costa Rica,CRI,2003,Fuel imports (% of merchandise imports),TM.VAL.FUEL.ZS.UN,7.69188211489358
Costa Rica,CRI,2002,Fuel imports (% of merchandise imports),TM.VAL.FUEL.ZS.UN,6.70359263711633
Costa Rica,CRI,2001,Fuel imports (% of merchandise imports),TM.VAL.FUEL.ZS.UN,7.36351080304685
Costa Rica,CRI,2000,Fuel imports (% of merchandise imports),TM.VAL.FUEL.ZS.UN,8.06181329741196
Costa Rica,CRI,1999,Fuel imports (% of merchandise imports),TM.VAL.FUEL.ZS.UN,5.41951762586621
Costa Rica,CRI,1998,Fuel imports (% of merchandise imports),TM.VAL.FUEL.ZS.UN,4.30977830435412
Costa Rica,CRI,1997,Fuel imports (% of merchandise imports),TM.VAL.FUEL.ZS.UN,7.34960510600103
Costa Rica,CRI,1996,Fuel imports (% of merchandise imports),TM.VAL.FUEL.ZS.UN,9.40115336767041
Costa Rica,CRI,1995,Fuel imports (% of merchandise imports),TM.VAL.FUEL.ZS.UN,8.50540680647218
Costa Rica,CRI,1994,Fuel imports (% of merchandise imports),TM.VAL.FUEL.ZS.UN,8.94872299497832
Costa Rica,CRI,1987,Fuel imports (% of merchandise imports),TM.VAL.FUEL.ZS.UN,10.2521647978033
Costa Rica,CRI,1986,Fuel imports (% of merchandise imports),TM.VAL.FUEL.ZS.UN,10.5128519486587
Costa Rica,CRI,1985,Fuel imports (% of merchandise imports),TM.VAL.FUEL.ZS.UN,16.5925253734155
Costa Rica,CRI,1984,Fuel imports (% of merchandise imports),TM.VAL.FUEL.ZS.UN,15.3483639566232
Costa Rica,CRI,1983,Fuel imports (% of merchandise imports),TM.VAL.FUEL.ZS.UN,19.2522685791386
Costa Rica,CRI,1982,Fuel imports (% of merchandise imports),TM.VAL.FUEL.ZS.UN,19.9841996685759
Costa Rica,CRI,1981,Fuel imports (% of merchandise imports),TM.VAL.FUEL.ZS.UN,16.1100354799233
Costa Rica,CRI,1980,Fuel imports (% of merchandise imports),TM.VAL.FUEL.ZS.UN,15.3909449174649
Costa Rica,CRI,1979,Fuel imports (% of merchandise imports),TM.VAL.FUEL.ZS.UN,13.1056100365531
Costa Rica,CRI,1978,Fuel imports (% of merchandise imports),TM.VAL.FUEL.ZS.UN,9.71032858483433
Costa Rica,CRI,1977,Fuel imports (% of merchandise imports),TM.VAL.FUEL.ZS.UN,9.64852454093741
Costa Rica,CRI,1976,Fuel imports (% of merchandise imports),TM.VAL.FUEL.ZS.UN,9.2285487670432
Costa Rica,CRI,1975,Fuel imports (% of merchandise imports),TM.VAL.FUEL.ZS.UN,10.6284916471606
Costa Rica,CRI,1974,Fuel imports (% of merchandise imports),TM.VAL.FUEL.ZS.UN,9.04521112073148
Costa Rica,CRI,1973,Fuel imports (% of merchandise imports),TM.VAL.FUEL.ZS.UN,6.9079637916827
Costa Rica,CRI,1972,Fuel imports (% of merchandise imports),TM.VAL.FUEL.ZS.UN,5.3863021312851
Costa Rica,CRI,1971,Fuel imports (% of merchandise imports),TM.VAL.FUEL.ZS.UN,4.52197357984363
Costa Rica,CRI,1970,Fuel imports (% of merchandise imports),TM.VAL.FUEL.ZS.UN,3.87306117089323
Costa Rica,CRI,1969,Fuel imports (% of merchandise imports),TM.VAL.FUEL.ZS.UN,4.31332674359998
Costa Rica,CRI,1968,Fuel imports (% of merchandise imports),TM.VAL.FUEL.ZS.UN,4.56313920102382
Costa Rica,CRI,1967,Fuel imports (% of merchandise imports),TM.VAL.FUEL.ZS.UN,4.59162615000218
Costa Rica,CRI,1966,Fuel imports (% of merchandise imports),TM.VAL.FUEL.ZS.UN,4.94841123363337
Costa Rica,CRI,1965,Fuel imports (% of merchandise imports),TM.VAL.FUEL.ZS.UN,4.90010553609563
Costa Rica,CRI,2021,ICT goods imports (% total goods imports),TM.VAL.ICTG.ZS.UN,7.11
Costa Rica,CRI,2020,ICT goods imports (% total goods imports),TM.VAL.ICTG.ZS.UN,8.1
Costa Rica,CRI,2019,ICT goods imports (% total goods imports),TM.VAL.ICTG.ZS.UN,7.53
Costa Rica,CRI,2018,ICT goods imports (% total goods imports),TM.VAL.ICTG.ZS.UN,7.64
Costa Rica,CRI,2017,ICT goods imports (% total goods imports),TM.VAL.ICTG.ZS.UN,7.48
Costa Rica,CRI,2016,ICT goods imports (% total goods imports),TM.VAL.ICTG.ZS.UN,7.2
Costa Rica,CRI,2015,ICT goods imports (% total goods imports),TM.VAL.ICTG.ZS.UN,9.16
Costa Rica,CRI,2014,ICT goods imports (% total goods imports),TM.VAL.ICTG.ZS.UN,13.55
Costa Rica,CRI,2013,ICT goods imports (% total goods imports),TM.VAL.ICTG.ZS.UN,18.47
Costa Rica,CRI,2012,ICT goods imports (% total goods imports),TM.VAL.ICTG.ZS.UN,18.31
Costa Rica,CRI,2011,ICT goods imports (% total goods imports),TM.VAL.ICTG.ZS.UN,18.21
Costa Rica,CRI,2010,ICT goods imports (% total goods imports),TM.VAL.ICTG.ZS.UN,17.72
Costa Rica,CRI,2009,ICT goods imports (% total goods imports),TM.VAL.ICTG.ZS.UN,17.1
Costa Rica,CRI,2008,ICT goods imports (% total goods imports),TM.VAL.ICTG.ZS.UN,18.28
Costa Rica,CRI,2007,ICT goods imports (% total goods imports),TM.VAL.ICTG.ZS.UN,18.2
Costa Rica,CRI,2006,ICT goods imports (% total goods imports),TM.VAL.ICTG.ZS.UN,24.36
Costa Rica,CRI,2005,ICT goods imports (% total goods imports),TM.VAL.ICTG.ZS.UN,23.69
Costa Rica,CRI,2004,ICT goods imports (% total goods imports),TM.VAL.ICTG.ZS.UN,20.53
Costa Rica,CRI,2003,ICT goods imports (% total goods imports),TM.VAL.ICTG.ZS.UN,23.15
Costa Rica,CRI,2002,ICT goods imports (% total goods imports),TM.VAL.ICTG.ZS.UN,22.18
Costa Rica,CRI,2001,ICT goods imports (% total goods imports),TM.VAL.ICTG.ZS.UN,20.28
Costa Rica,CRI,2000,ICT goods imports (% total goods imports),TM.VAL.ICTG.ZS.UN,16.6
Costa Rica,CRI,2024,Insurance and financial services (% of commercial service imports),TM.VAL.INSF.ZS.WT,11.1647791344368
Costa Rica,CRI,2023,Insurance and financial services (% of commercial service imports),TM.VAL.INSF.ZS.WT,11.9559719186317
Costa Rica,CRI,2022,Insurance and financial services (% of commercial service imports),TM.VAL.INSF.ZS.WT,11.4756659189
Costa Rica,CRI,2021,Insurance and financial services (% of commercial service imports),TM.VAL.INSF.ZS.WT,12.0716992425748
Costa Rica,CRI,2020,Insurance and financial services (% of commercial service imports),TM.VAL.INSF.ZS.WT,15.0907068919386
Costa Rica,CRI,2019,Insurance and financial services (% of commercial service imports),TM.VAL.INSF.ZS.WT,11.161713129685
Costa Rica,CRI,2018,Insurance and financial services (% of commercial service imports),TM.VAL.INSF.ZS.WT,10.1307521647168
Costa Rica,CRI,2017,Insurance and financial services (% of commercial service imports),TM.VAL.INSF.ZS.WT,10.3681522115066
Costa Rica,CRI,2016,Insurance and financial services (% of commercial service imports),TM.VAL.INSF.ZS.WT,11.4812236506046
Costa Rica,CRI,2015,Insurance and financial services (% of commercial service imports),TM.VAL.INSF.ZS.WT,12.5511633394202
Costa Rica,CRI,2014,Insurance and financial services (% of commercial service imports),TM.VAL.INSF.ZS.WT,14.158250557593
Costa Rica,CRI,2013,Insurance and financial services (% of commercial service imports),TM.VAL.INSF.ZS.WT,12.6980670789412
Costa Rica,CRI,2012,Insurance and financial services (% of commercial service imports),TM.VAL.INSF.ZS.WT,9.98220885197168
Costa Rica,CRI,2011,Insurance and financial services (% of commercial service imports),TM.VAL.INSF.ZS.WT,10.4721794923922
Costa Rica,CRI,2010,Insurance and financial services (% of commercial service imports),TM.VAL.INSF.ZS.WT,10.7235921350872
Costa Rica,CRI,2009,Insurance and financial services (% of commercial service imports),TM.VAL.INSF.ZS.WT,13.465262142682
Costa Rica,CRI,2008,Insurance and financial services (% of commercial service imports),TM.VAL.INSF.ZS.WT,13.7117196462409
Costa Rica,CRI,2007,Insurance and financial services (% of commercial service imports),TM.VAL.INSF.ZS.WT,13.2310610712311
Costa Rica,CRI,2006,Insurance and financial services (% of commercial service imports),TM.VAL.INSF.ZS.WT,14.7463134576192
Costa Rica,CRI,2005,Insurance and financial services (% of commercial service imports),TM.VAL.INSF.ZS.WT,12.6892308657768
Costa Rica,CRI,2004,Insurance and financial services (% of commercial service imports),TM.VAL.INSF.ZS.WT,10.5883118620779
Costa Rica,CRI,2003,Insurance and financial services (% of commercial service imports),TM.VAL.INSF.ZS.WT,9.93172296151987
Costa Rica,CRI,2002,Insurance and financial services (% of commercial service imports),TM.VAL.INSF.ZS.WT,11.451771913345
Costa Rica,CRI,2001,Insurance and financial services (% of commercial service imports),TM.VAL.INSF.ZS.WT,14.0495563497186
Costa Rica,CRI,2000,Insurance and financial services (% of commercial service imports),TM.VAL.INSF.ZS.WT,16.9612144162744
Costa Rica,CRI,1999,Insurance and financial services (% of commercial service imports),TM.VAL.INSF.ZS.WT,3.78164852875753
Costa Rica,CRI,1998,Insurance and financial services (% of commercial service imports),TM.VAL.INSF.ZS.WT,3.25238508239376
Costa Rica,CRI,1997,Insurance and financial services (% of commercial service imports),TM.VAL.INSF.ZS.WT,4.17553110271888
Costa Rica,CRI,1996,Insurance and financial services (% of commercial service imports),TM.VAL.INSF.ZS.WT,4.03514098508369
Costa Rica,CRI,1995,Insurance and financial services (% of commercial service imports),TM.VAL.INSF.ZS.WT,4.61825751136158
Costa Rica,CRI,1994,Insurance and financial services (% of commercial service imports),TM.VAL.INSF.ZS.WT,6.38524299396949
Costa Rica,CRI,1993,Insurance and financial services (% of commercial service imports),TM.VAL.INSF.ZS.WT,6.43187211190209
Costa Rica,CRI,1992,Insurance and financial services (% of commercial service imports),TM.VAL.INSF.ZS.WT,6.13207547169811
Costa Rica,CRI,1991,Insurance and financial services (% of commercial service imports),TM.VAL.INSF.ZS.WT,2.35091743119266
Costa Rica,CRI,1990,Insurance and financial services (% of commercial service imports),TM.VAL.INSF.ZS.WT,6.01851851851852
Costa Rica,CRI,1989,Insurance and financial services (% of commercial service imports),TM.VAL.INSF.ZS.WT,6.73640167364017
Costa Rica,CRI,1988,Insurance and financial services (% of commercial service imports),TM.VAL.INSF.ZS.WT,7.55170755170755
Costa Rica,CRI,1987,Insurance and financial services (% of commercial service imports),TM.VAL.INSF.ZS.WT,7.17841236573225
Costa Rica,CRI,1986,Insurance and financial services (% of commercial service imports),TM.VAL.INSF.ZS.WT,8.63575268817204
Costa Rica,CRI,1985,Insurance and financial services (% of commercial service imports),TM.VAL.INSF.ZS.WT,8.1002542680712
Costa Rica,CRI,1984,Insurance and financial services (% of commercial service imports),TM.VAL.INSF.ZS.WT,8.49980415197806
Costa Rica,CRI,1983,Insurance and financial services (% of commercial service imports),TM.VAL.INSF.ZS.WT,7.03093611892326
Costa Rica,CRI,1982,Insurance and financial services (% of commercial service imports),TM.VAL.INSF.ZS.WT,6.194314806958
Costa Rica,CRI,1981,Insurance and financial services (% of commercial service imports),TM.VAL.INSF.ZS.WT,8.18053596614951
Costa Rica,CRI,1980,Insurance and financial services (% of commercial service imports),TM.VAL.INSF.ZS.WT,6.8830242510699
Costa Rica,CRI,1979,Insurance and financial services (% of commercial service imports),TM.VAL.INSF.ZS.WT,7.5652841781874
Costa Rica,CRI,1978,Insurance and financial services (% of commercial service imports),TM.VAL.INSF.ZS.WT,7.70252324037185
Costa Rica,CRI,1977,Insurance and financial services (% of commercial service imports),TM.VAL.INSF.ZS.WT,7.92682926829268
Costa Rica,CRI,2023,Manufactures imports (% of merchandise imports),TM.VAL.MANF.ZS.UN,72.6387888394246
Costa Rica,CRI,2022,Manufactures imports (% of merchandise imports),TM.VAL.MANF.ZS.UN,71.6918010893902
Costa Rica,CRI,2021,Manufactures imports (% of merchandise imports),TM.VAL.MANF.ZS.UN,74.3578159781598
Costa Rica,CRI,2020,Manufactures imports (% of merchandise imports),TM.VAL.MANF.ZS.UN,76.258304977164
Costa Rica,CRI,2019,Manufactures imports (% of merchandise imports),TM.VAL.MANF.ZS.UN,73.7583539199885
Costa Rica,CRI,2018,Manufactures imports (% of merchandise imports),TM.VAL.MANF.ZS.UN,74.0154494752463
Costa Rica,CRI,2017,Manufactures imports (% of merchandise imports),TM.VAL.MANF.ZS.UN,74.5486100874985
Costa Rica,CRI,2016,Manufactures imports (% of merchandise imports),TM.VAL.MANF.ZS.UN,76.3543020495982
Costa Rica,CRI,2015,Manufactures imports (% of merchandise imports),TM.VAL.MANF.ZS.UN,76.2430885111502
Costa Rica,CRI,2014,Manufactures imports (% of merchandise imports),TM.VAL.MANF.ZS.UN,72.6158142266811
Costa Rica,CRI,2013,Manufactures imports (% of merchandise imports),TM.VAL.MANF.ZS.UN,73.8984157122284
Costa Rica,CRI,2012,Manufactures imports (% of merchandise imports),TM.VAL.MANF.ZS.UN,73.6886638641328
Costa Rica,CRI,2011,Manufactures imports (% of merchandise imports),TM.VAL.MANF.ZS.UN,75.766689794226
Costa Rica,CRI,2010,Manufactures imports (% of merchandise imports),TM.VAL.MANF.ZS.UN,72.953880288036
Costa Rica,CRI,2009,Manufactures imports (% of merchandise imports),TM.VAL.MANF.ZS.UN,59.8954562467412
Costa Rica,CRI,2008,Manufactures imports (% of merchandise imports),TM.VAL.MANF.ZS.UN,73.7425429914161
Costa Rica,CRI,2007,Manufactures imports (% of merchandise imports),TM.VAL.MANF.ZS.UN,74.3542010902971
Costa Rica,CRI,2006,Manufactures imports (% of merchandise imports),TM.VAL.MANF.ZS.UN,78.2786258769656
Costa Rica,CRI,2005,Manufactures imports (% of merchandise imports),TM.VAL.MANF.ZS.UN,80.1866397821942
Costa Rica,CRI,2004,Manufactures imports (% of merchandise imports),TM.VAL.MANF.ZS.UN,79.2004871183613
Costa Rica,CRI,2003,Manufactures imports (% of merchandise imports),TM.VAL.MANF.ZS.UN,82.1038667735831
Costa Rica,CRI,2002,Manufactures imports (% of merchandise imports),TM.VAL.MANF.ZS.UN,82.9663040053576
Costa Rica,CRI,2001,Manufactures imports (% of merchandise imports),TM.VAL.MANF.ZS.UN,82.5503285291449
Costa Rica,CRI,2000,Manufactures imports (% of merchandise imports),TM.VAL.MANF.ZS.UN,81.5577369200143
Costa Rica,CRI,1999,Manufactures imports (% of merchandise imports),TM.VAL.MANF.ZS.UN,68.6528290808624
Costa Rica,CRI,1998,Manufactures imports (% of merchandise imports),TM.VAL.MANF.ZS.UN,85.1106197233426
Costa Rica,CRI,1997,Manufactures imports (% of merchandise imports),TM.VAL.MANF.ZS.UN,79.4970656687416
Costa Rica,CRI,1996,Manufactures imports (% of merchandise imports),TM.VAL.MANF.ZS.UN,71.4594603873812
Costa Rica,CRI,1995,Manufactures imports (% of merchandise imports),TM.VAL.MANF.ZS.UN,77.4049233431116
Costa Rica,CRI,1994,Manufactures imports (% of merchandise imports),TM.VAL.MANF.ZS.UN,76.8862758993209
Costa Rica,CRI,1987,Manufactures imports (% of merchandise imports),TM.VAL.MANF.ZS.UN,76.4106341349736
Costa Rica,CRI,1986,Manufactures imports (% of merchandise imports),TM.VAL.MANF.ZS.UN,75.9985348629034
Costa Rica,CRI,1985,Manufactures imports (% of merchandise imports),TM.VAL.MANF.ZS.UN,70.7084530464475
Costa Rica,CRI,1984,Manufactures imports (% of merchandise imports),TM.VAL.MANF.ZS.UN,70.3824905904189
Costa Rica,CRI,1983,Manufactures imports (% of merchandise imports),TM.VAL.MANF.ZS.UN,66.1849261416617
Costa Rica,CRI,1982,Manufactures imports (% of merchandise imports),TM.VAL.MANF.ZS.UN,58.8290279579977
Costa Rica,CRI,1981,Manufactures imports (% of merchandise imports),TM.VAL.MANF.ZS.UN,65.6288724386606
Costa Rica,CRI,1980,Manufactures imports (% of merchandise imports),TM.VAL.MANF.ZS.UN,68.1193084595225
Costa Rica,CRI,1979,Manufactures imports (% of merchandise imports),TM.VAL.MANF.ZS.UN,72.8276773155766
Costa Rica,CRI,1978,Manufactures imports (% of merchandise imports),TM.VAL.MANF.ZS.UN,75.4708183722373
Costa Rica,CRI,1977,Manufactures imports (% of merchandise imports),TM.VAL.MANF.ZS.UN,74.7491768117505
Costa Rica,CRI,1976,Manufactures imports (% of merchandise imports),TM.VAL.MANF.ZS.UN,74.5635359030413
Costa Rica,CRI,1975,Manufactures imports (% of merchandise imports),TM.VAL.MANF.ZS.UN,75.9599033862147
Costa Rica,CRI,1974,Manufactures imports (% of merchandise imports),TM.VAL.MANF.ZS.UN,75.5998474408644
Costa Rica,CRI,1973,Manufactures imports (% of merchandise imports),TM.VAL.MANF.ZS.UN,79.198751297986
Costa Rica,CRI,1972,Manufactures imports (% of merchandise imports),TM.VAL.MANF.ZS.UN,81.5059610419711
Costa Rica,CRI,1971,Manufactures imports (% of merchandise imports),TM.VAL.MANF.ZS.UN,80.4629212767104
Costa Rica,CRI,1970,Manufactures imports (% of merchandise imports),TM.VAL.MANF.ZS.UN,82.0347405694123
Costa Rica,CRI,1969,Manufactures imports (% of merchandise imports),TM.VAL.MANF.ZS.UN,82.7712054499497
Costa Rica,CRI,1968,Manufactures imports (% of merchandise imports),TM.VAL.MANF.ZS.UN,79.9514719708278
Costa Rica,CRI,1967,Manufactures imports (% of merchandise imports),TM.VAL.MANF.ZS.UN,81.1162650114148
Costa Rica,CRI,1966,Manufactures imports (% of merchandise imports),TM.VAL.MANF.ZS.UN,79.7173974059135
Costa Rica,CRI,1965,Manufactures imports (% of merchandise imports),TM.VAL.MANF.ZS.UN,83.5989311232773
Costa Rica,CRI,2023,Ores and metals imports (% of merchandise imports),TM.VAL.MMTL.ZS.UN,1.67376651189893
Costa Rica,CRI,2022,Ores and metals imports (% of merchandise imports),TM.VAL.MMTL.ZS.UN,1.9254605961028
Costa Rica,CRI,2021,Ores and metals imports (% of merchandise imports),TM.VAL.MMTL.ZS.UN,1.95932979544175
Costa Rica,CRI,2020,Ores and metals imports (% of merchandise imports),TM.VAL.MMTL.ZS.UN,1.6194105278904
Costa Rica,CRI,2019,Ores and metals imports (% of merchandise imports),TM.VAL.MMTL.ZS.UN,1.82395318142793
Costa Rica,CRI,2018,Ores and metals imports (% of merchandise imports),TM.VAL.MMTL.ZS.UN,1.86384216083169
Costa Rica,CRI,2017,Ores and metals imports (% of merchandise imports),TM.VAL.MMTL.ZS.UN,1.76997376253135
Costa Rica,CRI,2016,Ores and metals imports (% of merchandise imports),TM.VAL.MMTL.ZS.UN,1.66860045619314
Costa Rica,CRI,2015,Ores and metals imports (% of merchandise imports),TM.VAL.MMTL.ZS.UN,2.18095350160097
Costa Rica,CRI,2014,Ores and metals imports (% of merchandise imports),TM.VAL.MMTL.ZS.UN,2.11770271864528
Costa Rica,CRI,2013,Ores and metals imports (% of merchandise imports),TM.VAL.MMTL.ZS.UN,2.09624658112402
Costa Rica,CRI,2012,Ores and metals imports (% of merchandise imports),TM.VAL.MMTL.ZS.UN,2.06602586643662
Costa Rica,CRI,2011,Ores and metals imports (% of merchandise imports),TM.VAL.MMTL.ZS.UN,1.8720219173545
Costa Rica,CRI,2010,Ores and metals imports (% of merchandise imports),TM.VAL.MMTL.ZS.UN,1.86103756605519
Costa Rica,CRI,2009,Ores and metals imports (% of merchandise imports),TM.VAL.MMTL.ZS.UN,1.12711050683147
Costa Rica,CRI,2008,Ores and metals imports (% of merchandise imports),TM.VAL.MMTL.ZS.UN,2.02707248393007
Costa Rica,CRI,2007,Ores and metals imports (% of merchandise imports),TM.VAL.MMTL.ZS.UN,2.17195190959135
Costa Rica,CRI,2006,Ores and metals imports (% of merchandise imports),TM.VAL.MMTL.ZS.UN,2.27817735943906
Costa Rica,CRI,2005,Ores and metals imports (% of merchandise imports),TM.VAL.MMTL.ZS.UN,1.32759433862897
Costa Rica,CRI,2004,Ores and metals imports (% of merchandise imports),TM.VAL.MMTL.ZS.UN,1.58046747994044
Costa Rica,CRI,2003,Ores and metals imports (% of merchandise imports),TM.VAL.MMTL.ZS.UN,1.30895256238796
Costa Rica,CRI,2002,Ores and metals imports (% of merchandise imports),TM.VAL.MMTL.ZS.UN,1.23990716512893
Costa Rica,CRI,2001,Ores and metals imports (% of merchandise imports),TM.VAL.MMTL.ZS.UN,1.45410950204884
Costa Rica,CRI,2000,Ores and metals imports (% of merchandise imports),TM.VAL.MMTL.ZS.UN,1.83794764155186
Costa Rica,CRI,1999,Ores and metals imports (% of merchandise imports),TM.VAL.MMTL.ZS.UN,1.49006874089576
Costa Rica,CRI,1998,Ores and metals imports (% of merchandise imports),TM.VAL.MMTL.ZS.UN,1.45865621095108
Costa Rica,CRI,1997,Ores and metals imports (% of merchandise imports),TM.VAL.MMTL.ZS.UN,1.92341820289208
Costa Rica,CRI,1996,Ores and metals imports (% of merchandise imports),TM.VAL.MMTL.ZS.UN,1.67843429673759
Costa Rica,CRI,1995,Ores and metals imports (% of merchandise imports),TM.VAL.MMTL.ZS.UN,1.95860317584043
Costa Rica,CRI,1994,Ores and metals imports (% of merchandise imports),TM.VAL.MMTL.ZS.UN,1.7699020515775
Costa Rica,CRI,1987,Ores and metals imports (% of merchandise imports),TM.VAL.MMTL.ZS.UN,2.85974420017387
Costa Rica,CRI,1986,Ores and metals imports (% of merchandise imports),TM.VAL.MMTL.ZS.UN,3.12411246150158
Costa Rica,CRI,1985,Ores and metals imports (% of merchandise imports),TM.VAL.MMTL.ZS.UN,2.12264586144313
Costa Rica,CRI,1984,Ores and metals imports (% of merchandise imports),TM.VAL.MMTL.ZS.UN,2.66652301351225
Costa Rica,CRI,1983,Ores and metals imports (% of merchandise imports),TM.VAL.MMTL.ZS.UN,2.45828017139594
Costa Rica,CRI,1982,Ores and metals imports (% of merchandise imports),TM.VAL.MMTL.ZS.UN,1.47618826475249
Costa Rica,CRI,1981,Ores and metals imports (% of merchandise imports),TM.VAL.MMTL.ZS.UN,2.36777330945469
Costa Rica,CRI,1980,Ores and metals imports (% of merchandise imports),TM.VAL.MMTL.ZS.UN,2.07154529377349
Costa Rica,CRI,1979,Ores and metals imports (% of merchandise imports),TM.VAL.MMTL.ZS.UN,1.75567555968526
Costa Rica,CRI,1978,Ores and metals imports (% of merchandise imports),TM.VAL.MMTL.ZS.UN,1.6204283869805
Costa Rica,CRI,1977,Ores and metals imports (% of merchandise imports),TM.VAL.MMTL.ZS.UN,1.80219535369812
Costa Rica,CRI,1976,Ores and metals imports (% of merchandise imports),TM.VAL.MMTL.ZS.UN,1.99890424056203
Costa Rica,CRI,1975,Ores and metals imports (% of merchandise imports),TM.VAL.MMTL.ZS.UN,1.62647068568049
Costa Rica,CRI,1974,Ores and metals imports (% of merchandise imports),TM.VAL.MMTL.ZS.UN,2.10449051309351
Costa Rica,CRI,1973,Ores and metals imports (% of merchandise imports),TM.VAL.MMTL.ZS.UN,1.86098043401487
Costa Rica,CRI,1972,Ores and metals imports (% of merchandise imports),TM.VAL.MMTL.ZS.UN,1.78386883722527
Costa Rica,CRI,1971,Ores and metals imports (% of merchandise imports),TM.VAL.MMTL.ZS.UN,1.41040192438551
Costa Rica,CRI,1970,Ores and metals imports (% of merchandise imports),TM.VAL.MMTL.ZS.UN,2.14732226402008
Costa Rica,CRI,1969,Ores and metals imports (% of merchandise imports),TM.VAL.MMTL.ZS.UN,1.62327092928947
Costa Rica,CRI,1968,Ores and metals imports (% of merchandise imports),TM.VAL.MMTL.ZS.UN,1.45550479553383
Costa Rica,CRI,1967,Ores and metals imports (% of merchandise imports),TM.VAL.MMTL.ZS.UN,1.39088184796096
Costa Rica,CRI,1966,Ores and metals imports (% of merchandise imports),TM.VAL.MMTL.ZS.UN,1.31969855102579
Costa Rica,CRI,1965,Ores and metals imports (% of merchandise imports),TM.VAL.MMTL.ZS.UN,1.58617236996697
Costa Rica,CRI,2023,Merchandise imports from economies in the Arab World (% of total merchandise imports),TM.VAL.MRCH.AL.ZS,0.89039963574561
Costa Rica,CRI,2022,Merchandise imports from economies in the Arab World (% of total merchandise imports),TM.VAL.MRCH.AL.ZS,0.466065293791275
Costa Rica,CRI,2021,Merchandise imports from economies in the Arab World (% of total merchandise imports),TM.VAL.MRCH.AL.ZS,0.303755682030024
Costa Rica,CRI,2020,Merchandise imports from economies in the Arab World (% of total merchandise imports),TM.VAL.MRCH.AL.ZS,0.164765685804046
Costa Rica,CRI,2019,Merchandise imports from economies in the Arab World (% of total merchandise imports),TM.VAL.MRCH.AL.ZS,0.238527424538419
Costa Rica,CRI,2018,Merchandise imports from economies in the Arab World (% of total merchandise imports),TM.VAL.MRCH.AL.ZS,0.435046847884797
Costa Rica,CRI,2017,Merchandise imports from economies in the Arab World (% of total merchandise imports),TM.VAL.MRCH.AL.ZS,0.194818408394579
Costa Rica,CRI,2016,Merchandise imports from economies in the Arab World (% of total merchandise imports),TM.VAL.MRCH.AL.ZS,0.159769266352929
Costa Rica,CRI,2015,Merchandise imports from economies in the Arab World (% of total merchandise imports),TM.VAL.MRCH.AL.ZS,0.154548256755632
Costa Rica,CRI,2014,Merchandise imports from economies in the Arab World (% of total merchandise imports),TM.VAL.MRCH.AL.ZS,0.139971381056875
Costa Rica,CRI,2013,Merchandise imports from economies in the Arab World (% of total merchandise imports),TM.VAL.MRCH.AL.ZS,0.194175071295694
Costa Rica,CRI,2012,Merchandise imports from economies in the Arab World (% of total merchandise imports),TM.VAL.MRCH.AL.ZS,0.0824393185134966
Costa Rica,CRI,2011,Merchandise imports from economies in the Arab World (% of total merchandise imports),TM.VAL.MRCH.AL.ZS,0.566803128482949
Costa Rica,CRI,2010,Merchandise imports from economies in the Arab World (% of total merchandise imports),TM.VAL.MRCH.AL.ZS,0.613142802168832
Costa Rica,CRI,2009,Merchandise imports from economies in the Arab World (% of total merchandise imports),TM.VAL.MRCH.AL.ZS,0.894902244282589
Costa Rica,CRI,2008,Merchandise imports from economies in the Arab World (% of total merchandise imports),TM.VAL.MRCH.AL.ZS,0.0451355856188544
Costa Rica,CRI,2007,Merchandise imports from economies in the Arab World (% of total merchandise imports),TM.VAL.MRCH.AL.ZS,0.0539884319557235
Costa Rica,CRI,2006,Merchandise imports from economies in the Arab World (% of total merchandise imports),TM.VAL.MRCH.AL.ZS,0.0276884882441835
Costa Rica,CRI,2005,Merchandise imports from economies in the Arab World (% of total merchandise imports),TM.VAL.MRCH.AL.ZS,0.0318406508256058
Costa Rica,CRI,2004,Merchandise imports from economies in the Arab World (% of total merchandise imports),TM.VAL.MRCH.AL.ZS,0.0165970807554246
Costa Rica,CRI,2003,Merchandise imports from economies in the Arab World (% of total merchandise imports),TM.VAL.MRCH.AL.ZS,0.00951148981811862
Costa Rica,CRI,2002,Merchandise imports from economies in the Arab World (% of total merchandise imports),TM.VAL.MRCH.AL.ZS,0.0135179840359715
Costa Rica,CRI,2001,Merchandise imports from economies in the Arab World (% of total merchandise imports),TM.VAL.MRCH.AL.ZS,0.180019535841925
Costa Rica,CRI,2000,Merchandise imports from economies in the Arab World (% of total merchandise imports),TM.VAL.MRCH.AL.ZS,0.0123476651991805
Costa Rica,CRI,1999,Merchandise imports from economies in the Arab World (% of total merchandise imports),TM.VAL.MRCH.AL.ZS,0.0202612099512889
Costa Rica,CRI,1998,Merchandise imports from economies in the Arab World (% of total merchandise imports),TM.VAL.MRCH.AL.ZS,0.018745601547302
Costa Rica,CRI,1997,Merchandise imports from economies in the Arab World (% of total merchandise imports),TM.VAL.MRCH.AL.ZS,0.0109271079276969
Costa Rica,CRI,1996,Merchandise imports from economies in the Arab World (% of total merchandise imports),TM.VAL.MRCH.AL.ZS,0.0268709805617635
Costa Rica,CRI,1995,Merchandise imports from economies in the Arab World (% of total merchandise imports),TM.VAL.MRCH.AL.ZS,0.0155387991475198
Costa Rica,CRI,1994,Merchandise imports from economies in the Arab World (% of total merchandise imports),TM.VAL.MRCH.AL.ZS,0.00698925916351613
Costa Rica,CRI,1993,Merchandise imports from economies in the Arab World (% of total merchandise imports),TM.VAL.MRCH.AL.ZS,0.00529266139288851
Costa Rica,CRI,1992,Merchandise imports from economies in the Arab World (% of total merchandise imports),TM.VAL.MRCH.AL.ZS,0.00384614686838377
Costa Rica,CRI,1991,Merchandise imports from economies in the Arab World (% of total merchandise imports),TM.VAL.MRCH.AL.ZS,0.00560640235789265
Costa Rica,CRI,1990,Merchandise imports from economies in the Arab World (% of total merchandise imports),TM.VAL.MRCH.AL.ZS,0.019041597339773
Costa Rica,CRI,1989,Merchandise imports from economies in the Arab World (% of total merchandise imports),TM.VAL.MRCH.AL.ZS,0.00689029171970481
Costa Rica,CRI,1988,Merchandise imports from economies in the Arab World (% of total merchandise imports),TM.VAL.MRCH.AL.ZS,0.0172974766639583
Costa Rica,CRI,1987,Merchandise imports from economies in the Arab World (% of total merchandise imports),TM.VAL.MRCH.AL.ZS,0.0164379845704084
Costa Rica,CRI,1986,Merchandise imports from economies in the Arab World (% of total merchandise imports),TM.VAL.MRCH.AL.ZS,0.0385408247914523
Costa Rica,CRI,1985,Merchandise imports from economies in the Arab World (% of total merchandise imports),TM.VAL.MRCH.AL.ZS,0.00639213091084105
Costa Rica,CRI,1984,Merchandise imports from economies in the Arab World (% of total merchandise imports),TM.VAL.MRCH.AL.ZS,0.00349828536742869
Costa Rica,CRI,1983,Merchandise imports from economies in the Arab World (% of total merchandise imports),TM.VAL.MRCH.AL.ZS,0.0037387809864827
Costa Rica,CRI,1982,Merchandise imports from economies in the Arab World (% of total merchandise imports),TM.VAL.MRCH.AL.ZS,0.00531398120005868
Costa Rica,CRI,1981,Merchandise imports from economies in the Arab World (% of total merchandise imports),TM.VAL.MRCH.AL.ZS,0.00844382087158995
Costa Rica,CRI,1980,Merchandise imports from economies in the Arab World (% of total merchandise imports),TM.VAL.MRCH.AL.ZS,0.016478269809838
Costa Rica,CRI,1979,Merchandise imports from economies in the Arab World (% of total merchandise imports),TM.VAL.MRCH.AL.ZS,0.0229601672766946
Costa Rica,CRI,1978,Merchandise imports from economies in the Arab World (% of total merchandise imports),TM.VAL.MRCH.AL.ZS,0.0156024792720112
Costa Rica,CRI,1977,Merchandise imports from economies in the Arab World (% of total merchandise imports),TM.VAL.MRCH.AL.ZS,0.0124779125086843
Costa Rica,CRI,1976,Merchandise imports from economies in the Arab World (% of total merchandise imports),TM.VAL.MRCH.AL.ZS,0.0103368310812189
Costa Rica,CRI,1975,Merchandise imports from economies in the Arab World (% of total merchandise imports),TM.VAL.MRCH.AL.ZS,0.0118166180539975
Costa Rica,CRI,1974,Merchandise imports from economies in the Arab World (% of total merchandise imports),TM.VAL.MRCH.AL.ZS,0.00606520090978014
Costa Rica,CRI,1973,Merchandise imports from economies in the Arab World (% of total merchandise imports),TM.VAL.MRCH.AL.ZS,0.0174559237924241
Costa Rica,CRI,1972,Merchandise imports from economies in the Arab World (% of total merchandise imports),TM.VAL.MRCH.AL.ZS,0.0158241662301379
Costa Rica,CRI,1971,Merchandise imports from economies in the Arab World (% of total merchandise imports),TM.VAL.MRCH.AL.ZS,0.0223107476155388
Costa Rica,CRI,1970,Merchandise imports from economies in the Arab World (% of total merchandise imports),TM.VAL.MRCH.AL.ZS,0.0208792105048528
Costa Rica,CRI,1969,Merchandise imports from economies in the Arab World (% of total merchandise imports),TM.VAL.MRCH.AL.ZS,0.0130748174797657
Costa Rica,CRI,1968,Merchandise imports from economies in the Arab World (% of total merchandise imports),TM.VAL.MRCH.AL.ZS,0.0482858522452921
Costa Rica,CRI,2024,Merchandise imports (current US$),TM.VAL.MRCH.CD.WT,26484000000
Costa Rica,CRI,2023,Merchandise imports (current US$),TM.VAL.MRCH.CD.WT,24039000000
Costa Rica,CRI,2022,Merchandise imports (current US$),TM.VAL.MRCH.CD.WT,22685000000
Costa Rica,CRI,2021,Merchandise imports (current US$),TM.VAL.MRCH.CD.WT,20728000000
Costa Rica,CRI,2020,Merchandise imports (current US$),TM.VAL.MRCH.CD.WT,14942000000
Costa Rica,CRI,2019,Merchandise imports (current US$),TM.VAL.MRCH.CD.WT,17573000000
Costa Rica,CRI,2018,Merchandise imports (current US$),TM.VAL.MRCH.CD.WT,18289000000
Costa Rica,CRI,2017,Merchandise imports (current US$),TM.VAL.MRCH.CD.WT,16796000000
Costa Rica,CRI,2016,Merchandise imports (current US$),TM.VAL.MRCH.CD.WT,15456000000
Costa Rica,CRI,2015,Merchandise imports (current US$),TM.VAL.MRCH.CD.WT,16273000000
Costa Rica,CRI,2014,Merchandise imports (current US$),TM.VAL.MRCH.CD.WT,17509000000
Costa Rica,CRI,2013,Merchandise imports (current US$),TM.VAL.MRCH.CD.WT,18127000000
Costa Rica,CRI,2012,Merchandise imports (current US$),TM.VAL.MRCH.CD.WT,17591000000
Costa Rica,CRI,2011,Merchandise imports (current US$),TM.VAL.MRCH.CD.WT,16220000000
Costa Rica,CRI,2010,Merchandise imports (current US$),TM.VAL.MRCH.CD.WT,13570000000
Costa Rica,CRI,2009,Merchandise imports (current US$),TM.VAL.MRCH.CD.WT,11395000000
Costa Rica,CRI,2008,Merchandise imports (current US$),TM.VAL.MRCH.CD.WT,15372000000
Costa Rica,CRI,2007,Merchandise imports (current US$),TM.VAL.MRCH.CD.WT,12952000000
Costa Rica,CRI,2006,Merchandise imports (current US$),TM.VAL.MRCH.CD.WT,11548000000
Costa Rica,CRI,2005,Merchandise imports (current US$),TM.VAL.MRCH.CD.WT,9824000000
Costa Rica,CRI,2004,Merchandise imports (current US$),TM.VAL.MRCH.CD.WT,8268000000
Costa Rica,CRI,2003,Merchandise imports (current US$),TM.VAL.MRCH.CD.WT,7663000000
Costa Rica,CRI,2002,Merchandise imports (current US$),TM.VAL.MRCH.CD.WT,7188000000
Costa Rica,CRI,2001,Merchandise imports (current US$),TM.VAL.MRCH.CD.WT,6569000000
Costa Rica,CRI,2000,Merchandise imports (current US$),TM.VAL.MRCH.CD.WT,6389000000
Costa Rica,CRI,1999,Merchandise imports (current US$),TM.VAL.MRCH.CD.WT,6355000000
Costa Rica,CRI,1998,Merchandise imports (current US$),TM.VAL.MRCH.CD.WT,6239000000
Costa Rica,CRI,1997,Merchandise imports (current US$),TM.VAL.MRCH.CD.WT,4970000000
Costa Rica,CRI,1996,Merchandise imports (current US$),TM.VAL.MRCH.CD.WT,4327000000
Costa Rica,CRI,1995,Merchandise imports (current US$),TM.VAL.MRCH.CD.WT,4090000000
Costa Rica,CRI,1994,Merchandise imports (current US$),TM.VAL.MRCH.CD.WT,3789000000
Costa Rica,CRI,1993,Merchandise imports (current US$),TM.VAL.MRCH.CD.WT,3515000000
Costa Rica,CRI,1992,Merchandise imports (current US$),TM.VAL.MRCH.CD.WT,2441000000
Costa Rica,CRI,1991,Merchandise imports (current US$),TM.VAL.MRCH.CD.WT,1877000000
Costa Rica,CRI,1990,Merchandise imports (current US$),TM.VAL.MRCH.CD.WT,1990000000
Costa Rica,CRI,1989,Merchandise imports (current US$),TM.VAL.MRCH.CD.WT,1717000000
Costa Rica,CRI,1988,Merchandise imports (current US$),TM.VAL.MRCH.CD.WT,1410000000
Costa Rica,CRI,1987,Merchandise imports (current US$),TM.VAL.MRCH.CD.WT,1383000000
Costa Rica,CRI,1986,Merchandise imports (current US$),TM.VAL.MRCH.CD.WT,1148000000
Costa Rica,CRI,1985,Merchandise imports (current US$),TM.VAL.MRCH.CD.WT,1098000000
Costa Rica,CRI,1984,Merchandise imports (current US$),TM.VAL.MRCH.CD.WT,1094000000
Costa Rica,CRI,1983,Merchandise imports (current US$),TM.VAL.MRCH.CD.WT,988000000
Costa Rica,CRI,1982,Merchandise imports (current US$),TM.VAL.MRCH.CD.WT,889000000
Costa Rica,CRI,1981,Merchandise imports (current US$),TM.VAL.MRCH.CD.WT,1209000000
Costa Rica,CRI,1980,Merchandise imports (current US$),TM.VAL.MRCH.CD.WT,1540000000
Costa Rica,CRI,1979,Merchandise imports (current US$),TM.VAL.MRCH.CD.WT,1397000000
Costa Rica,CRI,1978,Merchandise imports (current US$),TM.VAL.MRCH.CD.WT,1166000000
Costa Rica,CRI,1977,Merchandise imports (current US$),TM.VAL.MRCH.CD.WT,1021000000
Costa Rica,CRI,1976,Merchandise imports (current US$),TM.VAL.MRCH.CD.WT,770000000
Costa Rica,CRI,1975,Merchandise imports (current US$),TM.VAL.MRCH.CD.WT,694000000
Costa Rica,CRI,1974,Merchandise imports (current US$),TM.VAL.MRCH.CD.WT,720000000
Costa Rica,CRI,1973,Merchandise imports (current US$),TM.VAL.MRCH.CD.WT,455000000
Costa Rica,CRI,1972,Merchandise imports (current US$),TM.VAL.MRCH.CD.WT,373000000
Costa Rica,CRI,1971,Merchandise imports (current US$),TM.VAL.MRCH.CD.WT,350000000
Costa Rica,CRI,1970,Merchandise imports (current US$),TM.VAL.MRCH.CD.WT,317000000
Costa Rica,CRI,1969,Merchandise imports (current US$),TM.VAL.MRCH.CD.WT,245000000
Costa Rica,CRI,1968,Merchandise imports (current US$),TM.VAL.MRCH.CD.WT,214000000
Costa Rica,CRI,1967,Merchandise imports (current US$),TM.VAL.MRCH.CD.WT,191000000
Costa Rica,CRI,1966,Merchandise imports (current US$),TM.VAL.MRCH.CD.WT,179000000
Costa Rica,CRI,1965,Merchandise imports (current US$),TM.VAL.MRCH.CD.WT,178000000
Costa Rica,CRI,1964,Merchandise imports (current US$),TM.VAL.MRCH.CD.WT,139000000
Costa Rica,CRI,1963,Merchandise imports (current US$),TM.VAL.MRCH.CD.WT,124000000
Costa Rica,CRI,1962,Merchandise imports (current US$),TM.VAL.MRCH.CD.WT,113000000
Costa Rica,CRI,1961,Merchandise imports (current US$),TM.VAL.MRCH.CD.WT,107000000
Costa Rica,CRI,1960,Merchandise imports (current US$),TM.VAL.MRCH.CD.WT,110000000
Costa Rica,CRI,2023,Merchandise imports from high-income economies (% of total merchandise imports),TM.VAL.MRCH.HI.ZS,61.4403219315544
Costa Rica,CRI,2022,Merchandise imports from high-income economies (% of total merchandise imports),TM.VAL.MRCH.HI.ZS,61.7028859468525
Costa Rica,CRI,2021,Merchandise imports from high-income economies (% of total merchandise imports),TM.VAL.MRCH.HI.ZS,59.9157264248941
Costa Rica,CRI,2020,Merchandise imports from high-income economies (% of total merchandise imports),TM.VAL.MRCH.HI.ZS,60.5341793082161
Costa Rica,CRI,2019,Merchandise imports from high-income economies (% of total merchandise imports),TM.VAL.MRCH.HI.ZS,63.0448519789328
Costa Rica,CRI,2018,Merchandise imports from high-income economies (% of total merchandise imports),TM.VAL.MRCH.HI.ZS,63.3794406883135
Costa Rica,CRI,2017,Merchandise imports from high-income economies (% of total merchandise imports),TM.VAL.MRCH.HI.ZS,62.8310057162704
Costa Rica,CRI,2016,Merchandise imports from high-income economies (% of total merchandise imports),TM.VAL.MRCH.HI.ZS,62.4046188892414
Costa Rica,CRI,2015,Merchandise imports from high-income economies (% of total merchandise imports),TM.VAL.MRCH.HI.ZS,64.3093670341991
Costa Rica,CRI,2014,Merchandise imports from high-income economies (% of total merchandise imports),TM.VAL.MRCH.HI.ZS,69.0894168754343
Costa Rica,CRI,2013,Merchandise imports from high-income economies (% of total merchandise imports),TM.VAL.MRCH.HI.ZS,69.9693719888382
Costa Rica,CRI,2012,Merchandise imports from high-income economies (% of total merchandise imports),TM.VAL.MRCH.HI.ZS,71.6103912255401
Costa Rica,CRI,2011,Merchandise imports from high-income economies (% of total merchandise imports),TM.VAL.MRCH.HI.ZS,70.0154382741212
Costa Rica,CRI,2010,Merchandise imports from high-income economies (% of total merchandise imports),TM.VAL.MRCH.HI.ZS,70.0949255075193
Costa Rica,CRI,2009,Merchandise imports from high-income economies (% of total merchandise imports),TM.VAL.MRCH.HI.ZS,69.9885817335249
Costa Rica,CRI,2008,Merchandise imports from high-income economies (% of total merchandise imports),TM.VAL.MRCH.HI.ZS,68.9732382707545
Costa Rica,CRI,2007,Merchandise imports from high-income economies (% of total merchandise imports),TM.VAL.MRCH.HI.ZS,68.8498374658339
Costa Rica,CRI,2006,Merchandise imports from high-income economies (% of total merchandise imports),TM.VAL.MRCH.HI.ZS,71.8521893037057
Costa Rica,CRI,2005,Merchandise imports from high-income economies (% of total merchandise imports),TM.VAL.MRCH.HI.ZS,71.4172568355813
Costa Rica,CRI,2004,Merchandise imports from high-income economies (% of total merchandise imports),TM.VAL.MRCH.HI.ZS,72.6635951699561
Costa Rica,CRI,2003,Merchandise imports from high-income economies (% of total merchandise imports),TM.VAL.MRCH.HI.ZS,77.2408311353163
Costa Rica,CRI,2002,Merchandise imports from high-income economies (% of total merchandise imports),TM.VAL.MRCH.HI.ZS,67.9471746280154
Costa Rica,CRI,2001,Merchandise imports from high-income economies (% of total merchandise imports),TM.VAL.MRCH.HI.ZS,63.7024511133939
Costa Rica,CRI,2000,Merchandise imports from high-income economies (% of total merchandise imports),TM.VAL.MRCH.HI.ZS,63.5695848904063
Costa Rica,CRI,1999,Merchandise imports from high-income economies (% of total merchandise imports),TM.VAL.MRCH.HI.ZS,66.9996440614144
Costa Rica,CRI,1998,Merchandise imports from high-income economies (% of total merchandise imports),TM.VAL.MRCH.HI.ZS,70.5638434162264
Costa Rica,CRI,1997,Merchandise imports from high-income economies (% of total merchandise imports),TM.VAL.MRCH.HI.ZS,67.1430498298983
Costa Rica,CRI,1996,Merchandise imports from high-income economies (% of total merchandise imports),TM.VAL.MRCH.HI.ZS,70.3544116301251
Costa Rica,CRI,1995,Merchandise imports from high-income economies (% of total merchandise imports),TM.VAL.MRCH.HI.ZS,70.0065697819543
Costa Rica,CRI,1994,Merchandise imports from high-income economies (% of total merchandise imports),TM.VAL.MRCH.HI.ZS,72.2212971176386
Costa Rica,CRI,1993,Merchandise imports from high-income economies (% of total merchandise imports),TM.VAL.MRCH.HI.ZS,77.1500326666846
Costa Rica,CRI,1992,Merchandise imports from high-income economies (% of total merchandise imports),TM.VAL.MRCH.HI.ZS,76.4098758891947
Costa Rica,CRI,1991,Merchandise imports from high-income economies (% of total merchandise imports),TM.VAL.MRCH.HI.ZS,72.5680158914627
Costa Rica,CRI,1990,Merchandise imports from high-income economies (% of total merchandise imports),TM.VAL.MRCH.HI.ZS,74.3820758440312
Costa Rica,CRI,1989,Merchandise imports from high-income economies (% of total merchandise imports),TM.VAL.MRCH.HI.ZS,71.1463551324376
Costa Rica,CRI,1988,Merchandise imports from high-income economies (% of total merchandise imports),TM.VAL.MRCH.HI.ZS,70.7048169075487
Costa Rica,CRI,1987,Merchandise imports from high-income economies (% of total merchandise imports),TM.VAL.MRCH.HI.ZS,72.9947501647484
Costa Rica,CRI,1986,Merchandise imports from high-income economies (% of total merchandise imports),TM.VAL.MRCH.HI.ZS,74.2149420908531
Costa Rica,CRI,1985,Merchandise imports from high-income economies (% of total merchandise imports),TM.VAL.MRCH.HI.ZS,70.0201540127542
Costa Rica,CRI,1984,Merchandise imports from high-income economies (% of total merchandise imports),TM.VAL.MRCH.HI.ZS,68.8116513703351
Costa Rica,CRI,1983,Merchandise imports from high-income economies (% of total merchandise imports),TM.VAL.MRCH.HI.ZS,66.8808097985972
Costa Rica,CRI,1982,Merchandise imports from high-income economies (% of total merchandise imports),TM.VAL.MRCH.HI.ZS,62.5206061173165
Costa Rica,CRI,1981,Merchandise imports from high-income economies (% of total merchandise imports),TM.VAL.MRCH.HI.ZS,66.6848621055819
Costa Rica,CRI,1980,Merchandise imports from high-income economies (% of total merchandise imports),TM.VAL.MRCH.HI.ZS,70.0179993408692
Costa Rica,CRI,1979,Merchandise imports from high-income economies (% of total merchandise imports),TM.VAL.MRCH.HI.ZS,71.8365837804628
Costa Rica,CRI,1978,Merchandise imports from high-income economies (% of total merchandise imports),TM.VAL.MRCH.HI.ZS,72.5667505458489
Costa Rica,CRI,1977,Merchandise imports from high-income economies (% of total merchandise imports),TM.VAL.MRCH.HI.ZS,73.1751317318602
Costa Rica,CRI,1976,Merchandise imports from high-income economies (% of total merchandise imports),TM.VAL.MRCH.HI.ZS,70.6987561799969
Costa Rica,CRI,1975,Merchandise imports from high-income economies (% of total merchandise imports),TM.VAL.MRCH.HI.ZS,68.0082267594047
Costa Rica,CRI,1974,Merchandise imports from high-income economies (% of total merchandise imports),TM.VAL.MRCH.HI.ZS,69.5372396115383
Costa Rica,CRI,1973,Merchandise imports from high-income economies (% of total merchandise imports),TM.VAL.MRCH.HI.ZS,70.2605466651251
Costa Rica,CRI,1972,Merchandise imports from high-income economies (% of total merchandise imports),TM.VAL.MRCH.HI.ZS,70.8778046970491
Costa Rica,CRI,1971,Merchandise imports from high-income economies (% of total merchandise imports),TM.VAL.MRCH.HI.ZS,70.9798821640251
Costa Rica,CRI,1970,Merchandise imports from high-income economies (% of total merchandise imports),TM.VAL.MRCH.HI.ZS,71.1570018758666
Costa Rica,CRI,1969,Merchandise imports from high-income economies (% of total merchandise imports),TM.VAL.MRCH.HI.ZS,72.3130195658317
Costa Rica,CRI,1968,Merchandise imports from high-income economies (% of total merchandise imports),TM.VAL.MRCH.HI.ZS,69.6764847899565
Costa Rica,CRI,1967,Merchandise imports from high-income economies (% of total merchandise imports),TM.VAL.MRCH.HI.ZS,76.1437908496732
Costa Rica,CRI,1966,Merchandise imports from high-income economies (% of total merchandise imports),TM.VAL.MRCH.HI.ZS,80.8299240210403
Costa Rica,CRI,1965,Merchandise imports from high-income economies (% of total merchandise imports),TM.VAL.MRCH.HI.ZS,85.5270994639666
Costa Rica,CRI,1964,Merchandise imports from high-income economies (% of total merchandise imports),TM.VAL.MRCH.HI.ZS,89.1502276176024
Costa Rica,CRI,1963,Merchandise imports from high-income economies (% of total merchandise imports),TM.VAL.MRCH.HI.ZS,91.8228279386712
Costa Rica,CRI,1962,Merchandise imports from high-income economies (% of total merchandise imports),TM.VAL.MRCH.HI.ZS,91.9659735349717
Costa Rica,CRI,1961,Merchandise imports from high-income economies (% of total merchandise imports),TM.VAL.MRCH.HI.ZS,91.8245264207378
Costa Rica,CRI,1960,Merchandise imports from high-income economies (% of total merchandise imports),TM.VAL.MRCH.HI.ZS,91.7300380228137
Costa Rica,CRI,2023,Merchandise imports from low- and middle-income economies outside region (% of total merchandise imports),TM.VAL.MRCH.OR.ZS,20.0806225180765
Costa Rica,CRI,2022,Merchandise imports from low- and middle-income economies outside region (% of total merchandise imports),TM.VAL.MRCH.OR.ZS,20.2894782705479
Costa Rica,CRI,2021,Merchandise imports from low- and middle-income economies outside region (% of total merchandise imports),TM.VAL.MRCH.OR.ZS,21.7422995373599
Costa Rica,CRI,2020,Merchandise imports from low- and middle-income economies outside region (% of total merchandise imports),TM.VAL.MRCH.OR.ZS,20.1253248478754
Costa Rica,CRI,2019,Merchandise imports from low- and middle-income economies outside region (% of total merchandise imports),TM.VAL.MRCH.OR.ZS,18.0673221331157
Costa Rica,CRI,2018,Merchandise imports from low- and middle-income economies outside region (% of total merchandise imports),TM.VAL.MRCH.OR.ZS,18.071241081154
Costa Rica,CRI,2017,Merchandise imports from low- and middle-income economies outside region (% of total merchandise imports),TM.VAL.MRCH.OR.ZS,17.9358018430566
Costa Rica,CRI,2016,Merchandise imports from low- and middle-income economies outside region (% of total merchandise imports),TM.VAL.MRCH.OR.ZS,18.6262434825922
Costa Rica,CRI,2015,Merchandise imports from low- and middle-income economies outside region (% of total merchandise imports),TM.VAL.MRCH.OR.ZS,16.6202376421039
Costa Rica,CRI,2014,Merchandise imports from low- and middle-income economies outside region (% of total merchandise imports),TM.VAL.MRCH.OR.ZS,13.3681778575318
Costa Rica,CRI,2013,Merchandise imports from low- and middle-income economies outside region (% of total merchandise imports),TM.VAL.MRCH.OR.ZS,12.2812190731648
Costa Rica,CRI,2012,Merchandise imports from low- and middle-income economies outside region (% of total merchandise imports),TM.VAL.MRCH.OR.ZS,10.6112569118845
Costa Rica,CRI,2011,Merchandise imports from low- and middle-income economies outside region (% of total merchandise imports),TM.VAL.MRCH.OR.ZS,11.1731698744688
Costa Rica,CRI,2010,Merchandise imports from low- and middle-income economies outside region (% of total merchandise imports),TM.VAL.MRCH.OR.ZS,10.1633523921545
Costa Rica,CRI,2009,Merchandise imports from low- and middle-income economies outside region (% of total merchandise imports),TM.VAL.MRCH.OR.ZS,9.8997453973584
Costa Rica,CRI,2008,Merchandise imports from low- and middle-income economies outside region (% of total merchandise imports),TM.VAL.MRCH.OR.ZS,8.81160661662473
Costa Rica,CRI,2007,Merchandise imports from low- and middle-income economies outside region (% of total merchandise imports),TM.VAL.MRCH.OR.ZS,8.78248687447812
Costa Rica,CRI,2006,Merchandise imports from low- and middle-income economies outside region (% of total merchandise imports),TM.VAL.MRCH.OR.ZS,6.89746472409967
Costa Rica,CRI,2005,Merchandise imports from low- and middle-income economies outside region (% of total merchandise imports),TM.VAL.MRCH.OR.ZS,6.32230270292506
Costa Rica,CRI,2004,Merchandise imports from low- and middle-income economies outside region (% of total merchandise imports),TM.VAL.MRCH.OR.ZS,4.82292131355615
Costa Rica,CRI,2003,Merchandise imports from low- and middle-income economies outside region (% of total merchandise imports),TM.VAL.MRCH.OR.ZS,3.05851292231307
Costa Rica,CRI,2002,Merchandise imports from low- and middle-income economies outside region (% of total merchandise imports),TM.VAL.MRCH.OR.ZS,3.61144084711883
Costa Rica,CRI,2001,Merchandise imports from low- and middle-income economies outside region (% of total merchandise imports),TM.VAL.MRCH.OR.ZS,6.55707055328467
Costa Rica,CRI,2000,Merchandise imports from low- and middle-income economies outside region (% of total merchandise imports),TM.VAL.MRCH.OR.ZS,5.61626268332844
Costa Rica,CRI,1999,Merchandise imports from low- and middle-income economies outside region (% of total merchandise imports),TM.VAL.MRCH.OR.ZS,4.87744096980379
Costa Rica,CRI,1998,Merchandise imports from low- and middle-income economies outside region (% of total merchandise imports),TM.VAL.MRCH.OR.ZS,4.24437446108842
Costa Rica,CRI,1997,Merchandise imports from low- and middle-income economies outside region (% of total merchandise imports),TM.VAL.MRCH.OR.ZS,3.31091788270835
Costa Rica,CRI,1996,Merchandise imports from low- and middle-income economies outside region (% of total merchandise imports),TM.VAL.MRCH.OR.ZS,1.37784843549992
Costa Rica,CRI,1995,Merchandise imports from low- and middle-income economies outside region (% of total merchandise imports),TM.VAL.MRCH.OR.ZS,2.3240720940477
Costa Rica,CRI,1994,Merchandise imports from low- and middle-income economies outside region (% of total merchandise imports),TM.VAL.MRCH.OR.ZS,1.21765012745629
Costa Rica,CRI,1993,Merchandise imports from low- and middle-income economies outside region (% of total merchandise imports),TM.VAL.MRCH.OR.ZS,0.689004142528263
Costa Rica,CRI,1992,Merchandise imports from low- and middle-income economies outside region (% of total merchandise imports),TM.VAL.MRCH.OR.ZS,0.255405922703333
Costa Rica,CRI,1991,Merchandise imports from low- and middle-income economies outside region (% of total merchandise imports),TM.VAL.MRCH.OR.ZS,0.238080100129688
Costa Rica,CRI,1990,Merchandise imports from low- and middle-income economies outside region (% of total merchandise imports),TM.VAL.MRCH.OR.ZS,0.197853078705837
Costa Rica,CRI,1989,Merchandise imports from low- and middle-income economies outside region (% of total merchandise imports),TM.VAL.MRCH.OR.ZS,0.22190844192091
Costa Rica,CRI,1988,Merchandise imports from low- and middle-income economies outside region (% of total merchandise imports),TM.VAL.MRCH.OR.ZS,0.415820564042413
Costa Rica,CRI,1987,Merchandise imports from low- and middle-income economies outside region (% of total merchandise imports),TM.VAL.MRCH.OR.ZS,0.238240206867982
Costa Rica,CRI,1986,Merchandise imports from low- and middle-income economies outside region (% of total merchandise imports),TM.VAL.MRCH.OR.ZS,0.259282731218246
Costa Rica,CRI,1985,Merchandise imports from low- and middle-income economies outside region (% of total merchandise imports),TM.VAL.MRCH.OR.ZS,0.121920496931777
Costa Rica,CRI,1984,Merchandise imports from low- and middle-income economies outside region (% of total merchandise imports),TM.VAL.MRCH.OR.ZS,0.168674083661967
Costa Rica,CRI,1983,Merchandise imports from low- and middle-income economies outside region (% of total merchandise imports),TM.VAL.MRCH.OR.ZS,0.0957127932539572
Costa Rica,CRI,1982,Merchandise imports from low- and middle-income economies outside region (% of total merchandise imports),TM.VAL.MRCH.OR.ZS,0.107203794644662
Costa Rica,CRI,1981,Merchandise imports from low- and middle-income economies outside region (% of total merchandise imports),TM.VAL.MRCH.OR.ZS,0.0786384125616761
Costa Rica,CRI,1980,Merchandise imports from low- and middle-income economies outside region (% of total merchandise imports),TM.VAL.MRCH.OR.ZS,0.199288476760006
Costa Rica,CRI,1979,Merchandise imports from low- and middle-income economies outside region (% of total merchandise imports),TM.VAL.MRCH.OR.ZS,0.343848298216153
Costa Rica,CRI,1978,Merchandise imports from low- and middle-income economies outside region (% of total merchandise imports),TM.VAL.MRCH.OR.ZS,0.107504887666906
Costa Rica,CRI,1977,Merchandise imports from low- and middle-income economies outside region (% of total merchandise imports),TM.VAL.MRCH.OR.ZS,0.196474249501148
Costa Rica,CRI,1976,Merchandise imports from low- and middle-income economies outside region (% of total merchandise imports),TM.VAL.MRCH.OR.ZS,0.151380170965746
Costa Rica,CRI,1975,Merchandise imports from low- and middle-income economies outside region (% of total merchandise imports),TM.VAL.MRCH.OR.ZS,0.0942337895445367
Costa Rica,CRI,1974,Merchandise imports from low- and middle-income economies outside region (% of total merchandise imports),TM.VAL.MRCH.OR.ZS,0.373009855951478
Costa Rica,CRI,1973,Merchandise imports from low- and middle-income economies outside region (% of total merchandise imports),TM.VAL.MRCH.OR.ZS,0.123324968091932
Costa Rica,CRI,1972,Merchandise imports from low- and middle-income economies outside region (% of total merchandise imports),TM.VAL.MRCH.OR.ZS,0.0807578138641523
Costa Rica,CRI,1971,Merchandise imports from low- and middle-income economies outside region (% of total merchandise imports),TM.VAL.MRCH.OR.ZS,0.678716427462182
Costa Rica,CRI,1970,Merchandise imports from low- and middle-income economies outside region (% of total merchandise imports),TM.VAL.MRCH.OR.ZS,0.286762906777587
Costa Rica,CRI,1969,Merchandise imports from low- and middle-income economies outside region (% of total merchandise imports),TM.VAL.MRCH.OR.ZS,0.302407875257806
Costa Rica,CRI,1968,Merchandise imports from low- and middle-income economies outside region (% of total merchandise imports),TM.VAL.MRCH.OR.ZS,0.338000965717045
Costa Rica,CRI,1967,Merchandise imports from low- and middle-income economies outside region (% of total merchandise imports),TM.VAL.MRCH.OR.ZS,0.326797385620915
Costa Rica,CRI,1966,Merchandise imports from low- and middle-income economies outside region (% of total merchandise imports),TM.VAL.MRCH.OR.ZS,0.584453535943892
Costa Rica,CRI,1965,Merchandise imports from low- and middle-income economies outside region (% of total merchandise imports),TM.VAL.MRCH.OR.ZS,0.476474091721263
Costa Rica,CRI,1964,Merchandise imports from low- and middle-income economies outside region (% of total merchandise imports),TM.VAL.MRCH.OR.ZS,0.303490136570561
Costa Rica,CRI,1963,Merchandise imports from low- and middle-income economies outside region (% of total merchandise imports),TM.VAL.MRCH.OR.ZS,0.425894378194208
Costa Rica,CRI,1962,Merchandise imports from low- and middle-income economies outside region (% of total merchandise imports),TM.VAL.MRCH.OR.ZS,0.378071833648393
Costa Rica,CRI,1961,Merchandise imports from low- and middle-income economies outside region (% of total merchandise imports),TM.VAL.MRCH.OR.ZS,0.598205383848455
Costa Rica,CRI,1960,Merchandise imports from low- and middle-income economies outside region (% of total merchandise imports),TM.VAL.MRCH.OR.ZS,0.475285171102662
Costa Rica,CRI,2023,Merchandise imports from low- and middle-income economies in East Asia & Pacific (% of total merchandise imports),TM.VAL.MRCH.R1.ZS,18.0423691027282
Costa Rica,CRI,2022,Merchandise imports from low- and middle-income economies in East Asia & Pacific (% of total merchandise imports),TM.VAL.MRCH.R1.ZS,17.7180525450995
Costa Rica,CRI,2021,Merchandise imports from low- and middle-income economies in East Asia & Pacific (% of total merchandise imports),TM.VAL.MRCH.R1.ZS,18.7710480214269
Costa Rica,CRI,2020,Merchandise imports from low- and middle-income economies in East Asia & Pacific (% of total merchandise imports),TM.VAL.MRCH.R1.ZS,17.6899734444945
Costa Rica,CRI,2019,Merchandise imports from low- and middle-income economies in East Asia & Pacific (% of total merchandise imports),TM.VAL.MRCH.R1.ZS,15.7218481948821
Costa Rica,CRI,2018,Merchandise imports from low- and middle-income economies in East Asia & Pacific (% of total merchandise imports),TM.VAL.MRCH.R1.ZS,15.7758999570913
Costa Rica,CRI,2017,Merchandise imports from low- and middle-income economies in East Asia & Pacific (% of total merchandise imports),TM.VAL.MRCH.R1.ZS,15.868257286268
Costa Rica,CRI,2016,Merchandise imports from low- and middle-income economies in East Asia & Pacific (% of total merchandise imports),TM.VAL.MRCH.R1.ZS,16.6405243438421
Costa Rica,CRI,2015,Merchandise imports from low- and middle-income economies in East Asia & Pacific (% of total merchandise imports),TM.VAL.MRCH.R1.ZS,14.9349818296755
Costa Rica,CRI,2014,Merchandise imports from low- and middle-income economies in East Asia & Pacific (% of total merchandise imports),TM.VAL.MRCH.R1.ZS,12.1063718381249
Costa Rica,CRI,2013,Merchandise imports from low- and middle-income economies in East Asia & Pacific (% of total merchandise imports),TM.VAL.MRCH.R1.ZS,11.1867772771228
Costa Rica,CRI,2012,Merchandise imports from low- and middle-income economies in East Asia & Pacific (% of total merchandise imports),TM.VAL.MRCH.R1.ZS,9.63910832906783
Costa Rica,CRI,2011,Merchandise imports from low- and middle-income economies in East Asia & Pacific (% of total merchandise imports),TM.VAL.MRCH.R1.ZS,9.44557095008825
Costa Rica,CRI,2010,Merchandise imports from low- and middle-income economies in East Asia & Pacific (% of total merchandise imports),TM.VAL.MRCH.R1.ZS,8.6764994446233
Costa Rica,CRI,2009,Merchandise imports from low- and middle-income economies in East Asia & Pacific (% of total merchandise imports),TM.VAL.MRCH.R1.ZS,8.36804686097313
Costa Rica,CRI,2008,Merchandise imports from low- and middle-income economies in East Asia & Pacific (% of total merchandise imports),TM.VAL.MRCH.R1.ZS,8.01089867341332
Costa Rica,CRI,2007,Merchandise imports from low- and middle-income economies in East Asia & Pacific (% of total merchandise imports),TM.VAL.MRCH.R1.ZS,7.93948614407547
Costa Rica,CRI,2006,Merchandise imports from low- and middle-income economies in East Asia & Pacific (% of total merchandise imports),TM.VAL.MRCH.R1.ZS,6.16795715775204
Costa Rica,CRI,2005,Merchandise imports from low- and middle-income economies in East Asia & Pacific (% of total merchandise imports),TM.VAL.MRCH.R1.ZS,5.64536769427624
Costa Rica,CRI,2004,Merchandise imports from low- and middle-income economies in East Asia & Pacific (% of total merchandise imports),TM.VAL.MRCH.R1.ZS,4.21807479206588
Costa Rica,CRI,2003,Merchandise imports from low- and middle-income economies in East Asia & Pacific (% of total merchandise imports),TM.VAL.MRCH.R1.ZS,2.58377505569097
Costa Rica,CRI,2002,Merchandise imports from low- and middle-income economies in East Asia & Pacific (% of total merchandise imports),TM.VAL.MRCH.R1.ZS,2.83032978545381
Costa Rica,CRI,2001,Merchandise imports from low- and middle-income economies in East Asia & Pacific (% of total merchandise imports),TM.VAL.MRCH.R1.ZS,5.81984980023552
Costa Rica,CRI,2000,Merchandise imports from low- and middle-income economies in East Asia & Pacific (% of total merchandise imports),TM.VAL.MRCH.R1.ZS,4.88973075450793
Costa Rica,CRI,1999,Merchandise imports from low- and middle-income economies in East Asia & Pacific (% of total merchandise imports),TM.VAL.MRCH.R1.ZS,4.24155647996902
Costa Rica,CRI,1998,Merchandise imports from low- and middle-income economies in East Asia & Pacific (% of total merchandise imports),TM.VAL.MRCH.R1.ZS,3.68250866492408
Costa Rica,CRI,1997,Merchandise imports from low- and middle-income economies in East Asia & Pacific (% of total merchandise imports),TM.VAL.MRCH.R1.ZS,2.76863120094201
Costa Rica,CRI,1996,Merchandise imports from low- and middle-income economies in East Asia & Pacific (% of total merchandise imports),TM.VAL.MRCH.R1.ZS,0.922926652883469
Costa Rica,CRI,1995,Merchandise imports from low- and middle-income economies in East Asia & Pacific (% of total merchandise imports),TM.VAL.MRCH.R1.ZS,1.9879161629862
Costa Rica,CRI,1994,Merchandise imports from low- and middle-income economies in East Asia & Pacific (% of total merchandise imports),TM.VAL.MRCH.R1.ZS,0.921599817881283
Costa Rica,CRI,1993,Merchandise imports from low- and middle-income economies in East Asia & Pacific (% of total merchandise imports),TM.VAL.MRCH.R1.ZS,0.357619000960141
Costa Rica,CRI,1992,Merchandise imports from low- and middle-income economies in East Asia & Pacific (% of total merchandise imports),TM.VAL.MRCH.R1.ZS,0.180006930321244
Costa Rica,CRI,1991,Merchandise imports from low- and middle-income economies in East Asia & Pacific (% of total merchandise imports),TM.VAL.MRCH.R1.ZS,0.152025663937651
Costa Rica,CRI,1990,Merchandise imports from low- and middle-income economies in East Asia & Pacific (% of total merchandise imports),TM.VAL.MRCH.R1.ZS,0.115498295583964
Costa Rica,CRI,1989,Merchandise imports from low- and middle-income economies in East Asia & Pacific (% of total merchandise imports),TM.VAL.MRCH.R1.ZS,0.156541563793634
Costa Rica,CRI,1988,Merchandise imports from low- and middle-income economies in East Asia & Pacific (% of total merchandise imports),TM.VAL.MRCH.R1.ZS,0.327354745865411
Costa Rica,CRI,1987,Merchandise imports from low- and middle-income economies in East Asia & Pacific (% of total merchandise imports),TM.VAL.MRCH.R1.ZS,0.0793888313108961
Costa Rica,CRI,1986,Merchandise imports from low- and middle-income economies in East Asia & Pacific (% of total merchandise imports),TM.VAL.MRCH.R1.ZS,0.202940139779472
Costa Rica,CRI,1985,Merchandise imports from low- and middle-income economies in East Asia & Pacific (% of total merchandise imports),TM.VAL.MRCH.R1.ZS,0.0572471724220912
Costa Rica,CRI,1984,Merchandise imports from low- and middle-income economies in East Asia & Pacific (% of total merchandise imports),TM.VAL.MRCH.R1.ZS,0.149291691761349
Costa Rica,CRI,1983,Merchandise imports from low- and middle-income economies in East Asia & Pacific (% of total merchandise imports),TM.VAL.MRCH.R1.ZS,0.0807576693080264
Costa Rica,CRI,1982,Merchandise imports from low- and middle-income economies in East Asia & Pacific (% of total merchandise imports),TM.VAL.MRCH.R1.ZS,0.0824822299313457
Costa Rica,CRI,1981,Merchandise imports from low- and middle-income economies in East Asia & Pacific (% of total merchandise imports),TM.VAL.MRCH.R1.ZS,0.0452042935549765
Costa Rica,CRI,1980,Merchandise imports from low- and middle-income economies in East Asia & Pacific (% of total merchandise imports),TM.VAL.MRCH.R1.ZS,0.143234191423976
Costa Rica,CRI,1979,Merchandise imports from low- and middle-income economies in East Asia & Pacific (% of total merchandise imports),TM.VAL.MRCH.R1.ZS,0.304182629920898
Costa Rica,CRI,1978,Merchandise imports from low- and middle-income economies in East Asia & Pacific (% of total merchandise imports),TM.VAL.MRCH.R1.ZS,0.0758242437792249
Costa Rica,CRI,1977,Merchandise imports from low- and middle-income economies in East Asia & Pacific (% of total merchandise imports),TM.VAL.MRCH.R1.ZS,0.133344471808906
Costa Rica,CRI,1976,Merchandise imports from low- and middle-income economies in East Asia & Pacific (% of total merchandise imports),TM.VAL.MRCH.R1.ZS,0.10486443110026
Costa Rica,CRI,1975,Merchandise imports from low- and middle-income economies in East Asia & Pacific (% of total merchandise imports),TM.VAL.MRCH.R1.ZS,0.0378430932615362
Costa Rica,CRI,1974,Merchandise imports from low- and middle-income economies in East Asia & Pacific (% of total merchandise imports),TM.VAL.MRCH.R1.ZS,0.33243077367414
Costa Rica,CRI,1973,Merchandise imports from low- and middle-income economies in East Asia & Pacific (% of total merchandise imports),TM.VAL.MRCH.R1.ZS,0.0571284778661153
Costa Rica,CRI,1972,Merchandise imports from low- and middle-income economies in East Asia & Pacific (% of total merchandise imports),TM.VAL.MRCH.R1.ZS,0.0193709621093068
Costa Rica,CRI,1971,Merchandise imports from low- and middle-income economies in East Asia & Pacific (% of total merchandise imports),TM.VAL.MRCH.R1.ZS,0.627930120389968
Costa Rica,CRI,1970,Merchandise imports from low- and middle-income economies in East Asia & Pacific (% of total merchandise imports),TM.VAL.MRCH.R1.ZS,0.163118832069162
Costa Rica,CRI,1969,Merchandise imports from low- and middle-income economies in East Asia & Pacific (% of total merchandise imports),TM.VAL.MRCH.R1.ZS,0.245890922280754
Costa Rica,CRI,1968,Merchandise imports from low- and middle-income economies in East Asia & Pacific (% of total merchandise imports),TM.VAL.MRCH.R1.ZS,0.193143408981168
Costa Rica,CRI,1967,Merchandise imports from low- and middle-income economies in East Asia & Pacific (% of total merchandise imports),TM.VAL.MRCH.R1.ZS,0.163398692810458
Costa Rica,CRI,1966,Merchandise imports from low- and middle-income economies in East Asia & Pacific (% of total merchandise imports),TM.VAL.MRCH.R1.ZS,0.292226767971946
Costa Rica,CRI,1963,Merchandise imports from low- and middle-income economies in East Asia & Pacific (% of total merchandise imports),TM.VAL.MRCH.R1.ZS,0.170357751277683
Costa Rica,CRI,2023,Merchandise imports from low- and middle-income economies in Europe & Central Asia (% of total merchandise imports),TM.VAL.MRCH.R2.ZS,0.574468739192536
Costa Rica,CRI,2022,Merchandise imports from low- and middle-income economies in Europe & Central Asia (% of total merchandise imports),TM.VAL.MRCH.R2.ZS,1.05440918813516
Costa Rica,CRI,2021,Merchandise imports from low- and middle-income economies in Europe & Central Asia (% of total merchandise imports),TM.VAL.MRCH.R2.ZS,1.62148457465926
Costa Rica,CRI,2020,Merchandise imports from low- and middle-income economies in Europe & Central Asia (% of total merchandise imports),TM.VAL.MRCH.R2.ZS,1.04894077620664
Costa Rica,CRI,2019,Merchandise imports from low- and middle-income economies in Europe & Central Asia (% of total merchandise imports),TM.VAL.MRCH.R2.ZS,0.890501271751979
Costa Rica,CRI,2018,Merchandise imports from low- and middle-income economies in Europe & Central Asia (% of total merchandise imports),TM.VAL.MRCH.R2.ZS,0.776290614455735
Costa Rica,CRI,2017,Merchandise imports from low- and middle-income economies in Europe & Central Asia (% of total merchandise imports),TM.VAL.MRCH.R2.ZS,0.576222958483692
Costa Rica,CRI,2016,Merchandise imports from low- and middle-income economies in Europe & Central Asia (% of total merchandise imports),TM.VAL.MRCH.R2.ZS,0.508478018493521
Costa Rica,CRI,2015,Merchandise imports from low- and middle-income economies in Europe & Central Asia (% of total merchandise imports),TM.VAL.MRCH.R2.ZS,0.533969434629462
Costa Rica,CRI,2014,Merchandise imports from low- and middle-income economies in Europe & Central Asia (% of total merchandise imports),TM.VAL.MRCH.R2.ZS,0.385105787021865
Costa Rica,CRI,2013,Merchandise imports from low- and middle-income economies in Europe & Central Asia (% of total merchandise imports),TM.VAL.MRCH.R2.ZS,0.281019039933806
Costa Rica,CRI,2012,Merchandise imports from low- and middle-income economies in Europe & Central Asia (% of total merchandise imports),TM.VAL.MRCH.R2.ZS,0.20056008216577
Costa Rica,CRI,2011,Merchandise imports from low- and middle-income economies in Europe & Central Asia (% of total merchandise imports),TM.VAL.MRCH.R2.ZS,0.351145356771755
Costa Rica,CRI,2010,Merchandise imports from low- and middle-income economies in Europe & Central Asia (% of total merchandise imports),TM.VAL.MRCH.R2.ZS,0.101907064924331
Costa Rica,CRI,2009,Merchandise imports from low- and middle-income economies in Europe & Central Asia (% of total merchandise imports),TM.VAL.MRCH.R2.ZS,0.119862905279586
Costa Rica,CRI,2008,Merchandise imports from low- and middle-income economies in Europe & Central Asia (% of total merchandise imports),TM.VAL.MRCH.R2.ZS,0.270040159423598
Costa Rica,CRI,2007,Merchandise imports from low- and middle-income economies in Europe & Central Asia (% of total merchandise imports),TM.VAL.MRCH.R2.ZS,0.270314773099489
Costa Rica,CRI,2006,Merchandise imports from low- and middle-income economies in Europe & Central Asia (% of total merchandise imports),TM.VAL.MRCH.R2.ZS,0.231575923473366
Costa Rica,CRI,2005,Merchandise imports from low- and middle-income economies in Europe & Central Asia (% of total merchandise imports),TM.VAL.MRCH.R2.ZS,0.2771587868521
Costa Rica,CRI,2004,Merchandise imports from low- and middle-income economies in Europe & Central Asia (% of total merchandise imports),TM.VAL.MRCH.R2.ZS,0.247398295970315
Costa Rica,CRI,2003,Merchandise imports from low- and middle-income economies in Europe & Central Asia (% of total merchandise imports),TM.VAL.MRCH.R2.ZS,0.191223675478698
Costa Rica,CRI,2002,Merchandise imports from low- and middle-income economies in Europe & Central Asia (% of total merchandise imports),TM.VAL.MRCH.R2.ZS,0.424568803422361
Costa Rica,CRI,2001,Merchandise imports from low- and middle-income economies in Europe & Central Asia (% of total merchandise imports),TM.VAL.MRCH.R2.ZS,0.44452256302079
Costa Rica,CRI,2000,Merchandise imports from low- and middle-income economies in Europe & Central Asia (% of total merchandise imports),TM.VAL.MRCH.R2.ZS,0.453330793123057
Costa Rica,CRI,1999,Merchandise imports from low- and middle-income economies in Europe & Central Asia (% of total merchandise imports),TM.VAL.MRCH.R2.ZS,0.412050783724971
Costa Rica,CRI,1998,Merchandise imports from low- and middle-income economies in Europe & Central Asia (% of total merchandise imports),TM.VAL.MRCH.R2.ZS,0.292480843787981
Costa Rica,CRI,1997,Merchandise imports from low- and middle-income economies in Europe & Central Asia (% of total merchandise imports),TM.VAL.MRCH.R2.ZS,0.278780691174871
Costa Rica,CRI,1996,Merchandise imports from low- and middle-income economies in Europe & Central Asia (% of total merchandise imports),TM.VAL.MRCH.R2.ZS,0.0464159503576016
Costa Rica,CRI,1995,Merchandise imports from low- and middle-income economies in Europe & Central Asia (% of total merchandise imports),TM.VAL.MRCH.R2.ZS,0.122253070618796
Costa Rica,CRI,1994,Merchandise imports from low- and middle-income economies in Europe & Central Asia (% of total merchandise imports),TM.VAL.MRCH.R2.ZS,0.119203298748209
Costa Rica,CRI,1993,Merchandise imports from low- and middle-income economies in Europe & Central Asia (% of total merchandise imports),TM.VAL.MRCH.R2.ZS,0.0525357712414102
Costa Rica,CRI,1992,Merchandise imports from low- and middle-income economies in Europe & Central Asia (% of total merchandise imports),TM.VAL.MRCH.R2.ZS,0.00725688088374295
Costa Rica,CRI,1991,Merchandise imports from low- and middle-income economies in Europe & Central Asia (% of total merchandise imports),TM.VAL.MRCH.R2.ZS,0.0105435472914576
Costa Rica,CRI,1990,Merchandise imports from low- and middle-income economies in Europe & Central Asia (% of total merchandise imports),TM.VAL.MRCH.R2.ZS,0.00698074887989571
Costa Rica,CRI,1989,Merchandise imports from low- and middle-income economies in Europe & Central Asia (% of total merchandise imports),TM.VAL.MRCH.R2.ZS,0.00887235010375607
Costa Rica,CRI,1988,Merchandise imports from low- and middle-income economies in Europe & Central Asia (% of total merchandise imports),TM.VAL.MRCH.R2.ZS,0.0119640880259045
Costa Rica,CRI,1987,Merchandise imports from low- and middle-income economies in Europe & Central Asia (% of total merchandise imports),TM.VAL.MRCH.R2.ZS,0.117277280051658
Costa Rica,CRI,1986,Merchandise imports from low- and middle-income economies in Europe & Central Asia (% of total merchandise imports),TM.VAL.MRCH.R2.ZS,0.0200269874782373
Costa Rica,CRI,1985,Merchandise imports from low- and middle-income economies in Europe & Central Asia (% of total merchandise imports),TM.VAL.MRCH.R2.ZS,0.00150403080255084
Costa Rica,CRI,1984,Merchandise imports from low- and middle-income economies in Europe & Central Asia (% of total merchandise imports),TM.VAL.MRCH.R2.ZS,0.000945482531737485
Costa Rica,CRI,1983,Merchandise imports from low- and middle-income economies in Europe & Central Asia (% of total merchandise imports),TM.VAL.MRCH.R2.ZS,0.000961400825095552
Costa Rica,CRI,1982,Merchandise imports from low- and middle-income economies in Europe & Central Asia (% of total merchandise imports),TM.VAL.MRCH.R2.ZS,0.000808649313052409
Costa Rica,CRI,1981,Merchandise imports from low- and middle-income economies in Europe & Central Asia (% of total merchandise imports),TM.VAL.MRCH.R2.ZS,0.00025587335974515
Costa Rica,CRI,1980,Merchandise imports from low- and middle-income economies in Europe & Central Asia (% of total merchandise imports),TM.VAL.MRCH.R2.ZS,0.000352099782261495
Costa Rica,CRI,1979,Merchandise imports from low- and middle-income economies in Europe & Central Asia (% of total merchandise imports),TM.VAL.MRCH.R2.ZS,0.00688805018300837
Costa Rica,CRI,1978,Merchandise imports from low- and middle-income economies in Europe & Central Asia (% of total merchandise imports),TM.VAL.MRCH.R2.ZS,0.000951370687317753
Costa Rica,CRI,1977,Merchandise imports from low- and middle-income economies in Europe & Central Asia (% of total merchandise imports),TM.VAL.MRCH.R2.ZS,0.00031723506378011
Costa Rica,CRI,1976,Merchandise imports from low- and middle-income economies in Europe & Central Asia (% of total merchandise imports),TM.VAL.MRCH.R2.ZS,0.000816065611675179
Costa Rica,CRI,1975,Merchandise imports from low- and middle-income economies in Europe & Central Asia (% of total merchandise imports),TM.VAL.MRCH.R2.ZS,0.000149577443721487
Costa Rica,CRI,1974,Merchandise imports from low- and middle-income economies in Europe & Central Asia (% of total merchandise imports),TM.VAL.MRCH.R2.ZS,0.000144409545470956
Costa Rica,CRI,1973,Merchandise imports from low- and middle-income economies in Europe & Central Asia (% of total merchandise imports),TM.VAL.MRCH.R2.ZS,0.00249370339891773
Costa Rica,CRI,1972,Merchandise imports from low- and middle-income economies in Europe & Central Asia (% of total merchandise imports),TM.VAL.MRCH.R2.ZS,0.00109132180897503
Costa Rica,CRI,1971,Merchandise imports from low- and middle-income economies in Europe & Central Asia (% of total merchandise imports),TM.VAL.MRCH.R2.ZS,0.00322918715488062
Costa Rica,CRI,1970,Merchandise imports from low- and middle-income economies in Europe & Central Asia (% of total merchandise imports),TM.VAL.MRCH.R2.ZS,0.00424108963379822
Costa Rica,CRI,1969,Merchandise imports from low- and middle-income economies in Europe & Central Asia (% of total merchandise imports),TM.VAL.MRCH.R2.ZS,0.0160271956203579
Costa Rica,CRI,2023,Merchandise imports from low- and middle-income economies in Latin America & the Caribbean (% of total merchandise imports),TM.VAL.MRCH.R3.ZS,18.4474897133844
Costa Rica,CRI,2022,Merchandise imports from low- and middle-income economies in Latin America & the Caribbean (% of total merchandise imports),TM.VAL.MRCH.R3.ZS,17.9499096182558
Costa Rica,CRI,2021,Merchandise imports from low- and middle-income economies in Latin America & the Caribbean (% of total merchandise imports),TM.VAL.MRCH.R3.ZS,18.2655682204688
Costa Rica,CRI,2020,Merchandise imports from low- and middle-income economies in Latin America & the Caribbean (% of total merchandise imports),TM.VAL.MRCH.R3.ZS,19.292941562558
Costa Rica,CRI,2019,Merchandise imports from low- and middle-income economies in Latin America & the Caribbean (% of total merchandise imports),TM.VAL.MRCH.R3.ZS,18.7646399937308
Costa Rica,CRI,2018,Merchandise imports from low- and middle-income economies in Latin America & the Caribbean (% of total merchandise imports),TM.VAL.MRCH.R3.ZS,18.4379730571774
Costa Rica,CRI,2017,Merchandise imports from low- and middle-income economies in Latin America & the Caribbean (% of total merchandise imports),TM.VAL.MRCH.R3.ZS,19.0636030280397
Costa Rica,CRI,2016,Merchandise imports from low- and middle-income economies in Latin America & the Caribbean (% of total merchandise imports),TM.VAL.MRCH.R3.ZS,18.841912709326
Costa Rica,CRI,2015,Merchandise imports from low- and middle-income economies in Latin America & the Caribbean (% of total merchandise imports),TM.VAL.MRCH.R3.ZS,18.6414996262419
Costa Rica,CRI,2014,Merchandise imports from low- and middle-income economies in Latin America & the Caribbean (% of total merchandise imports),TM.VAL.MRCH.R3.ZS,17.2889533461788
Costa Rica,CRI,2013,Merchandise imports from low- and middle-income economies in Latin America & the Caribbean (% of total merchandise imports),TM.VAL.MRCH.R3.ZS,17.4904205530768
Costa Rica,CRI,2012,Merchandise imports from low- and middle-income economies in Latin America & the Caribbean (% of total merchandise imports),TM.VAL.MRCH.R3.ZS,17.5454151209356
Costa Rica,CRI,2011,Merchandise imports from low- and middle-income economies in Latin America & the Caribbean (% of total merchandise imports),TM.VAL.MRCH.R3.ZS,18.5108769984316
Costa Rica,CRI,2010,Merchandise imports from low- and middle-income economies in Latin America & the Caribbean (% of total merchandise imports),TM.VAL.MRCH.R3.ZS,19.3864830059917
Costa Rica,CRI,2009,Merchandise imports from low- and middle-income economies in Latin America & the Caribbean (% of total merchandise imports),TM.VAL.MRCH.R3.ZS,19.1518116347809
Costa Rica,CRI,2008,Merchandise imports from low- and middle-income economies in Latin America & the Caribbean (% of total merchandise imports),TM.VAL.MRCH.R3.ZS,17.8354110409592
Costa Rica,CRI,2007,Merchandise imports from low- and middle-income economies in Latin America & the Caribbean (% of total merchandise imports),TM.VAL.MRCH.R3.ZS,17.4803869689436
Costa Rica,CRI,2006,Merchandise imports from low- and middle-income economies in Latin America & the Caribbean (% of total merchandise imports),TM.VAL.MRCH.R3.ZS,16.1408742341767
Costa Rica,CRI,2005,Merchandise imports from low- and middle-income economies in Latin America & the Caribbean (% of total merchandise imports),TM.VAL.MRCH.R3.ZS,17.3523307420364
Costa Rica,CRI,2004,Merchandise imports from low- and middle-income economies in Latin America & the Caribbean (% of total merchandise imports),TM.VAL.MRCH.R3.ZS,18.4924399337602
Costa Rica,CRI,2003,Merchandise imports from low- and middle-income economies in Latin America & the Caribbean (% of total merchandise imports),TM.VAL.MRCH.R3.ZS,16.2756658253646
Costa Rica,CRI,2002,Merchandise imports from low- and middle-income economies in Latin America & the Caribbean (% of total merchandise imports),TM.VAL.MRCH.R3.ZS,22.4053506113535
Costa Rica,CRI,2001,Merchandise imports from low- and middle-income economies in Latin America & the Caribbean (% of total merchandise imports),TM.VAL.MRCH.R3.ZS,22.9153988656407
Costa Rica,CRI,2000,Merchandise imports from low- and middle-income economies in Latin America & the Caribbean (% of total merchandise imports),TM.VAL.MRCH.R3.ZS,23.0258106044318
Costa Rica,CRI,1999,Merchandise imports from low- and middle-income economies in Latin America & the Caribbean (% of total merchandise imports),TM.VAL.MRCH.R3.ZS,22.2812132802714
Costa Rica,CRI,1998,Merchandise imports from low- and middle-income economies in Latin America & the Caribbean (% of total merchandise imports),TM.VAL.MRCH.R3.ZS,21.0462716944388
Costa Rica,CRI,1997,Merchandise imports from low- and middle-income economies in Latin America & the Caribbean (% of total merchandise imports),TM.VAL.MRCH.R3.ZS,22.5297315690217
Costa Rica,CRI,1996,Merchandise imports from low- and middle-income economies in Latin America & the Caribbean (% of total merchandise imports),TM.VAL.MRCH.R3.ZS,21.11347864471
Costa Rica,CRI,1995,Merchandise imports from low- and middle-income economies in Latin America & the Caribbean (% of total merchandise imports),TM.VAL.MRCH.R3.ZS,20.9993811515649
Costa Rica,CRI,1994,Merchandise imports from low- and middle-income economies in Latin America & the Caribbean (% of total merchandise imports),TM.VAL.MRCH.R3.ZS,21.0405363091531
Costa Rica,CRI,1993,Merchandise imports from low- and middle-income economies in Latin America & the Caribbean (% of total merchandise imports),TM.VAL.MRCH.R3.ZS,18.5410738445556
Costa Rica,CRI,1992,Merchandise imports from low- and middle-income economies in Latin America & the Caribbean (% of total merchandise imports),TM.VAL.MRCH.R3.ZS,19.2331653970149
Costa Rica,CRI,1991,Merchandise imports from low- and middle-income economies in Latin America & the Caribbean (% of total merchandise imports),TM.VAL.MRCH.R3.ZS,20.4364227664041
Costa Rica,CRI,1990,Merchandise imports from low- and middle-income economies in Latin America & the Caribbean (% of total merchandise imports),TM.VAL.MRCH.R3.ZS,17.3383598068539
Costa Rica,CRI,1989,Merchandise imports from low- and middle-income economies in Latin America & the Caribbean (% of total merchandise imports),TM.VAL.MRCH.R3.ZS,20.108773956738
Costa Rica,CRI,1988,Merchandise imports from low- and middle-income economies in Latin America & the Caribbean (% of total merchandise imports),TM.VAL.MRCH.R3.ZS,21.5207997371026
Costa Rica,CRI,1987,Merchandise imports from low- and middle-income economies in Latin America & the Caribbean (% of total merchandise imports),TM.VAL.MRCH.R3.ZS,20.2004402136496
Costa Rica,CRI,1986,Merchandise imports from low- and middle-income economies in Latin America & the Caribbean (% of total merchandise imports),TM.VAL.MRCH.R3.ZS,20.3412776683958
Costa Rica,CRI,1985,Merchandise imports from low- and middle-income economies in Latin America & the Caribbean (% of total merchandise imports),TM.VAL.MRCH.R3.ZS,18.2318613885212
Costa Rica,CRI,1984,Merchandise imports from low- and middle-income economies in Latin America & the Caribbean (% of total merchandise imports),TM.VAL.MRCH.R3.ZS,22.1767655231686
Costa Rica,CRI,1983,Merchandise imports from low- and middle-income economies in Latin America & the Caribbean (% of total merchandise imports),TM.VAL.MRCH.R3.ZS,25.2868713239771
Costa Rica,CRI,1982,Merchandise imports from low- and middle-income economies in Latin America & the Caribbean (% of total merchandise imports),TM.VAL.MRCH.R3.ZS,24.9821808347802
Costa Rica,CRI,1981,Merchandise imports from low- and middle-income economies in Latin America & the Caribbean (% of total merchandise imports),TM.VAL.MRCH.R3.ZS,25.3864753871151
Costa Rica,CRI,1980,Merchandise imports from low- and middle-income economies in Latin America & the Caribbean (% of total merchandise imports),TM.VAL.MRCH.R3.ZS,23.8039874596142
Costa Rica,CRI,1979,Merchandise imports from low- and middle-income economies in Latin America & the Caribbean (% of total merchandise imports),TM.VAL.MRCH.R3.ZS,23.6207075373479
Costa Rica,CRI,1978,Merchandise imports from low- and middle-income economies in Latin America & the Caribbean (% of total merchandise imports),TM.VAL.MRCH.R3.ZS,26.2809492776718
Costa Rica,CRI,1977,Merchandise imports from low- and middle-income economies in Latin America & the Caribbean (% of total merchandise imports),TM.VAL.MRCH.R3.ZS,22.8689470228018
Costa Rica,CRI,1976,Merchandise imports from low- and middle-income economies in Latin America & the Caribbean (% of total merchandise imports),TM.VAL.MRCH.R3.ZS,22.8416764707883
Costa Rica,CRI,1975,Merchandise imports from low- and middle-income economies in Latin America & the Caribbean (% of total merchandise imports),TM.VAL.MRCH.R3.ZS,23.1167451948246
Costa Rica,CRI,1974,Merchandise imports from low- and middle-income economies in Latin America & the Caribbean (% of total merchandise imports),TM.VAL.MRCH.R3.ZS,22.2953897252608
Costa Rica,CRI,1973,Merchandise imports from low- and middle-income economies in Latin America & the Caribbean (% of total merchandise imports),TM.VAL.MRCH.R3.ZS,24.4183436822024
Costa Rica,CRI,1972,Merchandise imports from low- and middle-income economies in Latin America & the Caribbean (% of total merchandise imports),TM.VAL.MRCH.R3.ZS,25.5704884756417
Costa Rica,CRI,1971,Merchandise imports from low- and middle-income economies in Latin America & the Caribbean (% of total merchandise imports),TM.VAL.MRCH.R3.ZS,25.5631262054409
Costa Rica,CRI,1970,Merchandise imports from low- and middle-income economies in Latin America & the Caribbean (% of total merchandise imports),TM.VAL.MRCH.R3.ZS,26.0618220373542
Costa Rica,CRI,1969,Merchandise imports from low- and middle-income economies in Latin America & the Caribbean (% of total merchandise imports),TM.VAL.MRCH.R3.ZS,24.6038541187784
Costa Rica,CRI,1968,Merchandise imports from low- and middle-income economies in Latin America & the Caribbean (% of total merchandise imports),TM.VAL.MRCH.R3.ZS,26.9917914051183
Costa Rica,CRI,1967,Merchandise imports from low- and middle-income economies in Latin America & the Caribbean (% of total merchandise imports),TM.VAL.MRCH.R3.ZS,21.7864923747277
Costa Rica,CRI,1966,Merchandise imports from low- and middle-income economies in Latin America & the Caribbean (% of total merchandise imports),TM.VAL.MRCH.R3.ZS,17.2413793103448
Costa Rica,CRI,1965,Merchandise imports from low- and middle-income economies in Latin America & the Caribbean (% of total merchandise imports),TM.VAL.MRCH.R3.ZS,12.7456819535438
Costa Rica,CRI,1964,Merchandise imports from low- and middle-income economies in Latin America & the Caribbean (% of total merchandise imports),TM.VAL.MRCH.R3.ZS,8.80121396054628
Costa Rica,CRI,1963,Merchandise imports from low- and middle-income economies in Latin America & the Caribbean (% of total merchandise imports),TM.VAL.MRCH.R3.ZS,5.87734241908007
Costa Rica,CRI,1962,Merchandise imports from low- and middle-income economies in Latin America & the Caribbean (% of total merchandise imports),TM.VAL.MRCH.R3.ZS,5.6710775047259
Costa Rica,CRI,1961,Merchandise imports from low- and middle-income economies in Latin America & the Caribbean (% of total merchandise imports),TM.VAL.MRCH.R3.ZS,6.1814556331007
Costa Rica,CRI,1960,Merchandise imports from low- and middle-income economies in Latin America & the Caribbean (% of total merchandise imports),TM.VAL.MRCH.R3.ZS,6.08365019011407
Costa Rica,CRI,2023,Merchandise imports from low- and middle-income economies in Middle East & North Africa (% of total merchandise imports),TM.VAL.MRCH.R4.ZS,0.126114475565874
Costa Rica,CRI,2022,Merchandise imports from low- and middle-income economies in Middle East & North Africa (% of total merchandise imports),TM.VAL.MRCH.R4.ZS,0.184092387541423
Costa Rica,CRI,2021,Merchandise imports from low- and middle-income economies in Middle East & North Africa (% of total merchandise imports),TM.VAL.MRCH.R4.ZS,0.0702469258866026
Costa Rica,CRI,2020,Merchandise imports from low- and middle-income economies in Middle East & North Africa (% of total merchandise imports),TM.VAL.MRCH.R4.ZS,0.067976775321453
Costa Rica,CRI,2019,Merchandise imports from low- and middle-income economies in Middle East & North Africa (% of total merchandise imports),TM.VAL.MRCH.R4.ZS,0.0854903653485109
Costa Rica,CRI,2018,Merchandise imports from low- and middle-income economies in Middle East & North Africa (% of total merchandise imports),TM.VAL.MRCH.R4.ZS,0.0580743859746348
Costa Rica,CRI,2017,Merchandise imports from low- and middle-income economies in Middle East & North Africa (% of total merchandise imports),TM.VAL.MRCH.R4.ZS,0.0616472227940797
Costa Rica,CRI,2016,Merchandise imports from low- and middle-income economies in Middle East & North Africa (% of total merchandise imports),TM.VAL.MRCH.R4.ZS,0.0602470962708598
Costa Rica,CRI,2015,Merchandise imports from low- and middle-income economies in Middle East & North Africa (% of total merchandise imports),TM.VAL.MRCH.R4.ZS,0.0409676065356324
Costa Rica,CRI,2014,Merchandise imports from low- and middle-income economies in Middle East & North Africa (% of total merchandise imports),TM.VAL.MRCH.R4.ZS,0.0419170492083349
Costa Rica,CRI,2013,Merchandise imports from low- and middle-income economies in Middle East & North Africa (% of total merchandise imports),TM.VAL.MRCH.R4.ZS,0.137061533237123
Costa Rica,CRI,2012,Merchandise imports from low- and middle-income economies in Middle East & North Africa (% of total merchandise imports),TM.VAL.MRCH.R4.ZS,0.106374080364243
Costa Rica,CRI,2011,Merchandise imports from low- and middle-income economies in Middle East & North Africa (% of total merchandise imports),TM.VAL.MRCH.R4.ZS,0.450735260567595
Costa Rica,CRI,2010,Merchandise imports from low- and middle-income economies in Middle East & North Africa (% of total merchandise imports),TM.VAL.MRCH.R4.ZS,0.513544379603807
Costa Rica,CRI,2009,Merchandise imports from low- and middle-income economies in Middle East & North Africa (% of total merchandise imports),TM.VAL.MRCH.R4.ZS,0.81759068374148
Costa Rica,CRI,2008,Merchandise imports from low- and middle-income economies in Middle East & North Africa (% of total merchandise imports),TM.VAL.MRCH.R4.ZS,0.0215257739232105
Costa Rica,CRI,2007,Merchandise imports from low- and middle-income economies in Middle East & North Africa (% of total merchandise imports),TM.VAL.MRCH.R4.ZS,0.0479559427925369
Costa Rica,CRI,2006,Merchandise imports from low- and middle-income economies in Middle East & North Africa (% of total merchandise imports),TM.VAL.MRCH.R4.ZS,0.019576236322102
Costa Rica,CRI,2005,Merchandise imports from low- and middle-income economies in Middle East & North Africa (% of total merchandise imports),TM.VAL.MRCH.R4.ZS,0.0213068288662332
Costa Rica,CRI,2004,Merchandise imports from low- and middle-income economies in Middle East & North Africa (% of total merchandise imports),TM.VAL.MRCH.R4.ZS,0.00780372796688218
Costa Rica,CRI,2003,Merchandise imports from low- and middle-income economies in Middle East & North Africa (% of total merchandise imports),TM.VAL.MRCH.R4.ZS,0.00516557055521845
Costa Rica,CRI,2002,Merchandise imports from low- and middle-income economies in Middle East & North Africa (% of total merchandise imports),TM.VAL.MRCH.R4.ZS,0.0101204406020367
Costa Rica,CRI,2001,Merchandise imports from low- and middle-income economies in Middle East & North Africa (% of total merchandise imports),TM.VAL.MRCH.R4.ZS,0.0169975197877206
Costa Rica,CRI,2000,Merchandise imports from low- and middle-income economies in Middle East & North Africa (% of total merchandise imports),TM.VAL.MRCH.R4.ZS,0.00372307758632722
Costa Rica,CRI,1999,Merchandise imports from low- and middle-income economies in Middle East & North Africa (% of total merchandise imports),TM.VAL.MRCH.R4.ZS,0.0154846249111341
Costa Rica,CRI,1998,Merchandise imports from low- and middle-income economies in Middle East & North Africa (% of total merchandise imports),TM.VAL.MRCH.R4.ZS,0.0141034554545791
Costa Rica,CRI,1997,Merchandise imports from low- and middle-income economies in Middle East & North Africa (% of total merchandise imports),TM.VAL.MRCH.R4.ZS,0.0115623294974792
Costa Rica,CRI,1996,Merchandise imports from low- and middle-income economies in Middle East & North Africa (% of total merchandise imports),TM.VAL.MRCH.R4.ZS,0.0146926250291854
Costa Rica,CRI,1995,Merchandise imports from low- and middle-income economies in Middle East & North Africa (% of total merchandise imports),TM.VAL.MRCH.R4.ZS,0.0123294138340579
Costa Rica,CRI,1994,Merchandise imports from low- and middle-income economies in Middle East & North Africa (% of total merchandise imports),TM.VAL.MRCH.R4.ZS,0.00773396195546739
Costa Rica,CRI,1993,Merchandise imports from low- and middle-income economies in Middle East & North Africa (% of total merchandise imports),TM.VAL.MRCH.R4.ZS,0.00767680178648506
Costa Rica,CRI,1992,Merchandise imports from low- and middle-income economies in Middle East & North Africa (% of total merchandise imports),TM.VAL.MRCH.R4.ZS,0.00384614686838377
Costa Rica,CRI,1991,Merchandise imports from low- and middle-income economies in Middle East & North Africa (% of total merchandise imports),TM.VAL.MRCH.R4.ZS,0.00690651719039809
Costa Rica,CRI,1990,Merchandise imports from low- and middle-income economies in Middle East & North Africa (% of total merchandise imports),TM.VAL.MRCH.R4.ZS,0.00917226271647217
Costa Rica,CRI,1989,Merchandise imports from low- and middle-income economies in Middle East & North Africa (% of total merchandise imports),TM.VAL.MRCH.R4.ZS,0.00323697108874643
Costa Rica,CRI,1988,Merchandise imports from low- and middle-income economies in Middle East & North Africa (% of total merchandise imports),TM.VAL.MRCH.R4.ZS,0.0026666943190269
Costa Rica,CRI,1987,Merchandise imports from low- and middle-income economies in Middle East & North Africa (% of total merchandise imports),TM.VAL.MRCH.R4.ZS,0.00412792437642542
Costa Rica,CRI,1986,Merchandise imports from low- and middle-income economies in Middle East & North Africa (% of total merchandise imports),TM.VAL.MRCH.R4.ZS,0.00400539749564747
Costa Rica,CRI,1985,Merchandise imports from low- and middle-income economies in Middle East & North Africa (% of total merchandise imports),TM.VAL.MRCH.R4.ZS,0.0293286006497413
Costa Rica,CRI,1984,Merchandise imports from low- and middle-income economies in Middle East & North Africa (% of total merchandise imports),TM.VAL.MRCH.R4.ZS,0.00349828536742869
Costa Rica,CRI,1983,Merchandise imports from low- and middle-income economies in Middle East & North Africa (% of total merchandise imports),TM.VAL.MRCH.R4.ZS,0.0037387809864827
Costa Rica,CRI,1982,Merchandise imports from low- and middle-income economies in Middle East & North Africa (% of total merchandise imports),TM.VAL.MRCH.R4.ZS,0.00358116124351781
Costa Rica,CRI,1981,Merchandise imports from low- and middle-income economies in Middle East & North Africa (% of total merchandise imports),TM.VAL.MRCH.R4.ZS,0.00844382087158995
Costa Rica,CRI,1980,Merchandise imports from low- and middle-income economies in Middle East & North Africa (% of total merchandise imports),TM.VAL.MRCH.R4.ZS,0.015069870680792
Costa Rica,CRI,1979,Merchandise imports from low- and middle-income economies in Middle East & North Africa (% of total merchandise imports),TM.VAL.MRCH.R4.ZS,0.0137761003660167
Costa Rica,CRI,1978,Merchandise imports from low- and middle-income economies in Middle East & North Africa (% of total merchandise imports),TM.VAL.MRCH.R4.ZS,0.0128435042787897
Costa Rica,CRI,1977,Merchandise imports from low- and middle-income economies in Middle East & North Africa (% of total merchandise imports),TM.VAL.MRCH.R4.ZS,0.00909407182836314
Costa Rica,CRI,1976,Merchandise imports from low- and middle-income economies in Middle East & North Africa (% of total merchandise imports),TM.VAL.MRCH.R4.ZS,0.00856868892258938
Costa Rica,CRI,1975,Merchandise imports from low- and middle-income economies in Middle East & North Africa (% of total merchandise imports),TM.VAL.MRCH.R4.ZS,0.00897464662328921
Costa Rica,CRI,1974,Merchandise imports from low- and middle-income economies in Middle East & North Africa (% of total merchandise imports),TM.VAL.MRCH.R4.ZS,0.00202173363659338
Costa Rica,CRI,1973,Merchandise imports from low- and middle-income economies in Middle East & North Africa (% of total merchandise imports),TM.VAL.MRCH.R4.ZS,0.0149622203935064
Costa Rica,CRI,1972,Merchandise imports from low- and middle-income economies in Middle East & North Africa (% of total merchandise imports),TM.VAL.MRCH.R4.ZS,0.0139143530644316
Costa Rica,CRI,1971,Merchandise imports from low- and middle-income economies in Middle East & North Africa (% of total merchandise imports),TM.VAL.MRCH.R4.ZS,0.0228978725527899
Costa Rica,CRI,1970,Merchandise imports from low- and middle-income economies in Middle East & North Africa (% of total merchandise imports),TM.VAL.MRCH.R4.ZS,0.0189217845200228
Costa Rica,CRI,1969,Merchandise imports from low- and middle-income economies in Middle East & North Africa (% of total merchandise imports),TM.VAL.MRCH.R4.ZS,0.0130748174797657
Costa Rica,CRI,1968,Merchandise imports from low- and middle-income economies in Middle East & North Africa (% of total merchandise imports),TM.VAL.MRCH.R4.ZS,0.0482858522452921
Costa Rica,CRI,2023,Merchandise imports from low- and middle-income economies in South Asia (% of total merchandise imports),TM.VAL.MRCH.R5.ZS,1.29700800825368
Costa Rica,CRI,2022,Merchandise imports from low- and middle-income economies in South Asia (% of total merchandise imports),TM.VAL.MRCH.R5.ZS,1.27571518380964
Costa Rica,CRI,2021,Merchandise imports from low- and middle-income economies in South Asia (% of total merchandise imports),TM.VAL.MRCH.R5.ZS,1.23462141684676
Costa Rica,CRI,2020,Merchandise imports from low- and middle-income economies in South Asia (% of total merchandise imports),TM.VAL.MRCH.R5.ZS,1.28350391864514
Costa Rica,CRI,2019,Merchandise imports from low- and middle-income economies in South Asia (% of total merchandise imports),TM.VAL.MRCH.R5.ZS,1.32684358662857
Costa Rica,CRI,2018,Merchandise imports from low- and middle-income economies in South Asia (% of total merchandise imports),TM.VAL.MRCH.R5.ZS,1.27520709005495
Costa Rica,CRI,2017,Merchandise imports from low- and middle-income economies in South Asia (% of total merchandise imports),TM.VAL.MRCH.R5.ZS,1.37660875102545
Costa Rica,CRI,2016,Merchandise imports from low- and middle-income economies in South Asia (% of total merchandise imports),TM.VAL.MRCH.R5.ZS,1.36673256563064
Costa Rica,CRI,2015,Merchandise imports from low- and middle-income economies in South Asia (% of total merchandise imports),TM.VAL.MRCH.R5.ZS,1.03815820399154
Costa Rica,CRI,2014,Merchandise imports from low- and middle-income economies in South Asia (% of total merchandise imports),TM.VAL.MRCH.R5.ZS,0.780399916953889
Costa Rica,CRI,2013,Merchandise imports from low- and middle-income economies in South Asia (% of total merchandise imports),TM.VAL.MRCH.R5.ZS,0.621863740252618
Costa Rica,CRI,2012,Merchandise imports from low- and middle-income economies in South Asia (% of total merchandise imports),TM.VAL.MRCH.R5.ZS,0.590292104184457
Costa Rica,CRI,2011,Merchandise imports from low- and middle-income economies in South Asia (% of total merchandise imports),TM.VAL.MRCH.R5.ZS,0.887867230420907
Costa Rica,CRI,2010,Merchandise imports from low- and middle-income economies in South Asia (% of total merchandise imports),TM.VAL.MRCH.R5.ZS,0.852558297485877
Costa Rica,CRI,2009,Merchandise imports from low- and middle-income economies in South Asia (% of total merchandise imports),TM.VAL.MRCH.R5.ZS,0.486646325169927
Costa Rica,CRI,2008,Merchandise imports from low- and middle-income economies in South Asia (% of total merchandise imports),TM.VAL.MRCH.R5.ZS,0.445576685836167
Costa Rica,CRI,2007,Merchandise imports from low- and middle-income economies in South Asia (% of total merchandise imports),TM.VAL.MRCH.R5.ZS,0.468735075718816
Costa Rica,CRI,2006,Merchandise imports from low- and middle-income economies in South Asia (% of total merchandise imports),TM.VAL.MRCH.R5.ZS,0.347360241144484
Costa Rica,CRI,2005,Merchandise imports from low- and middle-income economies in South Asia (% of total merchandise imports),TM.VAL.MRCH.R5.ZS,0.360132620203755
Costa Rica,CRI,2004,Merchandise imports from low- and middle-income economies in South Asia (% of total merchandise imports),TM.VAL.MRCH.R5.ZS,0.274581487939444
Costa Rica,CRI,2003,Merchandise imports from low- and middle-income economies in South Asia (% of total merchandise imports),TM.VAL.MRCH.R5.ZS,0.204523806876626
Costa Rica,CRI,2002,Merchandise imports from low- and middle-income economies in South Asia (% of total merchandise imports),TM.VAL.MRCH.R5.ZS,0.320389488716012
Costa Rica,CRI,2001,Merchandise imports from low- and middle-income economies in South Asia (% of total merchandise imports),TM.VAL.MRCH.R5.ZS,0.245553955944742
Costa Rica,CRI,2000,Merchandise imports from low- and middle-income economies in South Asia (% of total merchandise imports),TM.VAL.MRCH.R5.ZS,0.238960432762466
Costa Rica,CRI,1999,Merchandise imports from low- and middle-income economies in South Asia (% of total merchandise imports),TM.VAL.MRCH.R5.ZS,0.167542174825899
Costa Rica,CRI,1998,Merchandise imports from low- and middle-income economies in South Asia (% of total merchandise imports),TM.VAL.MRCH.R5.ZS,0.171003057514604
Costa Rica,CRI,1997,Merchandise imports from low- and middle-income economies in South Asia (% of total merchandise imports),TM.VAL.MRCH.R5.ZS,0.133948068064922
Costa Rica,CRI,1996,Merchandise imports from low- and middle-income economies in South Asia (% of total merchandise imports),TM.VAL.MRCH.R5.ZS,0.177978200194372
Costa Rica,CRI,1995,Merchandise imports from low- and middle-income economies in South Asia (% of total merchandise imports),TM.VAL.MRCH.R5.ZS,0.0809078322169523
Costa Rica,CRI,1994,Merchandise imports from low- and middle-income economies in South Asia (% of total merchandise imports),TM.VAL.MRCH.R5.ZS,0.0939080431230515
Costa Rica,CRI,1993,Merchandise imports from low- and middle-income economies in South Asia (% of total merchandise imports),TM.VAL.MRCH.R5.ZS,0.0565478207582099
Costa Rica,CRI,1992,Merchandise imports from low- and middle-income economies in South Asia (% of total merchandise imports),TM.VAL.MRCH.R5.ZS,0.0479316982371222
Costa Rica,CRI,1991,Merchandise imports from low- and middle-income economies in South Asia (% of total merchandise imports),TM.VAL.MRCH.R5.ZS,0.0471552198321382
Costa Rica,CRI,1990,Merchandise imports from low- and middle-income economies in South Asia (% of total merchandise imports),TM.VAL.MRCH.R5.ZS,0.06515365621236
Costa Rica,CRI,1989,Merchandise imports from low- and middle-income economies in South Asia (% of total merchandise imports),TM.VAL.MRCH.R5.ZS,0.0391016724995674
Costa Rica,CRI,1988,Merchandise imports from low- and middle-income economies in South Asia (% of total merchandise imports),TM.VAL.MRCH.R5.ZS,0.0734656893822155
Costa Rica,CRI,1987,Merchandise imports from low- and middle-income economies in South Asia (% of total merchandise imports),TM.VAL.MRCH.R5.ZS,0.0304434422761375
Costa Rica,CRI,1986,Merchandise imports from low- and middle-income economies in South Asia (% of total merchandise imports),TM.VAL.MRCH.R5.ZS,0.0283048089692421
Costa Rica,CRI,1985,Merchandise imports from low- and middle-income economies in South Asia (% of total merchandise imports),TM.VAL.MRCH.R5.ZS,0.0326186680303213
Costa Rica,CRI,1984,Merchandise imports from low- and middle-income economies in South Asia (% of total merchandise imports),TM.VAL.MRCH.R5.ZS,0.0139931414697148
Costa Rica,CRI,1983,Merchandise imports from low- and middle-income economies in South Asia (% of total merchandise imports),TM.VAL.MRCH.R5.ZS,0.00854578511196047
Costa Rica,CRI,1982,Merchandise imports from low- and middle-income economies in South Asia (% of total merchandise imports),TM.VAL.MRCH.R5.ZS,0.00808649313052408
Costa Rica,CRI,1981,Merchandise imports from low- and middle-income economies in South Asia (% of total merchandise imports),TM.VAL.MRCH.R5.ZS,0.0103202255097211
Costa Rica,CRI,1980,Merchandise imports from low- and middle-income economies in South Asia (% of total merchandise imports),TM.VAL.MRCH.R5.ZS,0.0126051722049615
Costa Rica,CRI,1979,Merchandise imports from low- and middle-income economies in South Asia (% of total merchandise imports),TM.VAL.MRCH.R5.ZS,0.0131427164411424
Costa Rica,CRI,1978,Merchandise imports from low- and middle-income economies in South Asia (% of total merchandise imports),TM.VAL.MRCH.R5.ZS,0.0124629560038626
Costa Rica,CRI,1977,Merchandise imports from low- and middle-income economies in South Asia (% of total merchandise imports),TM.VAL.MRCH.R5.ZS,0.0182938886779863
Costa Rica,CRI,1976,Merchandise imports from low- and middle-income economies in South Asia (% of total merchandise imports),TM.VAL.MRCH.R5.ZS,0.0155052466218284
Costa Rica,CRI,1975,Merchandise imports from low- and middle-income economies in South Asia (% of total merchandise imports),TM.VAL.MRCH.R5.ZS,0.0269239398698676
Costa Rica,CRI,1974,Merchandise imports from low- and middle-income economies in South Asia (% of total merchandise imports),TM.VAL.MRCH.R5.ZS,0.0218058413661143
Costa Rica,CRI,1973,Merchandise imports from low- and middle-income economies in South Asia (% of total merchandise imports),TM.VAL.MRCH.R5.ZS,0.0249370339891773
Costa Rica,CRI,1972,Merchandise imports from low- and middle-income economies in South Asia (% of total merchandise imports),TM.VAL.MRCH.R5.ZS,0.034922297887201
Costa Rica,CRI,1971,Merchandise imports from low- and middle-income economies in South Asia (% of total merchandise imports),TM.VAL.MRCH.R5.ZS,0.0190815604606582
Costa Rica,CRI,1970,Merchandise imports from low- and middle-income economies in South Asia (% of total merchandise imports),TM.VAL.MRCH.R5.ZS,0.063290106842835
Costa Rica,CRI,1969,Merchandise imports from low- and middle-income economies in South Asia (% of total merchandise imports),TM.VAL.MRCH.R5.ZS,0.0130748174797657
Costa Rica,CRI,1965,Merchandise imports from low- and middle-income economies in South Asia (% of total merchandise imports),TM.VAL.MRCH.R5.ZS,0.297796307325789
Costa Rica,CRI,1964,Merchandise imports from low- and middle-income economies in South Asia (% of total merchandise imports),TM.VAL.MRCH.R5.ZS,0.227617602427921
Costa Rica,CRI,1963,Merchandise imports from low- and middle-income economies in South Asia (% of total merchandise imports),TM.VAL.MRCH.R5.ZS,0.255536626916525
Costa Rica,CRI,1962,Merchandise imports from low- and middle-income economies in South Asia (% of total merchandise imports),TM.VAL.MRCH.R5.ZS,0.378071833648393
Costa Rica,CRI,1961,Merchandise imports from low- and middle-income economies in South Asia (% of total merchandise imports),TM.VAL.MRCH.R5.ZS,0.598205383848455
Costa Rica,CRI,1960,Merchandise imports from low- and middle-income economies in South Asia (% of total merchandise imports),TM.VAL.MRCH.R5.ZS,0.475285171102662
Costa Rica,CRI,2023,Merchandise imports from low- and middle-income economies in Sub-Saharan Africa (% of total merchandise imports),TM.VAL.MRCH.R6.ZS,0.0406621923362961
Costa Rica,CRI,2022,Merchandise imports from low- and middle-income economies in Sub-Saharan Africa (% of total merchandise imports),TM.VAL.MRCH.R6.ZS,0.0572089659621738
Costa Rica,CRI,2021,Merchandise imports from low- and middle-income economies in Sub-Saharan Africa (% of total merchandise imports),TM.VAL.MRCH.R6.ZS,0.044898598540432
Costa Rica,CRI,2020,Merchandise imports from low- and middle-income economies in Sub-Saharan Africa (% of total merchandise imports),TM.VAL.MRCH.R6.ZS,0.0349299332077119
Costa Rica,CRI,2019,Merchandise imports from low- and middle-income economies in Sub-Saharan Africa (% of total merchandise imports),TM.VAL.MRCH.R6.ZS,0.0426387145045696
Costa Rica,CRI,2018,Merchandise imports from low- and middle-income economies in Sub-Saharan Africa (% of total merchandise imports),TM.VAL.MRCH.R6.ZS,0.18576903357745
Costa Rica,CRI,2017,Merchandise imports from low- and middle-income economies in Sub-Saharan Africa (% of total merchandise imports),TM.VAL.MRCH.R6.ZS,0.0530656244854027
Costa Rica,CRI,2016,Merchandise imports from low- and middle-income economies in Sub-Saharan Africa (% of total merchandise imports),TM.VAL.MRCH.R6.ZS,0.0502614583551239
Costa Rica,CRI,2015,Merchandise imports from low- and middle-income economies in Sub-Saharan Africa (% of total merchandise imports),TM.VAL.MRCH.R6.ZS,0.0721605672717514
Costa Rica,CRI,2014,Merchandise imports from low- and middle-income economies in Sub-Saharan Africa (% of total merchandise imports),TM.VAL.MRCH.R6.ZS,0.0543832662227348
Costa Rica,CRI,2013,Merchandise imports from low- and middle-income economies in Sub-Saharan Africa (% of total merchandise imports),TM.VAL.MRCH.R6.ZS,0.054497482618507
Costa Rica,CRI,2012,Merchandise imports from low- and middle-income economies in Sub-Saharan Africa (% of total merchandise imports),TM.VAL.MRCH.R6.ZS,0.074922316102175
Costa Rica,CRI,2011,Merchandise imports from low- and middle-income economies in Sub-Saharan Africa (% of total merchandise imports),TM.VAL.MRCH.R6.ZS,0.0378510766203294
Costa Rica,CRI,2010,Merchandise imports from low- and middle-income economies in Sub-Saharan Africa (% of total merchandise imports),TM.VAL.MRCH.R6.ZS,0.0188432055171672
Costa Rica,CRI,2009,Merchandise imports from low- and middle-income economies in Sub-Saharan Africa (% of total merchandise imports),TM.VAL.MRCH.R6.ZS,0.107598622194276
Costa Rica,CRI,2008,Merchandise imports from low- and middle-income economies in Sub-Saharan Africa (% of total merchandise imports),TM.VAL.MRCH.R6.ZS,0.0635653240284287
Costa Rica,CRI,2007,Merchandise imports from low- and middle-income economies in Sub-Saharan Africa (% of total merchandise imports),TM.VAL.MRCH.R6.ZS,0.0559949387918103
Costa Rica,CRI,2006,Merchandise imports from low- and middle-income economies in Sub-Saharan Africa (% of total merchandise imports),TM.VAL.MRCH.R6.ZS,0.130995165407679
Costa Rica,CRI,2005,Merchandise imports from low- and middle-income economies in Sub-Saharan Africa (% of total merchandise imports),TM.VAL.MRCH.R6.ZS,0.0183367727267385
Costa Rica,CRI,2004,Merchandise imports from low- and middle-income economies in Sub-Saharan Africa (% of total merchandise imports),TM.VAL.MRCH.R6.ZS,0.0750630096136261
Costa Rica,CRI,2003,Merchandise imports from low- and middle-income economies in Sub-Saharan Africa (% of total merchandise imports),TM.VAL.MRCH.R6.ZS,0.0738248137115591
Costa Rica,CRI,2002,Merchandise imports from low- and middle-income economies in Sub-Saharan Africa (% of total merchandise imports),TM.VAL.MRCH.R6.ZS,0.0260323289246073
Costa Rica,CRI,2001,Merchandise imports from low- and middle-income economies in Sub-Saharan Africa (% of total merchandise imports),TM.VAL.MRCH.R6.ZS,0.0301467142958982
Costa Rica,CRI,2000,Merchandise imports from low- and middle-income economies in Sub-Saharan Africa (% of total merchandise imports),TM.VAL.MRCH.R6.ZS,0.0305176253486594
Costa Rica,CRI,1999,Merchandise imports from low- and middle-income economies in Sub-Saharan Africa (% of total merchandise imports),TM.VAL.MRCH.R6.ZS,0.040806906372759
Costa Rica,CRI,1998,Merchandise imports from low- and middle-income economies in Sub-Saharan Africa (% of total merchandise imports),TM.VAL.MRCH.R6.ZS,0.0842784394071689
Costa Rica,CRI,1997,Merchandise imports from low- and middle-income economies in Sub-Saharan Africa (% of total merchandise imports),TM.VAL.MRCH.R6.ZS,0.117995593029066
Costa Rica,CRI,1996,Merchandise imports from low- and middle-income economies in Sub-Saharan Africa (% of total merchandise imports),TM.VAL.MRCH.R6.ZS,0.215835007035296
Costa Rica,CRI,1995,Merchandise imports from low- and middle-income economies in Sub-Saharan Africa (% of total merchandise imports),TM.VAL.MRCH.R6.ZS,0.120665614391688
Costa Rica,CRI,1994,Merchandise imports from low- and middle-income economies in Sub-Saharan Africa (% of total merchandise imports),TM.VAL.MRCH.R6.ZS,0.075205005748282
Costa Rica,CRI,1993,Merchandise imports from low- and middle-income economies in Sub-Saharan Africa (% of total merchandise imports),TM.VAL.MRCH.R6.ZS,0.214624747782019
Costa Rica,CRI,1992,Merchandise imports from low- and middle-income economies in Sub-Saharan Africa (% of total merchandise imports),TM.VAL.MRCH.R6.ZS,0.0163642663928404
Costa Rica,CRI,1991,Merchandise imports from low- and middle-income economies in Sub-Saharan Africa (% of total merchandise imports),TM.VAL.MRCH.R6.ZS,0.0214491518780433
Costa Rica,CRI,1990,Merchandise imports from low- and middle-income economies in Sub-Saharan Africa (% of total merchandise imports),TM.VAL.MRCH.R6.ZS,0.00104811531314526
Costa Rica,CRI,1989,Merchandise imports from low- and middle-income economies in Sub-Saharan Africa (% of total merchandise imports),TM.VAL.MRCH.R6.ZS,0.0141558844352063
Costa Rica,CRI,1988,Merchandise imports from low- and middle-income economies in Sub-Saharan Africa (% of total merchandise imports),TM.VAL.MRCH.R6.ZS,0.000369346449855414
Costa Rica,CRI,1987,Merchandise imports from low- and middle-income economies in Sub-Saharan Africa (% of total merchandise imports),TM.VAL.MRCH.R6.ZS,0.00700272885286456
Costa Rica,CRI,1986,Merchandise imports from low- and middle-income economies in Sub-Saharan Africa (% of total merchandise imports),TM.VAL.MRCH.R6.ZS,0.00400539749564747
Costa Rica,CRI,1985,Merchandise imports from low- and middle-income economies in Sub-Saharan Africa (% of total merchandise imports),TM.VAL.MRCH.R6.ZS,0.00122202502707255
Costa Rica,CRI,1984,Merchandise imports from low- and middle-income economies in Sub-Saharan Africa (% of total merchandise imports),TM.VAL.MRCH.R6.ZS,0.000945482531737485
Costa Rica,CRI,1983,Merchandise imports from low- and middle-income economies in Sub-Saharan Africa (% of total merchandise imports),TM.VAL.MRCH.R6.ZS,0.00170915702239209
Costa Rica,CRI,1982,Merchandise imports from low- and middle-income economies in Sub-Saharan Africa (% of total merchandise imports),TM.VAL.MRCH.R6.ZS,0.0122452610262222
Costa Rica,CRI,1981,Merchandise imports from low- and middle-income economies in Sub-Saharan Africa (% of total merchandise imports),TM.VAL.MRCH.R6.ZS,0.0144141992656435
Costa Rica,CRI,1980,Merchandise imports from low- and middle-income economies in Sub-Saharan Africa (% of total merchandise imports),TM.VAL.MRCH.R6.ZS,0.028027142668015
Costa Rica,CRI,1979,Merchandise imports from low- and middle-income economies in Sub-Saharan Africa (% of total merchandise imports),TM.VAL.MRCH.R6.ZS,0.00585880130508758
Costa Rica,CRI,1978,Merchandise imports from low- and middle-income economies in Sub-Saharan Africa (% of total merchandise imports),TM.VAL.MRCH.R6.ZS,0.00542281291771119
Costa Rica,CRI,1977,Merchandise imports from low- and middle-income economies in Sub-Saharan Africa (% of total merchandise imports),TM.VAL.MRCH.R6.ZS,0.0354245821221122
Costa Rica,CRI,1976,Merchandise imports from low- and middle-income economies in Sub-Saharan Africa (% of total merchandise imports),TM.VAL.MRCH.R6.ZS,0.0216257387093922
Costa Rica,CRI,1975,Merchandise imports from low- and middle-income economies in Sub-Saharan Africa (% of total merchandise imports),TM.VAL.MRCH.R6.ZS,0.0203425323461222
Costa Rica,CRI,1974,Merchandise imports from low- and middle-income economies in Sub-Saharan Africa (% of total merchandise imports),TM.VAL.MRCH.R6.ZS,0.0166070977291599
Costa Rica,CRI,1973,Merchandise imports from low- and middle-income economies in Sub-Saharan Africa (% of total merchandise imports),TM.VAL.MRCH.R6.ZS,0.0238035324442147
Costa Rica,CRI,1972,Merchandise imports from low- and middle-income economies in Sub-Saharan Africa (% of total merchandise imports),TM.VAL.MRCH.R6.ZS,0.0114588789942378
Costa Rica,CRI,1971,Merchandise imports from low- and middle-income economies in Sub-Saharan Africa (% of total merchandise imports),TM.VAL.MRCH.R6.ZS,0.00557768690388471
Costa Rica,CRI,1970,Merchandise imports from low- and middle-income economies in Sub-Saharan Africa (% of total merchandise imports),TM.VAL.MRCH.R6.ZS,0.037191093711769
Costa Rica,CRI,1969,Merchandise imports from low- and middle-income economies in Sub-Saharan Africa (% of total merchandise imports),TM.VAL.MRCH.R6.ZS,0.0143401223971623
Costa Rica,CRI,1968,Merchandise imports from low- and middle-income economies in Sub-Saharan Africa (% of total merchandise imports),TM.VAL.MRCH.R6.ZS,0.0965717044905842
Costa Rica,CRI,1967,Merchandise imports from low- and middle-income economies in Sub-Saharan Africa (% of total merchandise imports),TM.VAL.MRCH.R6.ZS,0.163398692810458
Costa Rica,CRI,1966,Merchandise imports from low- and middle-income economies in Sub-Saharan Africa (% of total merchandise imports),TM.VAL.MRCH.R6.ZS,0.292226767971946
Costa Rica,CRI,1965,Merchandise imports from low- and middle-income economies in Sub-Saharan Africa (% of total merchandise imports),TM.VAL.MRCH.R6.ZS,0.178677784395473
Costa Rica,CRI,1964,Merchandise imports from low- and middle-income economies in Sub-Saharan Africa (% of total merchandise imports),TM.VAL.MRCH.R6.ZS,0.0758725341426403
Costa Rica,CRI,2023,"Merchandise imports by the reporting economy, residual (% of total merchandise imports)",TM.VAL.MRCH.RS.ZS,0.0315658369846289
Costa Rica,CRI,2022,"Merchandise imports by the reporting economy, residual (% of total merchandise imports)",TM.VAL.MRCH.RS.ZS,0.0577261643437901
Costa Rica,CRI,2021,"Merchandise imports by the reporting economy, residual (% of total merchandise imports)",TM.VAL.MRCH.RS.ZS,0.0764058172771551
Costa Rica,CRI,2020,"Merchandise imports by the reporting economy, residual (% of total merchandise imports)",TM.VAL.MRCH.RS.ZS,0.0475542813504599
Costa Rica,CRI,2019,"Merchandise imports by the reporting economy, residual (% of total merchandise imports)",TM.VAL.MRCH.RS.ZS,0.123185894220691
Costa Rica,CRI,2018,"Merchandise imports by the reporting economy, residual (% of total merchandise imports)",TM.VAL.MRCH.RS.ZS,0.111345173355177
Costa Rica,CRI,2017,"Merchandise imports by the reporting economy, residual (% of total merchandise imports)",TM.VAL.MRCH.RS.ZS,0.169589412633212
Costa Rica,CRI,2016,"Merchandise imports by the reporting economy, residual (% of total merchandise imports)",TM.VAL.MRCH.RS.ZS,0.127224918840355
Costa Rica,CRI,2015,"Merchandise imports by the reporting economy, residual (% of total merchandise imports)",TM.VAL.MRCH.RS.ZS,0.4288956974552
Costa Rica,CRI,2014,"Merchandise imports by the reporting economy, residual (% of total merchandise imports)",TM.VAL.MRCH.RS.ZS,0.253451920855113
Costa Rica,CRI,2013,"Merchandise imports by the reporting economy, residual (% of total merchandise imports)",TM.VAL.MRCH.RS.ZS,0.258988384920173
Costa Rica,CRI,2012,"Merchandise imports by the reporting economy, residual (% of total merchandise imports)",TM.VAL.MRCH.RS.ZS,0.23293674163984
Costa Rica,CRI,2011,"Merchandise imports by the reporting economy, residual (% of total merchandise imports)",TM.VAL.MRCH.RS.ZS,0.300514852978277
Costa Rica,CRI,2010,"Merchandise imports by the reporting economy, residual (% of total merchandise imports)",TM.VAL.MRCH.RS.ZS,0.355239094334465
Costa Rica,CRI,2009,"Merchandise imports by the reporting economy, residual (% of total merchandise imports)",TM.VAL.MRCH.RS.ZS,0.959861234335851
Costa Rica,CRI,2008,"Merchandise imports by the reporting economy, residual (% of total merchandise imports)",TM.VAL.MRCH.RS.ZS,4.37974407166155
Costa Rica,CRI,2007,"Merchandise imports by the reporting economy, residual (% of total merchandise imports)",TM.VAL.MRCH.RS.ZS,4.88728869074434
Costa Rica,CRI,2006,"Merchandise imports by the reporting economy, residual (% of total merchandise imports)",TM.VAL.MRCH.RS.ZS,5.10947173801794
Costa Rica,CRI,2005,"Merchandise imports by the reporting economy, residual (% of total merchandise imports)",TM.VAL.MRCH.RS.ZS,4.90810971945722
Costa Rica,CRI,2004,"Merchandise imports by the reporting economy, residual (% of total merchandise imports)",TM.VAL.MRCH.RS.ZS,4.02104358272754
Costa Rica,CRI,2003,"Merchandise imports by the reporting economy, residual (% of total merchandise imports)",TM.VAL.MRCH.RS.ZS,3.42499011700606
Costa Rica,CRI,2002,"Merchandise imports by the reporting economy, residual (% of total merchandise imports)",TM.VAL.MRCH.RS.ZS,6.03603391351219
Costa Rica,CRI,2001,"Merchandise imports by the reporting economy, residual (% of total merchandise imports)",TM.VAL.MRCH.RS.ZS,6.82507946768068
Costa Rica,CRI,2000,"Merchandise imports by the reporting economy, residual (% of total merchandise imports)",TM.VAL.MRCH.RS.ZS,7.78834182183338
Costa Rica,CRI,1999,"Merchandise imports by the reporting economy, residual (% of total merchandise imports)",TM.VAL.MRCH.RS.ZS,5.84170168851033
Costa Rica,CRI,1998,"Merchandise imports by the reporting economy, residual (% of total merchandise imports)",TM.VAL.MRCH.RS.ZS,4.1455104282464
Costa Rica,CRI,1997,"Merchandise imports by the reporting economy, residual (% of total merchandise imports)",TM.VAL.MRCH.RS.ZS,7.01630071837167
Costa Rica,CRI,1996,"Merchandise imports by the reporting economy, residual (% of total merchandise imports)",TM.VAL.MRCH.RS.ZS,7.15426128966506
Costa Rica,CRI,1995,"Merchandise imports by the reporting economy, residual (% of total merchandise imports)",TM.VAL.MRCH.RS.ZS,6.66997697243308
Costa Rica,CRI,1994,"Merchandise imports by the reporting economy, residual (% of total merchandise imports)",TM.VAL.MRCH.RS.ZS,5.52051644575199
Costa Rica,CRI,1993,"Merchandise imports by the reporting economy, residual (% of total merchandise imports)",TM.VAL.MRCH.RS.ZS,3.61988934623154
Costa Rica,CRI,1992,"Merchandise imports by the reporting economy, residual (% of total merchandise imports)",TM.VAL.MRCH.RS.ZS,4.10155279108709
Costa Rica,CRI,1991,"Merchandise imports by the reporting economy, residual (% of total merchandise imports)",TM.VAL.MRCH.RS.ZS,6.75748124200354
Costa Rica,CRI,1990,"Merchandise imports by the reporting economy, residual (% of total merchandise imports)",TM.VAL.MRCH.RS.ZS,8.08171127040904
Costa Rica,CRI,1989,"Merchandise imports by the reporting economy, residual (% of total merchandise imports)",TM.VAL.MRCH.RS.ZS,8.52296246890353
Costa Rica,CRI,1988,"Merchandise imports by the reporting economy, residual (% of total merchandise imports)",TM.VAL.MRCH.RS.ZS,7.35856279130629
Costa Rica,CRI,1987,"Merchandise imports by the reporting economy, residual (% of total merchandise imports)",TM.VAL.MRCH.RS.ZS,6.56656941473404
Costa Rica,CRI,1986,"Merchandise imports by the reporting economy, residual (% of total merchandise imports)",TM.VAL.MRCH.RS.ZS,5.18449750953285
Costa Rica,CRI,1985,"Merchandise imports by the reporting economy, residual (% of total merchandise imports)",TM.VAL.MRCH.RS.ZS,11.6260641017928
Costa Rica,CRI,1984,"Merchandise imports by the reporting economy, residual (% of total merchandise imports)",TM.VAL.MRCH.RS.ZS,8.84290902283435
Costa Rica,CRI,1983,"Merchandise imports by the reporting economy, residual (% of total merchandise imports)",TM.VAL.MRCH.RS.ZS,7.73660608417171
Costa Rica,CRI,1982,"Merchandise imports by the reporting economy, residual (% of total merchandise imports)",TM.VAL.MRCH.RS.ZS,12.3900092532586
Costa Rica,CRI,1981,"Merchandise imports by the reporting economy, residual (% of total merchandise imports)",TM.VAL.MRCH.RS.ZS,7.85002409474138
Costa Rica,CRI,1980,"Merchandise imports by the reporting economy, residual (% of total merchandise imports)",TM.VAL.MRCH.RS.ZS,5.97872472275663
Costa Rica,CRI,1979,"Merchandise imports by the reporting economy, residual (% of total merchandise imports)",TM.VAL.MRCH.RS.ZS,4.19886038397317
Costa Rica,CRI,1978,"Merchandise imports by the reporting economy, residual (% of total merchandise imports)",TM.VAL.MRCH.RS.ZS,1.04479528881236
Costa Rica,CRI,1977,"Merchandise imports by the reporting economy, residual (% of total merchandise imports)",TM.VAL.MRCH.RS.ZS,3.75944699583682
Costa Rica,CRI,1976,"Merchandise imports by the reporting economy, residual (% of total merchandise imports)",TM.VAL.MRCH.RS.ZS,6.30818717824913
Costa Rica,CRI,1975,"Merchandise imports by the reporting economy, residual (% of total merchandise imports)",TM.VAL.MRCH.RS.ZS,8.78079425622616
Costa Rica,CRI,1974,"Merchandise imports by the reporting economy, residual (% of total merchandise imports)",TM.VAL.MRCH.RS.ZS,7.79436080724936
Costa Rica,CRI,1973,"Merchandise imports by the reporting economy, residual (% of total merchandise imports)",TM.VAL.MRCH.RS.ZS,5.19778468458053
Costa Rica,CRI,1972,"Merchandise imports by the reporting economy, residual (% of total merchandise imports)",TM.VAL.MRCH.RS.ZS,3.47094901344509
Costa Rica,CRI,1971,"Merchandise imports by the reporting economy, residual (% of total merchandise imports)",TM.VAL.MRCH.RS.ZS,2.77827520307184
Costa Rica,CRI,1970,"Merchandise imports by the reporting economy, residual (% of total merchandise imports)",TM.VAL.MRCH.RS.ZS,2.49441318000163
Costa Rica,CRI,1969,"Merchandise imports by the reporting economy, residual (% of total merchandise imports)",TM.VAL.MRCH.RS.ZS,2.7807184401321
Costa Rica,CRI,1968,"Merchandise imports by the reporting economy, residual (% of total merchandise imports)",TM.VAL.MRCH.RS.ZS,2.99372283920811
Costa Rica,CRI,1967,"Merchandise imports by the reporting economy, residual (% of total merchandise imports)",TM.VAL.MRCH.RS.ZS,1.74291938997821
Costa Rica,CRI,1966,"Merchandise imports by the reporting economy, residual (% of total merchandise imports)",TM.VAL.MRCH.RS.ZS,1.34424313267095
Costa Rica,CRI,1965,"Merchandise imports by the reporting economy, residual (% of total merchandise imports)",TM.VAL.MRCH.RS.ZS,1.25074449076831
Costa Rica,CRI,1964,"Merchandise imports by the reporting economy, residual (% of total merchandise imports)",TM.VAL.MRCH.RS.ZS,1.74506828528074
Costa Rica,CRI,1963,"Merchandise imports by the reporting economy, residual (% of total merchandise imports)",TM.VAL.MRCH.RS.ZS,1.87393526405451
Costa Rica,CRI,1962,"Merchandise imports by the reporting economy, residual (% of total merchandise imports)",TM.VAL.MRCH.RS.ZS,1.98487712665406
Costa Rica,CRI,1961,"Merchandise imports by the reporting economy, residual (% of total merchandise imports)",TM.VAL.MRCH.RS.ZS,1.39581256231306
Costa Rica,CRI,1960,"Merchandise imports by the reporting economy, residual (% of total merchandise imports)",TM.VAL.MRCH.RS.ZS,1.71102661596958
Costa Rica,CRI,2023,Merchandise imports by the reporting economy (current US$),TM.VAL.MRCH.WL.CD,22456147776
Costa Rica,CRI,2022,Merchandise imports by the reporting economy (current US$),TM.VAL.MRCH.WL.CD,21345194402
Costa Rica,CRI,2021,Merchandise imports by the reporting economy (current US$),TM.VAL.MRCH.WL.CD,18094685055
Costa Rica,CRI,2020,Merchandise imports by the reporting economy (current US$),TM.VAL.MRCH.WL.CD,13845586166
Costa Rica,CRI,2019,Merchandise imports by the reporting economy (current US$),TM.VAL.MRCH.WL.CD,15594801760
Costa Rica,CRI,2018,Merchandise imports by the reporting economy (current US$),TM.VAL.MRCH.WL.CD,16288621638
Costa Rica,CRI,2017,Merchandise imports by the reporting economy (current US$),TM.VAL.MRCH.WL.CD,15424026532
Costa Rica,CRI,2016,Merchandise imports by the reporting economy (current US$),TM.VAL.MRCH.WL.CD,14888883540
Costa Rica,CRI,2015,Merchandise imports by the reporting economy (current US$),TM.VAL.MRCH.WL.CD,15147750930
Costa Rica,CRI,2014,Merchandise imports by the reporting economy (current US$),TM.VAL.MRCH.WL.CD,16717517412
Costa Rica,CRI,2013,Merchandise imports by the reporting economy (current US$),TM.VAL.MRCH.WL.CD,18121748979
Costa Rica,CRI,2012,Merchandise imports by the reporting economy (current US$),TM.VAL.MRCH.WL.CD,17195245249
Costa Rica,CRI,2011,Merchandise imports by the reporting economy (current US$),TM.VAL.MRCH.WL.CD,15866219765
Costa Rica,CRI,2010,Merchandise imports by the reporting economy (current US$),TM.VAL.MRCH.WL.CD,13259134693
Costa Rica,CRI,2009,Merchandise imports by the reporting economy (current US$),TM.VAL.MRCH.WL.CD,10775036672
Costa Rica,CRI,2008,Merchandise imports by the reporting economy (current US$),TM.VAL.MRCH.WL.CD,15009420853
Costa Rica,CRI,2007,Merchandise imports by the reporting economy (current US$),TM.VAL.MRCH.WL.CD,12738406638
Costa Rica,CRI,2006,Merchandise imports by the reporting economy (current US$),TM.VAL.MRCH.WL.CD,11388379070
Costa Rica,CRI,2005,Merchandise imports by the reporting economy (current US$),TM.VAL.MRCH.WL.CD,9685810183
Costa Rica,CRI,2004,Merchandise imports by the reporting economy (current US$),TM.VAL.MRCH.WL.CD,8154807583
Costa Rica,CRI,2003,Merchandise imports by the reporting economy (current US$),TM.VAL.MRCH.WL.CD,7559068177
Costa Rica,CRI,2002,Merchandise imports by the reporting economy (current US$),TM.VAL.MRCH.WL.CD,4646092186
Costa Rica,CRI,2001,Merchandise imports by the reporting economy (current US$),TM.VAL.MRCH.WL.CD,4167760996
Costa Rica,CRI,2000,Merchandise imports by the reporting economy (current US$),TM.VAL.MRCH.WL.CD,4156453805
Costa Rica,CRI,1999,Merchandise imports by the reporting economy (current US$),TM.VAL.MRCH.WL.CD,4057454821.19
Costa Rica,CRI,1998,Merchandise imports by the reporting economy (current US$),TM.VAL.MRCH.WL.CD,4245367682.61
Costa Rica,CRI,1997,Merchandise imports by the reporting economy (current US$),TM.VAL.MRCH.WL.CD,3726962547.59
Costa Rica,CRI,1996,Merchandise imports by the reporting economy (current US$),TM.VAL.MRCH.WL.CD,3526789794
Costa Rica,CRI,1995,Merchandise imports by the reporting economy (current US$),TM.VAL.MRCH.WL.CD,3167709392
Costa Rica,CRI,1994,Merchandise imports by the reporting economy (current US$),TM.VAL.MRCH.WL.CD,2987097704
Costa Rica,CRI,1993,Merchandise imports by the reporting economy (current US$),TM.VAL.MRCH.WL.CD,3070288989.54963
Costa Rica,CRI,1992,Merchandise imports by the reporting economy (current US$),TM.VAL.MRCH.WL.CD,2756005000
Costa Rica,CRI,1991,Merchandise imports by the reporting economy (current US$),TM.VAL.MRCH.WL.CD,1822915900
Costa Rica,CRI,1990,Merchandise imports by the reporting economy (current US$),TM.VAL.MRCH.WL.CD,1994055400
Costa Rica,CRI,1989,Merchandise imports by the reporting economy (current US$),TM.VAL.MRCH.WL.CD,1705297900
Costa Rica,CRI,1988,Merchandise imports by the reporting economy (current US$),TM.VAL.MRCH.WL.CD,1387485612.28051
Costa Rica,CRI,1987,Merchandise imports by the reporting economy (current US$),TM.VAL.MRCH.WL.CD,1356614000
Costa Rica,CRI,1986,Merchandise imports by the reporting economy (current US$),TM.VAL.MRCH.WL.CD,1123484000
Costa Rica,CRI,1985,Merchandise imports by the reporting economy (current US$),TM.VAL.MRCH.WL.CD,1063808000
Costa Rica,CRI,1984,Merchandise imports by the reporting economy (current US$),TM.VAL.MRCH.WL.CD,1057661000
Costa Rica,CRI,1983,Merchandise imports by the reporting economy (current US$),TM.VAL.MRCH.WL.CD,936134000
Costa Rica,CRI,1982,Merchandise imports by the reporting economy (current US$),TM.VAL.MRCH.WL.CD,865641000
Costa Rica,CRI,1981,Merchandise imports by the reporting economy (current US$),TM.VAL.MRCH.WL.CD,1172455000
Costa Rica,CRI,1980,Merchandise imports by the reporting economy (current US$),TM.VAL.MRCH.WL.CD,1420052000
Costa Rica,CRI,1979,Merchandise imports by the reporting economy (current US$),TM.VAL.MRCH.WL.CD,1263057000
Costa Rica,CRI,1978,Merchandise imports by the reporting economy (current US$),TM.VAL.MRCH.WL.CD,1051115000
Costa Rica,CRI,1977,Merchandise imports by the reporting economy (current US$),TM.VAL.MRCH.WL.CD,945671000
Costa Rica,CRI,1976,Merchandise imports by the reporting economy (current US$),TM.VAL.MRCH.WL.CD,735235000
Costa Rica,CRI,1975,Merchandise imports by the reporting economy (current US$),TM.VAL.MRCH.WL.CD,668550000
Costa Rica,CRI,1974,Merchandise imports by the reporting economy (current US$),TM.VAL.MRCH.WL.CD,692475000
Costa Rica,CRI,1973,Merchandise imports by the reporting economy (current US$),TM.VAL.MRCH.WL.CD,441111000
Costa Rica,CRI,1972,Merchandise imports by the reporting economy (current US$),TM.VAL.MRCH.WL.CD,366528000
Costa Rica,CRI,1971,Merchandise imports by the reporting economy (current US$),TM.VAL.MRCH.WL.CD,340643000
Costa Rica,CRI,1970,Merchandise imports by the reporting economy (current US$),TM.VAL.MRCH.WL.CD,306525000
Costa Rica,CRI,1969,Merchandise imports by the reporting economy (current US$),TM.VAL.MRCH.WL.CD,237097000
Costa Rica,CRI,1968,Merchandise imports by the reporting economy (current US$),TM.VAL.MRCH.WL.CD,207100000
Costa Rica,CRI,1967,Merchandise imports by the reporting economy (current US$),TM.VAL.MRCH.WL.CD,183600000
Costa Rica,CRI,1966,Merchandise imports by the reporting economy (current US$),TM.VAL.MRCH.WL.CD,171100000
Costa Rica,CRI,1965,Merchandise imports by the reporting economy (current US$),TM.VAL.MRCH.WL.CD,167900000
Costa Rica,CRI,1964,Merchandise imports by the reporting economy (current US$),TM.VAL.MRCH.WL.CD,131800000
Costa Rica,CRI,1963,Merchandise imports by the reporting economy (current US$),TM.VAL.MRCH.WL.CD,117400000
Costa Rica,CRI,1962,Merchandise imports by the reporting economy (current US$),TM.VAL.MRCH.WL.CD,105800000
Costa Rica,CRI,1961,Merchandise imports by the reporting economy (current US$),TM.VAL.MRCH.WL.CD,100300000
Costa Rica,CRI,1960,Merchandise imports by the reporting economy (current US$),TM.VAL.MRCH.WL.CD,105200000
Costa Rica,CRI,2023,Merchandise imports from low- and middle-income economies within region (% of total merchandise imports),TM.VAL.MRCH.WR.ZS,18.4474897133844
Costa Rica,CRI,2022,Merchandise imports from low- and middle-income economies within region (% of total merchandise imports),TM.VAL.MRCH.WR.ZS,17.9499096182558
Costa Rica,CRI,2021,Merchandise imports from low- and middle-income economies within region (% of total merchandise imports),TM.VAL.MRCH.WR.ZS,18.2655682204688
Costa Rica,CRI,2020,Merchandise imports from low- and middle-income economies within region (% of total merchandise imports),TM.VAL.MRCH.WR.ZS,19.292941562558
Costa Rica,CRI,2019,Merchandise imports from low- and middle-income economies within region (% of total merchandise imports),TM.VAL.MRCH.WR.ZS,18.7646399937308
Costa Rica,CRI,2018,Merchandise imports from low- and middle-income economies within region (% of total merchandise imports),TM.VAL.MRCH.WR.ZS,18.4379730571774
Costa Rica,CRI,2017,Merchandise imports from low- and middle-income economies within region (% of total merchandise imports),TM.VAL.MRCH.WR.ZS,19.0636030280397
Costa Rica,CRI,2016,Merchandise imports from low- and middle-income economies within region (% of total merchandise imports),TM.VAL.MRCH.WR.ZS,18.841912709326
Costa Rica,CRI,2015,Merchandise imports from low- and middle-income economies within region (% of total merchandise imports),TM.VAL.MRCH.WR.ZS,18.6414996262419
Costa Rica,CRI,2014,Merchandise imports from low- and middle-income economies within region (% of total merchandise imports),TM.VAL.MRCH.WR.ZS,17.2889533461788
Costa Rica,CRI,2013,Merchandise imports from low- and middle-income economies within region (% of total merchandise imports),TM.VAL.MRCH.WR.ZS,17.4904205530768
Costa Rica,CRI,2012,Merchandise imports from low- and middle-income economies within region (% of total merchandise imports),TM.VAL.MRCH.WR.ZS,17.5454151209356
Costa Rica,CRI,2011,Merchandise imports from low- and middle-income economies within region (% of total merchandise imports),TM.VAL.MRCH.WR.ZS,18.5108769984316
Costa Rica,CRI,2010,Merchandise imports from low- and middle-income economies within region (% of total merchandise imports),TM.VAL.MRCH.WR.ZS,19.3864830059917
Costa Rica,CRI,2009,Merchandise imports from low- and middle-income economies within region (% of total merchandise imports),TM.VAL.MRCH.WR.ZS,19.1518116347809
Costa Rica,CRI,2008,Merchandise imports from low- and middle-income economies within region (% of total merchandise imports),TM.VAL.MRCH.WR.ZS,17.8354110409592
Costa Rica,CRI,2007,Merchandise imports from low- and middle-income economies within region (% of total merchandise imports),TM.VAL.MRCH.WR.ZS,17.4803869689436
Costa Rica,CRI,2006,Merchandise imports from low- and middle-income economies within region (% of total merchandise imports),TM.VAL.MRCH.WR.ZS,16.1408742341767
Costa Rica,CRI,2005,Merchandise imports from low- and middle-income economies within region (% of total merchandise imports),TM.VAL.MRCH.WR.ZS,17.3523307420364
Costa Rica,CRI,2004,Merchandise imports from low- and middle-income economies within region (% of total merchandise imports),TM.VAL.MRCH.WR.ZS,18.4924399337602
Costa Rica,CRI,2003,Merchandise imports from low- and middle-income economies within region (% of total merchandise imports),TM.VAL.MRCH.WR.ZS,16.2756658253646
Costa Rica,CRI,2002,Merchandise imports from low- and middle-income economies within region (% of total merchandise imports),TM.VAL.MRCH.WR.ZS,22.4053506113535
Costa Rica,CRI,2001,Merchandise imports from low- and middle-income economies within region (% of total merchandise imports),TM.VAL.MRCH.WR.ZS,22.9153988656407
Costa Rica,CRI,2000,Merchandise imports from low- and middle-income economies within region (% of total merchandise imports),TM.VAL.MRCH.WR.ZS,23.0258106044318
Costa Rica,CRI,1999,Merchandise imports from low- and middle-income economies within region (% of total merchandise imports),TM.VAL.MRCH.WR.ZS,22.2812132802714
Costa Rica,CRI,1998,Merchandise imports from low- and middle-income economies within region (% of total merchandise imports),TM.VAL.MRCH.WR.ZS,21.0462716944388
Costa Rica,CRI,1997,Merchandise imports from low- and middle-income economies within region (% of total merchandise imports),TM.VAL.MRCH.WR.ZS,22.5297315690217
Costa Rica,CRI,1996,Merchandise imports from low- and middle-income economies within region (% of total merchandise imports),TM.VAL.MRCH.WR.ZS,21.11347864471
Costa Rica,CRI,1995,Merchandise imports from low- and middle-income economies within region (% of total merchandise imports),TM.VAL.MRCH.WR.ZS,20.9993811515649
Costa Rica,CRI,1994,Merchandise imports from low- and middle-income economies within region (% of total merchandise imports),TM.VAL.MRCH.WR.ZS,21.0405363091531
Costa Rica,CRI,1993,Merchandise imports from low- and middle-income economies within region (% of total merchandise imports),TM.VAL.MRCH.WR.ZS,18.5410738445556
Costa Rica,CRI,1992,Merchandise imports from low- and middle-income economies within region (% of total merchandise imports),TM.VAL.MRCH.WR.ZS,19.2331653970149
Costa Rica,CRI,1991,Merchandise imports from low- and middle-income economies within region (% of total merchandise imports),TM.VAL.MRCH.WR.ZS,20.4364227664041
Costa Rica,CRI,1990,Merchandise imports from low- and middle-income economies within region (% of total merchandise imports),TM.VAL.MRCH.WR.ZS,17.3383598068539
Costa Rica,CRI,1989,Merchandise imports from low- and middle-income economies within region (% of total merchandise imports),TM.VAL.MRCH.WR.ZS,20.108773956738
Costa Rica,CRI,1988,Merchandise imports from low- and middle-income economies within region (% of total merchandise imports),TM.VAL.MRCH.WR.ZS,21.5207997371026
Costa Rica,CRI,1987,Merchandise imports from low- and middle-income economies within region (% of total merchandise imports),TM.VAL.MRCH.WR.ZS,20.2004402136496
Costa Rica,CRI,1986,Merchandise imports from low- and middle-income economies within region (% of total merchandise imports),TM.VAL.MRCH.WR.ZS,20.3412776683958
Costa Rica,CRI,1985,Merchandise imports from low- and middle-income economies within region (% of total merchandise imports),TM.VAL.MRCH.WR.ZS,18.2318613885212
Costa Rica,CRI,1984,Merchandise imports from low- and middle-income economies within region (% of total merchandise imports),TM.VAL.MRCH.WR.ZS,22.1767655231686
Costa Rica,CRI,1983,Merchandise imports from low- and middle-income economies within region (% of total merchandise imports),TM.VAL.MRCH.WR.ZS,25.2868713239771
Costa Rica,CRI,1982,Merchandise imports from low- and middle-income economies within region (% of total merchandise imports),TM.VAL.MRCH.WR.ZS,24.9821808347802
Costa Rica,CRI,1981,Merchandise imports from low- and middle-income economies within region (% of total merchandise imports),TM.VAL.MRCH.WR.ZS,25.3864753871151
Costa Rica,CRI,1980,Merchandise imports from low- and middle-income economies within region (% of total merchandise imports),TM.VAL.MRCH.WR.ZS,23.8039874596142
Costa Rica,CRI,1979,Merchandise imports from low- and middle-income economies within region (% of total merchandise imports),TM.VAL.MRCH.WR.ZS,23.6207075373479
Costa Rica,CRI,1978,Merchandise imports from low- and middle-income economies within region (% of total merchandise imports),TM.VAL.MRCH.WR.ZS,26.2809492776718
Costa Rica,CRI,1977,Merchandise imports from low- and middle-income economies within region (% of total merchandise imports),TM.VAL.MRCH.WR.ZS,22.8689470228018
Costa Rica,CRI,1976,Merchandise imports from low- and middle-income economies within region (% of total merchandise imports),TM.VAL.MRCH.WR.ZS,22.8416764707883
Costa Rica,CRI,1975,Merchandise imports from low- and middle-income economies within region (% of total merchandise imports),TM.VAL.MRCH.WR.ZS,23.1167451948246
Costa Rica,CRI,1974,Merchandise imports from low- and middle-income economies within region (% of total merchandise imports),TM.VAL.MRCH.WR.ZS,22.2953897252608
Costa Rica,CRI,1973,Merchandise imports from low- and middle-income economies within region (% of total merchandise imports),TM.VAL.MRCH.WR.ZS,24.4183436822024
Costa Rica,CRI,1972,Merchandise imports from low- and middle-income economies within region (% of total merchandise imports),TM.VAL.MRCH.WR.ZS,25.5704884756417
Costa Rica,CRI,1971,Merchandise imports from low- and middle-income economies within region (% of total merchandise imports),TM.VAL.MRCH.WR.ZS,25.5631262054409
Costa Rica,CRI,1970,Merchandise imports from low- and middle-income economies within region (% of total merchandise imports),TM.VAL.MRCH.WR.ZS,26.0618220373542
Costa Rica,CRI,1969,Merchandise imports from low- and middle-income economies within region (% of total merchandise imports),TM.VAL.MRCH.WR.ZS,24.6038541187784
Costa Rica,CRI,1968,Merchandise imports from low- and middle-income economies within region (% of total merchandise imports),TM.VAL.MRCH.WR.ZS,26.9917914051183
Costa Rica,CRI,1967,Merchandise imports from low- and middle-income economies within region (% of total merchandise imports),TM.VAL.MRCH.WR.ZS,21.7864923747277
Costa Rica,CRI,1966,Merchandise imports from low- and middle-income economies within region (% of total merchandise imports),TM.VAL.MRCH.WR.ZS,17.2413793103448
Costa Rica,CRI,1965,Merchandise imports from low- and middle-income economies within region (% of total merchandise imports),TM.VAL.MRCH.WR.ZS,12.7456819535438
Costa Rica,CRI,1964,Merchandise imports from low- and middle-income economies within region (% of total merchandise imports),TM.VAL.MRCH.WR.ZS,8.80121396054628
Costa Rica,CRI,1963,Merchandise imports from low- and middle-income economies within region (% of total merchandise imports),TM.VAL.MRCH.WR.ZS,5.87734241908007
Costa Rica,CRI,1962,Merchandise imports from low- and middle-income economies within region (% of total merchandise imports),TM.VAL.MRCH.WR.ZS,5.6710775047259
Costa Rica,CRI,1961,Merchandise imports from low- and middle-income economies within region (% of total merchandise imports),TM.VAL.MRCH.WR.ZS,6.1814556331007
Costa Rica,CRI,1960,Merchandise imports from low- and middle-income economies within region (% of total merchandise imports),TM.VAL.MRCH.WR.ZS,6.08365019011407
Costa Rica,CRI,2023,Import value index (2015 = 100),TM.VAL.MRCH.XD.WD,147.7
Costa Rica,CRI,2022,Import value index (2015 = 100),TM.VAL.MRCH.XD.WD,139.4
Costa Rica,CRI,2021,Import value index (2015 = 100),TM.VAL.MRCH.XD.WD,127.4
Costa Rica,CRI,2020,Import value index (2015 = 100),TM.VAL.MRCH.XD.WD,91.8
Costa Rica,CRI,2019,Import value index (2015 = 100),TM.VAL.MRCH.XD.WD,108
Costa Rica,CRI,2018,Import value index (2015 = 100),TM.VAL.MRCH.XD.WD,112.4
Costa Rica,CRI,2017,Import value index (2015 = 100),TM.VAL.MRCH.XD.WD,103.2
Costa Rica,CRI,2016,Import value index (2015 = 100),TM.VAL.MRCH.XD.WD,95
Costa Rica,CRI,2015,Import value index (2015 = 100),TM.VAL.MRCH.XD.WD,100
Costa Rica,CRI,2014,Import value index (2015 = 100),TM.VAL.MRCH.XD.WD,107.6
Costa Rica,CRI,2013,Import value index (2015 = 100),TM.VAL.MRCH.XD.WD,111.4
Costa Rica,CRI,2012,Import value index (2015 = 100),TM.VAL.MRCH.XD.WD,108.1
Costa Rica,CRI,2011,Import value index (2015 = 100),TM.VAL.MRCH.XD.WD,99.7
Costa Rica,CRI,2010,Import value index (2015 = 100),TM.VAL.MRCH.XD.WD,83.4
Costa Rica,CRI,2009,Import value index (2015 = 100),TM.VAL.MRCH.XD.WD,70
Costa Rica,CRI,2008,Import value index (2015 = 100),TM.VAL.MRCH.XD.WD,94.5
Costa Rica,CRI,2007,Import value index (2015 = 100),TM.VAL.MRCH.XD.WD,79.6
Costa Rica,CRI,2006,Import value index (2015 = 100),TM.VAL.MRCH.XD.WD,71
Costa Rica,CRI,2005,Import value index (2015 = 100),TM.VAL.MRCH.XD.WD,60.4
Costa Rica,CRI,2004,Import value index (2015 = 100),TM.VAL.MRCH.XD.WD,50.8073887367
Costa Rica,CRI,2003,Import value index (2015 = 100),TM.VAL.MRCH.XD.WD,47.0896250329
Costa Rica,CRI,2002,Import value index (2015 = 100),TM.VAL.MRCH.XD.WD,44.1707196532
Costa Rica,CRI,2001,Import value index (2015 = 100),TM.VAL.MRCH.XD.WD,40.3669250832
Costa Rica,CRI,2000,Import value index (2015 = 100),TM.VAL.MRCH.XD.WD,39.2577410295
Costa Rica,CRI,1999,Import value index (2015 = 100),TM.VAL.MRCH.XD.WD,39.0494233599
Costa Rica,CRI,1998,Import value index (2015 = 100),TM.VAL.MRCH.XD.WD,38.3372104507
Costa Rica,CRI,1997,Import value index (2015 = 100),TM.VAL.MRCH.XD.WD,30.5385097949
Costa Rica,CRI,1996,Import value index (2015 = 100),TM.VAL.MRCH.XD.WD,26.5872336749
Costa Rica,CRI,1995,Import value index (2015 = 100),TM.VAL.MRCH.XD.WD,25.1333115449
Costa Rica,CRI,1994,Import value index (2015 = 100),TM.VAL.MRCH.XD.WD,23.2805747662
Costa Rica,CRI,1993,Import value index (2015 = 100),TM.VAL.MRCH.XD.WD,21.6005142841
Costa Rica,CRI,1992,Import value index (2015 = 100),TM.VAL.MRCH.XD.WD,14.9982575785
Costa Rica,CRI,1991,Import value index (2015 = 100),TM.VAL.MRCH.XD.WD,11.531827005
Costa Rica,CRI,1990,Import value index (2015 = 100),TM.VAL.MRCH.XD.WD,12.226833737
Costa Rica,CRI,1989,Import value index (2015 = 100),TM.VAL.MRCH.XD.WD,10.5535328255
Costa Rica,CRI,1988,Import value index (2015 = 100),TM.VAL.MRCH.XD.WD,8.6633111539
Costa Rica,CRI,1987,Import value index (2015 = 100),TM.VAL.MRCH.XD.WD,8.4955509078
Costa Rica,CRI,1986,Import value index (2015 = 100),TM.VAL.MRCH.XD.WD,7.0514608791
Costa Rica,CRI,1985,Import value index (2015 = 100),TM.VAL.MRCH.XD.WD,6.7485092292
Costa Rica,CRI,1984,Import value index (2015 = 100),TM.VAL.MRCH.XD.WD,6.7208564376
Costa Rica,CRI,1983,Import value index (2015 = 100),TM.VAL.MRCH.XD.WD,6.070094169
Costa Rica,CRI,1982,Import value index (2015 = 100),TM.VAL.MRCH.XD.WD,5.4629618506
Costa Rica,CRI,1981,Import value index (2015 = 100),TM.VAL.MRCH.XD.WD,7.4263097801
Costa Rica,CRI,1980,Import value index (2015 = 100),TM.VAL.MRCH.XD.WD,9.465856506
Costa Rica,CRI,2024,"Computer, communications and other services (% of commercial service imports)",TM.VAL.OTHR.ZS.WT,39.2050395780702
Costa Rica,CRI,2023,"Computer, communications and other services (% of commercial service imports)",TM.VAL.OTHR.ZS.WT,37.7347283740342
Costa Rica,CRI,2022,"Computer, communications and other services (% of commercial service imports)",TM.VAL.OTHR.ZS.WT,39.7389254842554
Costa Rica,CRI,2021,"Computer, communications and other services (% of commercial service imports)",TM.VAL.OTHR.ZS.WT,39.4900369656222
Costa Rica,CRI,2020,"Computer, communications and other services (% of commercial service imports)",TM.VAL.OTHR.ZS.WT,54.017621198949
Costa Rica,CRI,2019,"Computer, communications and other services (% of commercial service imports)",TM.VAL.OTHR.ZS.WT,35.238228592407
Costa Rica,CRI,2018,"Computer, communications and other services (% of commercial service imports)",TM.VAL.OTHR.ZS.WT,39.0997248520242
Costa Rica,CRI,2017,"Computer, communications and other services (% of commercial service imports)",TM.VAL.OTHR.ZS.WT,33.0778834183374
Costa Rica,CRI,2016,"Computer, communications and other services (% of commercial service imports)",TM.VAL.OTHR.ZS.WT,33.3988613016084
Costa Rica,CRI,2015,"Computer, communications and other services (% of commercial service imports)",TM.VAL.OTHR.ZS.WT,32.0695582534744
Costa Rica,CRI,2014,"Computer, communications and other services (% of commercial service imports)",TM.VAL.OTHR.ZS.WT,30.4411609551283
Costa Rica,CRI,2013,"Computer, communications and other services (% of commercial service imports)",TM.VAL.OTHR.ZS.WT,27.0786644484028
Costa Rica,CRI,2012,"Computer, communications and other services (% of commercial service imports)",TM.VAL.OTHR.ZS.WT,26.2391988711748
Costa Rica,CRI,2011,"Computer, communications and other services (% of commercial service imports)",TM.VAL.OTHR.ZS.WT,24.6937658657026
Costa Rica,CRI,2010,"Computer, communications and other services (% of commercial service imports)",TM.VAL.OTHR.ZS.WT,25.2048262122814
Costa Rica,CRI,2009,"Computer, communications and other services (% of commercial service imports)",TM.VAL.OTHR.ZS.WT,23.3030508192633
Costa Rica,CRI,2008,"Computer, communications and other services (% of commercial service imports)",TM.VAL.OTHR.ZS.WT,18.5301361106734
Costa Rica,CRI,2007,"Computer, communications and other services (% of commercial service imports)",TM.VAL.OTHR.ZS.WT,15.4090353331713
Costa Rica,CRI,2006,"Computer, communications and other services (% of commercial service imports)",TM.VAL.OTHR.ZS.WT,18.0204301123373
Costa Rica,CRI,2005,"Computer, communications and other services (% of commercial service imports)",TM.VAL.OTHR.ZS.WT,16.3689158986674
Costa Rica,CRI,2004,"Computer, communications and other services (% of commercial service imports)",TM.VAL.OTHR.ZS.WT,20.137140802575
Costa Rica,CRI,2003,"Computer, communications and other services (% of commercial service imports)",TM.VAL.OTHR.ZS.WT,22.1164100847806
Costa Rica,CRI,2002,"Computer, communications and other services (% of commercial service imports)",TM.VAL.OTHR.ZS.WT,24.2281840867525
Costa Rica,CRI,2001,"Computer, communications and other services (% of commercial service imports)",TM.VAL.OTHR.ZS.WT,22.6930429143663
Costa Rica,CRI,2000,"Computer, communications and other services (% of commercial service imports)",TM.VAL.OTHR.ZS.WT,18.6966755513145
Costa Rica,CRI,1999,"Computer, communications and other services (% of commercial service imports)",TM.VAL.OTHR.ZS.WT,18.1687096205006
Costa Rica,CRI,1998,"Computer, communications and other services (% of commercial service imports)",TM.VAL.OTHR.ZS.WT,22.2399898814686
Costa Rica,CRI,1997,"Computer, communications and other services (% of commercial service imports)",TM.VAL.OTHR.ZS.WT,22.3740062500636
Costa Rica,CRI,1996,"Computer, communications and other services (% of commercial service imports)",TM.VAL.OTHR.ZS.WT,23.8778488389176
Costa Rica,CRI,1995,"Computer, communications and other services (% of commercial service imports)",TM.VAL.OTHR.ZS.WT,17.993355956102
Costa Rica,CRI,1994,"Computer, communications and other services (% of commercial service imports)",TM.VAL.OTHR.ZS.WT,16.0458791533641
Costa Rica,CRI,1993,"Computer, communications and other services (% of commercial service imports)",TM.VAL.OTHR.ZS.WT,17.3847883102285
Costa Rica,CRI,1992,"Computer, communications and other services (% of commercial service imports)",TM.VAL.OTHR.ZS.WT,21.8267581475129
Costa Rica,CRI,1991,"Computer, communications and other services (% of commercial service imports)",TM.VAL.OTHR.ZS.WT,25.4778287461774
Costa Rica,CRI,1990,"Computer, communications and other services (% of commercial service imports)",TM.VAL.OTHR.ZS.WT,23.9814814814815
Costa Rica,CRI,1989,"Computer, communications and other services (% of commercial service imports)",TM.VAL.OTHR.ZS.WT,28.0543933054393
Costa Rica,CRI,1988,"Computer, communications and other services (% of commercial service imports)",TM.VAL.OTHR.ZS.WT,35.1611351611351
Costa Rica,CRI,1987,"Computer, communications and other services (% of commercial service imports)",TM.VAL.OTHR.ZS.WT,28.3468692690595
Costa Rica,CRI,1986,"Computer, communications and other services (% of commercial service imports)",TM.VAL.OTHR.ZS.WT,20.9341397849462
Costa Rica,CRI,1985,"Computer, communications and other services (% of commercial service imports)",TM.VAL.OTHR.ZS.WT,20.9589538685071
Costa Rica,CRI,1984,"Computer, communications and other services (% of commercial service imports)",TM.VAL.OTHR.ZS.WT,20.3681942812378
Costa Rica,CRI,1983,"Computer, communications and other services (% of commercial service imports)",TM.VAL.OTHR.ZS.WT,21.2535154680595
Costa Rica,CRI,1982,"Computer, communications and other services (% of commercial service imports)",TM.VAL.OTHR.ZS.WT,22.5286380992787
Costa Rica,CRI,1981,"Computer, communications and other services (% of commercial service imports)",TM.VAL.OTHR.ZS.WT,12.3648330982605
Costa Rica,CRI,1980,"Computer, communications and other services (% of commercial service imports)",TM.VAL.OTHR.ZS.WT,12.1255349500713
Costa Rica,CRI,1979,"Computer, communications and other services (% of commercial service imports)",TM.VAL.OTHR.ZS.WT,12.0199692780338
Costa Rica,CRI,1978,"Computer, communications and other services (% of commercial service imports)",TM.VAL.OTHR.ZS.WT,11.1111111111111
Costa Rica,CRI,1977,"Computer, communications and other services (% of commercial service imports)",TM.VAL.OTHR.ZS.WT,11.0264227642276
Costa Rica,CRI,2024,Commercial service imports (current US$),TM.VAL.SERV.CD.WT,7255536448.602
Costa Rica,CRI,2023,Commercial service imports (current US$),TM.VAL.SERV.CD.WT,6347225478.06992
Costa Rica,CRI,2022,Commercial service imports (current US$),TM.VAL.SERV.CD.WT,5763553762.54965
Costa Rica,CRI,2021,Commercial service imports (current US$),TM.VAL.SERV.CD.WT,4257591369.35438
Costa Rica,CRI,2020,Commercial service imports (current US$),TM.VAL.SERV.CD.WT,3408736701.06183
Costa Rica,CRI,2019,Commercial service imports (current US$),TM.VAL.SERV.CD.WT,4562113528.64881
Costa Rica,CRI,2018,Commercial service imports (current US$),TM.VAL.SERV.CD.WT,4190457982.70476
Costa Rica,CRI,2017,Commercial service imports (current US$),TM.VAL.SERV.CD.WT,3824345373.51519
Costa Rica,CRI,2016,Commercial service imports (current US$),TM.VAL.SERV.CD.WT,3412341776.51657
Costa Rica,CRI,2015,Commercial service imports (current US$),TM.VAL.SERV.CD.WT,3067472811.35202
Costa Rica,CRI,2014,Commercial service imports (current US$),TM.VAL.SERV.CD.WT,2549027013.40268
Costa Rica,CRI,2013,Commercial service imports (current US$),TM.VAL.SERV.CD.WT,2371193933.79256
Costa Rica,CRI,2012,Commercial service imports (current US$),TM.VAL.SERV.CD.WT,2200115501.55398
Costa Rica,CRI,2011,Commercial service imports (current US$),TM.VAL.SERV.CD.WT,1919768683.99635
Costa Rica,CRI,2010,Commercial service imports (current US$),TM.VAL.SERV.CD.WT,1868796249.89805
Costa Rica,CRI,2009,Commercial service imports (current US$),TM.VAL.SERV.CD.WT,1456366628.87524
Costa Rica,CRI,2008,Commercial service imports (current US$),TM.VAL.SERV.CD.WT,1848674522.56546
Costa Rica,CRI,2007,Commercial service imports (current US$),TM.VAL.SERV.CD.WT,1919850593.0469
Costa Rica,CRI,2006,Commercial service imports (current US$),TM.VAL.SERV.CD.WT,1652359739.89985
Costa Rica,CRI,2005,Commercial service imports (current US$),TM.VAL.SERV.CD.WT,1498596194.99237
Costa Rica,CRI,2004,Commercial service imports (current US$),TM.VAL.SERV.CD.WT,1413188158.25669
Costa Rica,CRI,2003,Commercial service imports (current US$),TM.VAL.SERV.CD.WT,1269731090.34971
Costa Rica,CRI,2002,Commercial service imports (current US$),TM.VAL.SERV.CD.WT,1164195609.06485
Costa Rica,CRI,2001,Commercial service imports (current US$),TM.VAL.SERV.CD.WT,1168485602.89912
Costa Rica,CRI,2000,Commercial service imports (current US$),TM.VAL.SERV.CD.WT,1329610240.80567
Costa Rica,CRI,1999,Commercial service imports (current US$),TM.VAL.SERV.CD.WT,1136129116
Costa Rica,CRI,1998,Commercial service imports (current US$),TM.VAL.SERV.CD.WT,1106880000
Costa Rica,CRI,1997,Commercial service imports (current US$),TM.VAL.SERV.CD.WT,982390000
Costa Rica,CRI,1996,Commercial service imports (current US$),TM.VAL.SERV.CD.WT,1021030000
Costa Rica,CRI,1995,Commercial service imports (current US$),TM.VAL.SERV.CD.WT,896442000
Costa Rica,CRI,1994,Commercial service imports (current US$),TM.VAL.SERV.CD.WT,845700000
Costa Rica,CRI,1993,Commercial service imports (current US$),TM.VAL.SERV.CD.WT,800700000
Costa Rica,CRI,1992,Commercial service imports (current US$),TM.VAL.SERV.CD.WT,699600000
Costa Rica,CRI,1991,Commercial service imports (current US$),TM.VAL.SERV.CD.WT,523200000
Costa Rica,CRI,1990,Commercial service imports (current US$),TM.VAL.SERV.CD.WT,540000000
Costa Rica,CRI,1989,Commercial service imports (current US$),TM.VAL.SERV.CD.WT,478000000
Costa Rica,CRI,1988,Commercial service imports (current US$),TM.VAL.SERV.CD.WT,415800000
Costa Rica,CRI,1987,Commercial service imports (current US$),TM.VAL.SERV.CD.WT,381700000
Costa Rica,CRI,1986,Commercial service imports (current US$),TM.VAL.SERV.CD.WT,297600000
Costa Rica,CRI,1985,Commercial service imports (current US$),TM.VAL.SERV.CD.WT,275300000
Costa Rica,CRI,1984,Commercial service imports (current US$),TM.VAL.SERV.CD.WT,255300000
Costa Rica,CRI,1983,Commercial service imports (current US$),TM.VAL.SERV.CD.WT,248900000
Costa Rica,CRI,1982,Commercial service imports (current US$),TM.VAL.SERV.CD.WT,235700000
Costa Rica,CRI,1981,Commercial service imports (current US$),TM.VAL.SERV.CD.WT,212700000
Costa Rica,CRI,1980,Commercial service imports (current US$),TM.VAL.SERV.CD.WT,280400000
Costa Rica,CRI,1979,Commercial service imports (current US$),TM.VAL.SERV.CD.WT,260400000
Costa Rica,CRI,1978,Commercial service imports (current US$),TM.VAL.SERV.CD.WT,225900000
Costa Rica,CRI,1977,Commercial service imports (current US$),TM.VAL.SERV.CD.WT,196800000
Costa Rica,CRI,2024,Transport services (% of commercial service imports),TM.VAL.TRAN.ZS.WT,23.4435100565892
Costa Rica,CRI,2023,Transport services (% of commercial service imports),TM.VAL.TRAN.ZS.WT,23.9055404865747
Costa Rica,CRI,2022,Transport services (% of commercial service imports),TM.VAL.TRAN.ZS.WT,27.6359876840523
Costa Rica,CRI,2021,Transport services (% of commercial service imports),TM.VAL.TRAN.ZS.WT,35.1409547848459
Costa Rica,CRI,2020,Transport services (% of commercial service imports),TM.VAL.TRAN.ZS.WT,23.7517164771038
Costa Rica,CRI,2019,Transport services (% of commercial service imports),TM.VAL.TRAN.ZS.WT,30.8969880169718
Costa Rica,CRI,2018,Transport services (% of commercial service imports),TM.VAL.TRAN.ZS.WT,30.7761740879468
Costa Rica,CRI,2017,Transport services (% of commercial service imports),TM.VAL.TRAN.ZS.WT,29.2587249376761
Costa Rica,CRI,2016,Transport services (% of commercial service imports),TM.VAL.TRAN.ZS.WT,31.5904401805377
Costa Rica,CRI,2015,Transport services (% of commercial service imports),TM.VAL.TRAN.ZS.WT,32.8804071145203
Costa Rica,CRI,2014,Transport services (% of commercial service imports),TM.VAL.TRAN.ZS.WT,37.7443803677798
Costa Rica,CRI,2013,Transport services (% of commercial service imports),TM.VAL.TRAN.ZS.WT,42.3071547106035
Costa Rica,CRI,2012,Transport services (% of commercial service imports),TM.VAL.TRAN.ZS.WT,44.5955456159727
Costa Rica,CRI,2011,Transport services (% of commercial service imports),TM.VAL.TRAN.ZS.WT,43.9955121835156
Costa Rica,CRI,2010,Transport services (% of commercial service imports),TM.VAL.TRAN.ZS.WT,41.7040375658452
Costa Rica,CRI,2009,Transport services (% of commercial service imports),TM.VAL.TRAN.ZS.WT,38.2972761978262
Costa Rica,CRI,2008,Transport services (% of commercial service imports),TM.VAL.TRAN.ZS.WT,36.0440561539055
Costa Rica,CRI,2007,Transport services (% of commercial service imports),TM.VAL.TRAN.ZS.WT,38.7857301201632
Costa Rica,CRI,2006,Transport services (% of commercial service imports),TM.VAL.TRAN.ZS.WT,38.2471401181215
Costa Rica,CRI,2005,Transport services (% of commercial service imports),TM.VAL.TRAN.ZS.WT,40.0211732566939
Costa Rica,CRI,2004,Transport services (% of commercial service imports),TM.VAL.TRAN.ZS.WT,40.9323628960327
Costa Rica,CRI,2003,Transport services (% of commercial service imports),TM.VAL.TRAN.ZS.WT,40.4945712650044
Costa Rica,CRI,2002,Transport services (% of commercial service imports),TM.VAL.TRAN.ZS.WT,35.0719081290726
Costa Rica,CRI,2001,Transport services (% of commercial service imports),TM.VAL.TRAN.ZS.WT,32.4785052806406
Costa Rica,CRI,2000,Transport services (% of commercial service imports),TM.VAL.TRAN.ZS.WT,28.313365986188
Costa Rica,CRI,1999,Transport services (% of commercial service imports),TM.VAL.TRAN.ZS.WT,38.6976004582916
Costa Rica,CRI,1998,Transport services (% of commercial service imports),TM.VAL.TRAN.ZS.WT,37.5650477016479
Costa Rica,CRI,1997,Transport services (% of commercial service imports),TM.VAL.TRAN.ZS.WT,38.0297030710817
Costa Rica,CRI,1996,Transport services (% of commercial service imports),TM.VAL.TRAN.ZS.WT,39.1771054719254
Costa Rica,CRI,1995,Transport services (% of commercial service imports),TM.VAL.TRAN.ZS.WT,41.3793641975722
Costa Rica,CRI,1994,Transport services (% of commercial service imports),TM.VAL.TRAN.ZS.WT,41.7050963698711
Costa Rica,CRI,1993,Transport services (% of commercial service imports),TM.VAL.TRAN.ZS.WT,42.5003122268016
Costa Rica,CRI,1992,Transport services (% of commercial service imports),TM.VAL.TRAN.ZS.WT,39.5511720983419
Costa Rica,CRI,1991,Transport services (% of commercial service imports),TM.VAL.TRAN.ZS.WT,42.6987767584098
Costa Rica,CRI,1990,Transport services (% of commercial service imports),TM.VAL.TRAN.ZS.WT,41.2037037037037
Costa Rica,CRI,1989,Transport services (% of commercial service imports),TM.VAL.TRAN.ZS.WT,40.2510460251046
Costa Rica,CRI,1988,Transport services (% of commercial service imports),TM.VAL.TRAN.ZS.WT,38.961038961039
Costa Rica,CRI,1987,Transport services (% of commercial service imports),TM.VAL.TRAN.ZS.WT,44.2756091171077
Costa Rica,CRI,1986,Transport services (% of commercial service imports),TM.VAL.TRAN.ZS.WT,48.0174731182796
Costa Rica,CRI,1985,Transport services (% of commercial service imports),TM.VAL.TRAN.ZS.WT,49.8728659644025
Costa Rica,CRI,1984,Transport services (% of commercial service imports),TM.VAL.TRAN.ZS.WT,49.7062279670975
Costa Rica,CRI,1983,Transport services (% of commercial service imports),TM.VAL.TRAN.ZS.WT,50.7030936118923
Costa Rica,CRI,1982,Transport services (% of commercial service imports),TM.VAL.TRAN.ZS.WT,52.651675859143
Costa Rica,CRI,1981,Transport services (% of commercial service imports),TM.VAL.TRAN.ZS.WT,56.6525622943112
Costa Rica,CRI,1980,Transport services (% of commercial service imports),TM.VAL.TRAN.ZS.WT,59.4507845934379
Costa Rica,CRI,1979,Transport services (% of commercial service imports),TM.VAL.TRAN.ZS.WT,56.0675883256528
Costa Rica,CRI,1978,Transport services (% of commercial service imports),TM.VAL.TRAN.ZS.WT,53.9176626826029
Costa Rica,CRI,1977,Transport services (% of commercial service imports),TM.VAL.TRAN.ZS.WT,54.9288617886179
Costa Rica,CRI,2024,Travel services (% of commercial service imports),TM.VAL.TRVL.ZS.WT,26.1866712309038
Costa Rica,CRI,2023,Travel services (% of commercial service imports),TM.VAL.TRVL.ZS.WT,26.4037592207594
Costa Rica,CRI,2022,Travel services (% of commercial service imports),TM.VAL.TRVL.ZS.WT,21.1494209127923
Costa Rica,CRI,2021,Travel services (% of commercial service imports),TM.VAL.TRVL.ZS.WT,13.2973090069571
Costa Rica,CRI,2020,Travel services (% of commercial service imports),TM.VAL.TRVL.ZS.WT,7.13995543200858
Costa Rica,CRI,2019,Travel services (% of commercial service imports),TM.VAL.TRVL.ZS.WT,22.7030702609362
Costa Rica,CRI,2018,Travel services (% of commercial service imports),TM.VAL.TRVL.ZS.WT,19.9933488953121
Costa Rica,CRI,2017,Travel services (% of commercial service imports),TM.VAL.TRVL.ZS.WT,27.2952394324799
Costa Rica,CRI,2016,Travel services (% of commercial service imports),TM.VAL.TRVL.ZS.WT,23.5294748672493
Costa Rica,CRI,2015,Travel services (% of commercial service imports),TM.VAL.TRVL.ZS.WT,22.498871292585
Costa Rica,CRI,2014,Travel services (% of commercial service imports),TM.VAL.TRVL.ZS.WT,17.6562081194988
Costa Rica,CRI,2013,Travel services (% of commercial service imports),TM.VAL.TRVL.ZS.WT,17.9161137620525
Costa Rica,CRI,2012,Travel services (% of commercial service imports),TM.VAL.TRVL.ZS.WT,19.1830466608808
Costa Rica,CRI,2011,Travel services (% of commercial service imports),TM.VAL.TRVL.ZS.WT,20.8385424583896
Costa Rica,CRI,2010,Travel services (% of commercial service imports),TM.VAL.TRVL.ZS.WT,22.3675440867862
Costa Rica,CRI,2009,Travel services (% of commercial service imports),TM.VAL.TRVL.ZS.WT,24.9344108402286
Costa Rica,CRI,2008,Travel services (% of commercial service imports),TM.VAL.TRVL.ZS.WT,31.7140880891803
Costa Rica,CRI,2007,Travel services (% of commercial service imports),TM.VAL.TRVL.ZS.WT,32.5741734754345
Costa Rica,CRI,2006,Travel services (% of commercial service imports),TM.VAL.TRVL.ZS.WT,28.986116311922
Costa Rica,CRI,2005,Travel services (% of commercial service imports),TM.VAL.TRVL.ZS.WT,30.9206799788618
Costa Rica,CRI,2004,Travel services (% of commercial service imports),TM.VAL.TRVL.ZS.WT,28.3421844393143
Costa Rica,CRI,2003,Travel services (% of commercial service imports),TM.VAL.TRVL.ZS.WT,27.4572956886951
Costa Rica,CRI,2002,Travel services (% of commercial service imports),TM.VAL.TRVL.ZS.WT,29.2481358708299
Costa Rica,CRI,2001,Travel services (% of commercial service imports),TM.VAL.TRVL.ZS.WT,30.7788954552745
Costa Rica,CRI,2000,Travel services (% of commercial service imports),TM.VAL.TRVL.ZS.WT,36.0287440462231
Costa Rica,CRI,1999,Travel services (% of commercial service imports),TM.VAL.TRVL.ZS.WT,39.3520413924503
Costa Rica,CRI,1998,Travel services (% of commercial service imports),TM.VAL.TRVL.ZS.WT,36.9425773344897
Costa Rica,CRI,1997,Travel services (% of commercial service imports),TM.VAL.TRVL.ZS.WT,35.4207595761358
Costa Rica,CRI,1996,Travel services (% of commercial service imports),TM.VAL.TRVL.ZS.WT,32.9099047040733
Costa Rica,CRI,1995,Travel services (% of commercial service imports),TM.VAL.TRVL.ZS.WT,36.0090223349642
Costa Rica,CRI,1994,Travel services (% of commercial service imports),TM.VAL.TRVL.ZS.WT,35.8637814827953
Costa Rica,CRI,1993,Travel services (% of commercial service imports),TM.VAL.TRVL.ZS.WT,33.6830273510678
Costa Rica,CRI,1992,Travel services (% of commercial service imports),TM.VAL.TRVL.ZS.WT,32.4899942824471
Costa Rica,CRI,1991,Travel services (% of commercial service imports),TM.VAL.TRVL.ZS.WT,29.4724770642202
Costa Rica,CRI,1990,Travel services (% of commercial service imports),TM.VAL.TRVL.ZS.WT,28.7962962962963
Costa Rica,CRI,1989,Travel services (% of commercial service imports),TM.VAL.TRVL.ZS.WT,24.9581589958159
Costa Rica,CRI,1988,Travel services (% of commercial service imports),TM.VAL.TRVL.ZS.WT,18.3261183261183
Costa Rica,CRI,1987,Travel services (% of commercial service imports),TM.VAL.TRVL.ZS.WT,20.1991092481006
Costa Rica,CRI,1986,Travel services (% of commercial service imports),TM.VAL.TRVL.ZS.WT,22.4126344086022
Costa Rica,CRI,1985,Travel services (% of commercial service imports),TM.VAL.TRVL.ZS.WT,21.0679258990193
Costa Rica,CRI,1984,Travel services (% of commercial service imports),TM.VAL.TRVL.ZS.WT,21.4257735996866
Costa Rica,CRI,1983,Travel services (% of commercial service imports),TM.VAL.TRVL.ZS.WT,21.0124548011249
Costa Rica,CRI,1982,Travel services (% of commercial service imports),TM.VAL.TRVL.ZS.WT,18.6253712346203
Costa Rica,CRI,1981,Travel services (% of commercial service imports),TM.VAL.TRVL.ZS.WT,22.8020686412788
Costa Rica,CRI,1980,Travel services (% of commercial service imports),TM.VAL.TRVL.ZS.WT,21.5406562054208
Costa Rica,CRI,1979,Travel services (% of commercial service imports),TM.VAL.TRVL.ZS.WT,24.347158218126
Costa Rica,CRI,1978,Travel services (% of commercial service imports),TM.VAL.TRVL.ZS.WT,27.2687029659141
Costa Rica,CRI,1977,Travel services (% of commercial service imports),TM.VAL.TRVL.ZS.WT,26.1178861788618
Costa Rica,CRI,2023,Net barter terms of trade index (2015 = 100),TT.PRI.MRCH.XD.WD,89.6
Costa Rica,CRI,2022,Net barter terms of trade index (2015 = 100),TT.PRI.MRCH.XD.WD,87.8
Costa Rica,CRI,2021,Net barter terms of trade index (2015 = 100),TT.PRI.MRCH.XD.WD,97.3
Costa Rica,CRI,2020,Net barter terms of trade index (2015 = 100),TT.PRI.MRCH.XD.WD,100.9
Costa Rica,CRI,2019,Net barter terms of trade index (2015 = 100),TT.PRI.MRCH.XD.WD,98.6
Costa Rica,CRI,2018,Net barter terms of trade index (2015 = 100),TT.PRI.MRCH.XD.WD,98.8
Costa Rica,CRI,2017,Net barter terms of trade index (2015 = 100),TT.PRI.MRCH.XD.WD,100.6
Costa Rica,CRI,2016,Net barter terms of trade index (2015 = 100),TT.PRI.MRCH.XD.WD,103.3
Costa Rica,CRI,2015,Net barter terms of trade index (2015 = 100),TT.PRI.MRCH.XD.WD,100
Costa Rica,CRI,2014,Net barter terms of trade index (2015 = 100),TT.PRI.MRCH.XD.WD,93
Costa Rica,CRI,2013,Net barter terms of trade index (2015 = 100),TT.PRI.MRCH.XD.WD,90.7
Costa Rica,CRI,2012,Net barter terms of trade index (2015 = 100),TT.PRI.MRCH.XD.WD,91.7
Costa Rica,CRI,2011,Net barter terms of trade index (2015 = 100),TT.PRI.MRCH.XD.WD,91.7
Costa Rica,CRI,2010,Net barter terms of trade index (2015 = 100),TT.PRI.MRCH.XD.WD,94
Costa Rica,CRI,2009,Net barter terms of trade index (2015 = 100),TT.PRI.MRCH.XD.WD,94
Costa Rica,CRI,2008,Net barter terms of trade index (2015 = 100),TT.PRI.MRCH.XD.WD,86.5
Costa Rica,CRI,2007,Net barter terms of trade index (2015 = 100),TT.PRI.MRCH.XD.WD,89.2
Costa Rica,CRI,2006,Net barter terms of trade index (2015 = 100),TT.PRI.MRCH.XD.WD,92.3
Costa Rica,CRI,2005,Net barter terms of trade index (2015 = 100),TT.PRI.MRCH.XD.WD,95.4
Costa Rica,CRI,2004,Net barter terms of trade index (2015 = 100),TT.PRI.MRCH.XD.WD,98.8197172894
Costa Rica,CRI,2003,Net barter terms of trade index (2015 = 100),TT.PRI.MRCH.XD.WD,101.4563448802
Costa Rica,CRI,2002,Net barter terms of trade index (2015 = 100),TT.PRI.MRCH.XD.WD,102.8294170718
Costa Rica,CRI,2001,Net barter terms of trade index (2015 = 100),TT.PRI.MRCH.XD.WD,103.9058460805
Costa Rica,CRI,2000,Net barter terms of trade index (2015 = 100),TT.PRI.MRCH.XD.WD,105.9182822044
Costa Rica,CRI,1999,Net barter terms of trade index (2015 = 100),TT.PRI.MRCH.XD.WD,104.0135420845
Costa Rica,CRI,1998,Net barter terms of trade index (2015 = 100),TT.PRI.MRCH.XD.WD,127.4897815258
Costa Rica,CRI,1997,Net barter terms of trade index (2015 = 100),TT.PRI.MRCH.XD.WD,115.7860170355
Costa Rica,CRI,1996,Net barter terms of trade index (2015 = 100),TT.PRI.MRCH.XD.WD,110.9057664077
Costa Rica,CRI,1995,Net barter terms of trade index (2015 = 100),TT.PRI.MRCH.XD.WD,113.1693864774
Costa Rica,CRI,1994,Net barter terms of trade index (2015 = 100),TT.PRI.MRCH.XD.WD,103.8208904774
Costa Rica,CRI,1993,Net barter terms of trade index (2015 = 100),TT.PRI.MRCH.XD.WD,93.0497058621
Costa Rica,CRI,1992,Net barter terms of trade index (2015 = 100),TT.PRI.MRCH.XD.WD,89.0901439074
Costa Rica,CRI,1991,Net barter terms of trade index (2015 = 100),TT.PRI.MRCH.XD.WD,84.3423358298
Costa Rica,CRI,1990,Net barter terms of trade index (2015 = 100),TT.PRI.MRCH.XD.WD,79.4387116533
Costa Rica,CRI,1989,Net barter terms of trade index (2015 = 100),TT.PRI.MRCH.XD.WD,90.4932896463
Costa Rica,CRI,1988,Net barter terms of trade index (2015 = 100),TT.PRI.MRCH.XD.WD,97.2718918163
Costa Rica,CRI,1987,Net barter terms of trade index (2015 = 100),TT.PRI.MRCH.XD.WD,98.0307505516
Costa Rica,CRI,1986,Net barter terms of trade index (2015 = 100),TT.PRI.MRCH.XD.WD,119.15806748
Costa Rica,CRI,1985,Net barter terms of trade index (2015 = 100),TT.PRI.MRCH.XD.WD,88.9713570517
Costa Rica,CRI,1984,Net barter terms of trade index (2015 = 100),TT.PRI.MRCH.XD.WD,86.8529914076
Costa Rica,CRI,1983,Net barter terms of trade index (2015 = 100),TT.PRI.MRCH.XD.WD,77.9398680368
Costa Rica,CRI,1982,Net barter terms of trade index (2015 = 100),TT.PRI.MRCH.XD.WD,78.4579868138
Costa Rica,CRI,1981,Net barter terms of trade index (2015 = 100),TT.PRI.MRCH.XD.WD,77.7983842702
Costa Rica,CRI,1980,Net barter terms of trade index (2015 = 100),TT.PRI.MRCH.XD.WD,86.1884061079
Costa Rica,CRI,2022,Medium and high-tech exports (% manufactured exports),TX.MNF.TECH.ZS.UN,54.1012596731741
Costa Rica,CRI,2021,Medium and high-tech exports (% manufactured exports),TX.MNF.TECH.ZS.UN,55.3754992125765
Costa Rica,CRI,2020,Medium and high-tech exports (% manufactured exports),TX.MNF.TECH.ZS.UN,56.8522923647361
Costa Rica,CRI,2019,Medium and high-tech exports (% manufactured exports),TX.MNF.TECH.ZS.UN,54.2093001113991
Costa Rica,CRI,2018,Medium and high-tech exports (% manufactured exports),TX.MNF.TECH.ZS.UN,51.0312298135893
Costa Rica,CRI,2017,Medium and high-tech exports (% manufactured exports),TX.MNF.TECH.ZS.UN,48.4614119012259
Costa Rica,CRI,2016,Medium and high-tech exports (% manufactured exports),TX.MNF.TECH.ZS.UN,49.9144487584946
Costa Rica,CRI,2015,Medium and high-tech exports (% manufactured exports),TX.MNF.TECH.ZS.UN,50.6370840385212
Costa Rica,CRI,2014,Medium and high-tech exports (% manufactured exports),TX.MNF.TECH.ZS.UN,61.0319352919098
Costa Rica,CRI,2013,Medium and high-tech exports (% manufactured exports),TX.MNF.TECH.ZS.UN,62.4703290924981
Costa Rica,CRI,2012,Medium and high-tech exports (% manufactured exports),TX.MNF.TECH.ZS.UN,59.5804574794991
Costa Rica,CRI,2011,Medium and high-tech exports (% manufactured exports),TX.MNF.TECH.ZS.UN,58.7678766346265
Costa Rica,CRI,2010,Medium and high-tech exports (% manufactured exports),TX.MNF.TECH.ZS.UN,58.9444468669465
Costa Rica,CRI,2009,Medium and high-tech exports (% manufactured exports),TX.MNF.TECH.ZS.UN,61.7522914657104
Costa Rica,CRI,2008,Medium and high-tech exports (% manufactured exports),TX.MNF.TECH.ZS.UN,60.6751950879618
Costa Rica,CRI,2007,Medium and high-tech exports (% manufactured exports),TX.MNF.TECH.ZS.UN,66.8748310897645
Costa Rica,CRI,2006,Medium and high-tech exports (% manufactured exports),TX.MNF.TECH.ZS.UN,69.1352535866951
Costa Rica,CRI,2005,Medium and high-tech exports (% manufactured exports),TX.MNF.TECH.ZS.UN,60.2394762146699
Costa Rica,CRI,2004,Medium and high-tech exports (% manufactured exports),TX.MNF.TECH.ZS.UN,62.3616394513929
Costa Rica,CRI,2003,Medium and high-tech exports (% manufactured exports),TX.MNF.TECH.ZS.UN,66.695919220116
Costa Rica,CRI,2002,Medium and high-tech exports (% manufactured exports),TX.MNF.TECH.ZS.UN,59.646112895953
Costa Rica,CRI,2001,Medium and high-tech exports (% manufactured exports),TX.MNF.TECH.ZS.UN,59.0211080810767
Costa Rica,CRI,2000,Medium and high-tech exports (% manufactured exports),TX.MNF.TECH.ZS.UN,66.5852679212574
Costa Rica,CRI,1999,Medium and high-tech exports (% manufactured exports),TX.MNF.TECH.ZS.UN,71.0981175768307
Costa Rica,CRI,1998,Medium and high-tech exports (% manufactured exports),TX.MNF.TECH.ZS.UN,54.8226350043499
Costa Rica,CRI,1997,Medium and high-tech exports (% manufactured exports),TX.MNF.TECH.ZS.UN,36.0597919456959
Costa Rica,CRI,1996,Medium and high-tech exports (% manufactured exports),TX.MNF.TECH.ZS.UN,29.4744063993429
Costa Rica,CRI,1995,Medium and high-tech exports (% manufactured exports),TX.MNF.TECH.ZS.UN,28.2445991223925
Costa Rica,CRI,1994,Medium and high-tech exports (% manufactured exports),TX.MNF.TECH.ZS.UN,28.0508509373229
Costa Rica,CRI,1993,Medium and high-tech exports (% manufactured exports),TX.MNF.TECH.ZS.UN,28.0508509373229
Costa Rica,CRI,1992,Medium and high-tech exports (% manufactured exports),TX.MNF.TECH.ZS.UN,28.0508509373229
Costa Rica,CRI,1991,Medium and high-tech exports (% manufactured exports),TX.MNF.TECH.ZS.UN,28.0508509373229
Costa Rica,CRI,1990,Medium and high-tech exports (% manufactured exports),TX.MNF.TECH.ZS.UN,28.0508509373229
Costa Rica,CRI,2023,Export volume index (2015 = 100),TX.QTY.MRCH.XD.WD,179.7
Costa Rica,CRI,2022,Export volume index (2015 = 100),TX.QTY.MRCH.XD.WD,158.5
Costa Rica,CRI,2021,Export volume index (2015 = 100),TX.QTY.MRCH.XD.WD,155.6
Costa Rica,CRI,2020,Export volume index (2015 = 100),TX.QTY.MRCH.XD.WD,126.3
Costa Rica,CRI,2019,Export volume index (2015 = 100),TX.QTY.MRCH.XD.WD,124
Costa Rica,CRI,2018,Export volume index (2015 = 100),TX.QTY.MRCH.XD.WD,120.3
Costa Rica,CRI,2017,Export volume index (2015 = 100),TX.QTY.MRCH.XD.WD,118
Costa Rica,CRI,2016,Export volume index (2015 = 100),TX.QTY.MRCH.XD.WD,111.7
Costa Rica,CRI,2015,Export volume index (2015 = 100),TX.QTY.MRCH.XD.WD,100
Costa Rica,CRI,2014,Export volume index (2015 = 100),TX.QTY.MRCH.XD.WD,119.8
Costa Rica,CRI,2013,Export volume index (2015 = 100),TX.QTY.MRCH.XD.WD,123.1
Costa Rica,CRI,2012,Export volume index (2015 = 100),TX.QTY.MRCH.XD.WD,121
Costa Rica,CRI,2011,Export volume index (2015 = 100),TX.QTY.MRCH.XD.WD,110
Costa Rica,CRI,2010,Export volume index (2015 = 100),TX.QTY.MRCH.XD.WD,104.9
Costa Rica,CRI,2009,Export volume index (2015 = 100),TX.QTY.MRCH.XD.WD,99.1
Costa Rica,CRI,2008,Export volume index (2015 = 100),TX.QTY.MRCH.XD.WD,105.5
Costa Rica,CRI,2007,Export volume index (2015 = 100),TX.QTY.MRCH.XD.WD,111.9
Costa Rica,CRI,2006,Export volume index (2015 = 100),TX.QTY.MRCH.XD.WD,100.3
Costa Rica,CRI,2005,Export volume index (2015 = 100),TX.QTY.MRCH.XD.WD,88.8
Costa Rica,CRI,2004,Export volume index (2015 = 100),TX.QTY.MRCH.XD.WD,82.0997242482
Costa Rica,CRI,2003,Export volume index (2015 = 100),TX.QTY.MRCH.XD.WD,80.3262408439
Costa Rica,CRI,2002,Export volume index (2015 = 100),TX.QTY.MRCH.XD.WD,69.964615168
Costa Rica,CRI,2001,Export volume index (2015 = 100),TX.QTY.MRCH.XD.WD,65.102863757
Costa Rica,CRI,2000,Export volume index (2015 = 100),TX.QTY.MRCH.XD.WD,75.2560215686
Costa Rica,CRI,1999,Export volume index (2015 = 100),TX.QTY.MRCH.XD.WD,91.7375708771
Costa Rica,CRI,1998,Export volume index (2015 = 100),TX.QTY.MRCH.XD.WD,55.8812924023
Costa Rica,CRI,1997,Export volume index (2015 = 100),TX.QTY.MRCH.XD.WD,52.0907790691
Costa Rica,CRI,1996,Export volume index (2015 = 100),TX.QTY.MRCH.XD.WD,46.3028758525
Costa Rica,CRI,1995,Export volume index (2015 = 100),TX.QTY.MRCH.XD.WD,43.960808574
Costa Rica,CRI,1994,Export volume index (2015 = 100),TX.QTY.MRCH.XD.WD,37.4018802791
Costa Rica,CRI,1993,Export volume index (2015 = 100),TX.QTY.MRCH.XD.WD,35.9328637359
Costa Rica,CRI,1992,Export volume index (2015 = 100),TX.QTY.MRCH.XD.WD,26.3130843393
Costa Rica,CRI,1991,Export volume index (2015 = 100),TX.QTY.MRCH.XD.WD,23.9003601605
Costa Rica,CRI,1990,Export volume index (2015 = 100),TX.QTY.MRCH.XD.WD,23.0012366228
Costa Rica,CRI,1989,Export volume index (2015 = 100),TX.QTY.MRCH.XD.WD,20.6803861163
Costa Rica,CRI,1988,Export volume index (2015 = 100),TX.QTY.MRCH.XD.WD,17.8065021508
Costa Rica,CRI,1987,Export volume index (2015 = 100),TX.QTY.MRCH.XD.WD,17.1281108609
Costa Rica,CRI,1986,Export volume index (2015 = 100),TX.QTY.MRCH.XD.WD,14.5607695283
Costa Rica,CRI,1985,Export volume index (2015 = 100),TX.QTY.MRCH.XD.WD,14.9478314836
Costa Rica,CRI,1984,Export volume index (2015 = 100),TX.QTY.MRCH.XD.WD,15.7893567415
Costa Rica,CRI,1983,Export volume index (2015 = 100),TX.QTY.MRCH.XD.WD,14.3922358579
Costa Rica,CRI,1982,Export volume index (2015 = 100),TX.QTY.MRCH.XD.WD,13.9970513848
Costa Rica,CRI,1981,Export volume index (2015 = 100),TX.QTY.MRCH.XD.WD,15.6254733966
Costa Rica,CRI,1980,Export volume index (2015 = 100),TX.QTY.MRCH.XD.WD,15.5262738816
Costa Rica,CRI,2023,Export unit value index (2015 = 100),TX.UVI.MRCH.XD.WD,112.4
Costa Rica,CRI,2022,Export unit value index (2015 = 100),TX.UVI.MRCH.XD.WD,111.1
Costa Rica,CRI,2021,Export unit value index (2015 = 100),TX.UVI.MRCH.XD.WD,105.7
Costa Rica,CRI,2020,Export unit value index (2015 = 100),TX.UVI.MRCH.XD.WD,103.5
Costa Rica,CRI,2019,Export unit value index (2015 = 100),TX.UVI.MRCH.XD.WD,101.6
Costa Rica,CRI,2018,Export unit value index (2015 = 100),TX.UVI.MRCH.XD.WD,101.4
Costa Rica,CRI,2017,Export unit value index (2015 = 100),TX.UVI.MRCH.XD.WD,96.9
Costa Rica,CRI,2016,Export unit value index (2015 = 100),TX.UVI.MRCH.XD.WD,98.5
Costa Rica,CRI,2015,Export unit value index (2015 = 100),TX.UVI.MRCH.XD.WD,100
Costa Rica,CRI,2014,Export unit value index (2015 = 100),TX.UVI.MRCH.XD.WD,99.7
Costa Rica,CRI,2013,Export unit value index (2015 = 100),TX.UVI.MRCH.XD.WD,99
Costa Rica,CRI,2012,Export unit value index (2015 = 100),TX.UVI.MRCH.XD.WD,100.3
Costa Rica,CRI,2011,Export unit value index (2015 = 100),TX.UVI.MRCH.XD.WD,100.4
Costa Rica,CRI,2010,Export unit value index (2015 = 100),TX.UVI.MRCH.XD.WD,95.6
Costa Rica,CRI,2009,Export unit value index (2015 = 100),TX.UVI.MRCH.XD.WD,94
Costa Rica,CRI,2008,Export unit value index (2015 = 100),TX.UVI.MRCH.XD.WD,95.6
Costa Rica,CRI,2007,Export unit value index (2015 = 100),TX.UVI.MRCH.XD.WD,88.6
Costa Rica,CRI,2006,Export unit value index (2015 = 100),TX.UVI.MRCH.XD.WD,86.8
Costa Rica,CRI,2005,Export unit value index (2015 = 100),TX.UVI.MRCH.XD.WD,84
Costa Rica,CRI,2004,Export unit value index (2015 = 100),TX.UVI.MRCH.XD.WD,81.5
Costa Rica,CRI,2003,Export unit value index (2015 = 100),TX.UVI.MRCH.XD.WD,80.6
Costa Rica,CRI,2002,Export unit value index (2015 = 100),TX.UVI.MRCH.XD.WD,79.9
Costa Rica,CRI,2001,Export unit value index (2015 = 100),TX.UVI.MRCH.XD.WD,81.9
Costa Rica,CRI,2000,Export unit value index (2015 = 100),TX.UVI.MRCH.XD.WD,82.5
Costa Rica,CRI,1999,Export unit value index (2015 = 100),TX.UVI.MRCH.XD.WD,77.1
Costa Rica,CRI,1998,Export unit value index (2015 = 100),TX.UVI.MRCH.XD.WD,105
Costa Rica,CRI,1997,Export unit value index (2015 = 100),TX.UVI.MRCH.XD.WD,88.3
Costa Rica,CRI,1996,Export unit value index (2015 = 100),TX.UVI.MRCH.XD.WD,86.2
Costa Rica,CRI,1995,Export unit value index (2015 = 100),TX.UVI.MRCH.XD.WD,83.9
Costa Rica,CRI,1994,Export unit value index (2015 = 100),TX.UVI.MRCH.XD.WD,81.7
Costa Rica,CRI,1993,Export unit value index (2015 = 100),TX.UVI.MRCH.XD.WD,77.6
Costa Rica,CRI,1992,Export unit value index (2015 = 100),TX.UVI.MRCH.XD.WD,74.3
Costa Rica,CRI,1991,Export unit value index (2015 = 100),TX.UVI.MRCH.XD.WD,71
Costa Rica,CRI,1990,Export unit value index (2015 = 100),TX.UVI.MRCH.XD.WD,66.8
Costa Rica,CRI,1989,Export unit value index (2015 = 100),TX.UVI.MRCH.XD.WD,72.6
Costa Rica,CRI,1988,Export unit value index (2015 = 100),TX.UVI.MRCH.XD.WD,74.3
Costa Rica,CRI,1987,Export unit value index (2015 = 100),TX.UVI.MRCH.XD.WD,71.8
Costa Rica,CRI,1986,Export unit value index (2015 = 100),TX.UVI.MRCH.XD.WD,81.7
Costa Rica,CRI,1985,Export unit value index (2015 = 100),TX.UVI.MRCH.XD.WD,69.3
Costa Rica,CRI,1984,Export unit value index (2015 = 100),TX.UVI.MRCH.XD.WD,67.7
Costa Rica,CRI,1983,Export unit value index (2015 = 100),TX.UVI.MRCH.XD.WD,64.4
Costa Rica,CRI,1982,Export unit value index (2015 = 100),TX.UVI.MRCH.XD.WD,66
Costa Rica,CRI,1981,Export unit value index (2015 = 100),TX.UVI.MRCH.XD.WD,68.5
Costa Rica,CRI,1980,Export unit value index (2015 = 100),TX.UVI.MRCH.XD.WD,68.5
Costa Rica,CRI,2023,Agricultural raw materials exports (% of merchandise exports),TX.VAL.AGRI.ZS.UN,1.23696114075763
Costa Rica,CRI,2022,Agricultural raw materials exports (% of merchandise exports),TX.VAL.AGRI.ZS.UN,1.4794386570959
Costa Rica,CRI,2021,Agricultural raw materials exports (% of merchandise exports),TX.VAL.AGRI.ZS.UN,1.68950886646394
Costa Rica,CRI,2020,Agricultural raw materials exports (% of merchandise exports),TX.VAL.AGRI.ZS.UN,1.59028167217556
Costa Rica,CRI,2019,Agricultural raw materials exports (% of merchandise exports),TX.VAL.AGRI.ZS.UN,1.8073658935028
Costa Rica,CRI,2018,Agricultural raw materials exports (% of merchandise exports),TX.VAL.AGRI.ZS.UN,1.89231395920729
Costa Rica,CRI,2017,Agricultural raw materials exports (% of merchandise exports),TX.VAL.AGRI.ZS.UN,2.10408208966107
Costa Rica,CRI,2016,Agricultural raw materials exports (% of merchandise exports),TX.VAL.AGRI.ZS.UN,2.2395665717591
Costa Rica,CRI,2015,Agricultural raw materials exports (% of merchandise exports),TX.VAL.AGRI.ZS.UN,2.53580988192383
Costa Rica,CRI,2014,Agricultural raw materials exports (% of merchandise exports),TX.VAL.AGRI.ZS.UN,2.19694280572345
Costa Rica,CRI,2013,Agricultural raw materials exports (% of merchandise exports),TX.VAL.AGRI.ZS.UN,2.15642853164522
Costa Rica,CRI,2012,Agricultural raw materials exports (% of merchandise exports),TX.VAL.AGRI.ZS.UN,2.38837874658171
Costa Rica,CRI,2011,Agricultural raw materials exports (% of merchandise exports),TX.VAL.AGRI.ZS.UN,2.55350012156459
Costa Rica,CRI,2010,Agricultural raw materials exports (% of merchandise exports),TX.VAL.AGRI.ZS.UN,2.65724842050275
Costa Rica,CRI,2009,Agricultural raw materials exports (% of merchandise exports),TX.VAL.AGRI.ZS.UN,1.93900227144795
Costa Rica,CRI,2008,Agricultural raw materials exports (% of merchandise exports),TX.VAL.AGRI.ZS.UN,2.54512026586132
Costa Rica,CRI,2007,Agricultural raw materials exports (% of merchandise exports),TX.VAL.AGRI.ZS.UN,2.23732042458395
Costa Rica,CRI,2006,Agricultural raw materials exports (% of merchandise exports),TX.VAL.AGRI.ZS.UN,3.09807167944351
Costa Rica,CRI,2005,Agricultural raw materials exports (% of merchandise exports),TX.VAL.AGRI.ZS.UN,2.99597105708273
Costa Rica,CRI,2004,Agricultural raw materials exports (% of merchandise exports),TX.VAL.AGRI.ZS.UN,3.33333971935751
Costa Rica,CRI,2003,Agricultural raw materials exports (% of merchandise exports),TX.VAL.AGRI.ZS.UN,3.07027001119044
Costa Rica,CRI,2002,Agricultural raw materials exports (% of merchandise exports),TX.VAL.AGRI.ZS.UN,3.41247791644975
Costa Rica,CRI,2001,Agricultural raw materials exports (% of merchandise exports),TX.VAL.AGRI.ZS.UN,3.37783292501372
Costa Rica,CRI,2000,Agricultural raw materials exports (% of merchandise exports),TX.VAL.AGRI.ZS.UN,3.00174253835401
Costa Rica,CRI,1999,Agricultural raw materials exports (% of merchandise exports),TX.VAL.AGRI.ZS.UN,2.45613279663803
Costa Rica,CRI,1998,Agricultural raw materials exports (% of merchandise exports),TX.VAL.AGRI.ZS.UN,4.48437124714569
Costa Rica,CRI,1997,Agricultural raw materials exports (% of merchandise exports),TX.VAL.AGRI.ZS.UN,4.79061784367522
Costa Rica,CRI,1996,Agricultural raw materials exports (% of merchandise exports),TX.VAL.AGRI.ZS.UN,6.72300457345656
Costa Rica,CRI,1995,Agricultural raw materials exports (% of merchandise exports),TX.VAL.AGRI.ZS.UN,4.95544076470506
Costa Rica,CRI,1994,Agricultural raw materials exports (% of merchandise exports),TX.VAL.AGRI.ZS.UN,5.17247326414874
Costa Rica,CRI,1987,Agricultural raw materials exports (% of merchandise exports),TX.VAL.AGRI.ZS.UN,3.47338010314752
Costa Rica,CRI,1986,Agricultural raw materials exports (% of merchandise exports),TX.VAL.AGRI.ZS.UN,2.66704349279961
Costa Rica,CRI,1985,Agricultural raw materials exports (% of merchandise exports),TX.VAL.AGRI.ZS.UN,2.45351733071642
Costa Rica,CRI,1984,Agricultural raw materials exports (% of merchandise exports),TX.VAL.AGRI.ZS.UN,1.96844178984701
Costa Rica,CRI,1983,Agricultural raw materials exports (% of merchandise exports),TX.VAL.AGRI.ZS.UN,1.45040286237654
Costa Rica,CRI,1982,Agricultural raw materials exports (% of merchandise exports),TX.VAL.AGRI.ZS.UN,1.26960398402585
Costa Rica,CRI,1981,Agricultural raw materials exports (% of merchandise exports),TX.VAL.AGRI.ZS.UN,0.965854037648655
Costa Rica,CRI,1980,Agricultural raw materials exports (% of merchandise exports),TX.VAL.AGRI.ZS.UN,1.3147584940521
Costa Rica,CRI,1979,Agricultural raw materials exports (% of merchandise exports),TX.VAL.AGRI.ZS.UN,1.09880917030313
Costa Rica,CRI,1978,Agricultural raw materials exports (% of merchandise exports),TX.VAL.AGRI.ZS.UN,1.97157475816284
Costa Rica,CRI,1977,Agricultural raw materials exports (% of merchandise exports),TX.VAL.AGRI.ZS.UN,1.1371965017137
Costa Rica,CRI,1976,Agricultural raw materials exports (% of merchandise exports),TX.VAL.AGRI.ZS.UN,0.877436801478312
Costa Rica,CRI,1975,Agricultural raw materials exports (% of merchandise exports),TX.VAL.AGRI.ZS.UN,0.509826890696655
Costa Rica,CRI,1974,Agricultural raw materials exports (% of merchandise exports),TX.VAL.AGRI.ZS.UN,0.708108657114653
Costa Rica,CRI,1973,Agricultural raw materials exports (% of merchandise exports),TX.VAL.AGRI.ZS.UN,0.782254823197798
Costa Rica,CRI,1972,Agricultural raw materials exports (% of merchandise exports),TX.VAL.AGRI.ZS.UN,0.54334677775384
Costa Rica,CRI,1971,Agricultural raw materials exports (% of merchandise exports),TX.VAL.AGRI.ZS.UN,0.614172499231637
Costa Rica,CRI,1970,Agricultural raw materials exports (% of merchandise exports),TX.VAL.AGRI.ZS.UN,0.817393393153113
Costa Rica,CRI,1969,Agricultural raw materials exports (% of merchandise exports),TX.VAL.AGRI.ZS.UN,1.56878248765521
Costa Rica,CRI,1968,Agricultural raw materials exports (% of merchandise exports),TX.VAL.AGRI.ZS.UN,1.95275114239294
Costa Rica,CRI,1967,Agricultural raw materials exports (% of merchandise exports),TX.VAL.AGRI.ZS.UN,1.8848742896899
Costa Rica,CRI,1966,Agricultural raw materials exports (% of merchandise exports),TX.VAL.AGRI.ZS.UN,2.59865461453812
Costa Rica,CRI,1965,Agricultural raw materials exports (% of merchandise exports),TX.VAL.AGRI.ZS.UN,1.97706490212074
Costa Rica,CRI,2023,Food exports (% of merchandise exports),TX.VAL.FOOD.ZS.UN,32.790841827007
Costa Rica,CRI,2022,Food exports (% of merchandise exports),TX.VAL.FOOD.ZS.UN,35.3738235427798
Costa Rica,CRI,2021,Food exports (% of merchandise exports),TX.VAL.FOOD.ZS.UN,36.525005283115
Costa Rica,CRI,2020,Food exports (% of merchandise exports),TX.VAL.FOOD.ZS.UN,39.8020441547884
Costa Rica,CRI,2019,Food exports (% of merchandise exports),TX.VAL.FOOD.ZS.UN,39.1221437690012
Costa Rica,CRI,2018,Food exports (% of merchandise exports),TX.VAL.FOOD.ZS.UN,41.0945155428867
Costa Rica,CRI,2017,Food exports (% of merchandise exports),TX.VAL.FOOD.ZS.UN,43.2681155492233
Costa Rica,CRI,2016,Food exports (% of merchandise exports),TX.VAL.FOOD.ZS.UN,44.372871109974
Costa Rica,CRI,2015,Food exports (% of merchandise exports),TX.VAL.FOOD.ZS.UN,42.5298939619292
Costa Rica,CRI,2014,Food exports (% of merchandise exports),TX.VAL.FOOD.ZS.UN,37.0070835574141
Costa Rica,CRI,2013,Food exports (% of merchandise exports),TX.VAL.FOOD.ZS.UN,34.3559673964023
Costa Rica,CRI,2012,Food exports (% of merchandise exports),TX.VAL.FOOD.ZS.UN,33.9012706582957
Costa Rica,CRI,2011,Food exports (% of merchandise exports),TX.VAL.FOOD.ZS.UN,35.0565118376281
Costa Rica,CRI,2010,Food exports (% of merchandise exports),TX.VAL.FOOD.ZS.UN,34.617996570225
Costa Rica,CRI,2009,Food exports (% of merchandise exports),TX.VAL.FOOD.ZS.UN,24.6819076408013
Costa Rica,CRI,2008,Food exports (% of merchandise exports),TX.VAL.FOOD.ZS.UN,31.8634066069977
Costa Rica,CRI,2007,Food exports (% of merchandise exports),TX.VAL.FOOD.ZS.UN,29.9979654496159
Costa Rica,CRI,2006,Food exports (% of merchandise exports),TX.VAL.FOOD.ZS.UN,29.5926633094499
Costa Rica,CRI,2005,Food exports (% of merchandise exports),TX.VAL.FOOD.ZS.UN,29.681993557402
Costa Rica,CRI,2004,Food exports (% of merchandise exports),TX.VAL.FOOD.ZS.UN,32.3498973802313
Costa Rica,CRI,2003,Food exports (% of merchandise exports),TX.VAL.FOOD.ZS.UN,30.0970070313689
Costa Rica,CRI,2002,Food exports (% of merchandise exports),TX.VAL.FOOD.ZS.UN,31.2973520437416
Costa Rica,CRI,2001,Food exports (% of merchandise exports),TX.VAL.FOOD.ZS.UN,32.465121882472
Costa Rica,CRI,2000,Food exports (% of merchandise exports),TX.VAL.FOOD.ZS.UN,30.0289782731338
Costa Rica,CRI,1999,Food exports (% of merchandise exports),TX.VAL.FOOD.ZS.UN,28.5875329260356
Costa Rica,CRI,1998,Food exports (% of merchandise exports),TX.VAL.FOOD.ZS.UN,41.4310971296965
Costa Rica,CRI,1997,Food exports (% of merchandise exports),TX.VAL.FOOD.ZS.UN,50.360478745551
Costa Rica,CRI,1996,Food exports (% of merchandise exports),TX.VAL.FOOD.ZS.UN,65.5995180015451
Costa Rica,CRI,1995,Food exports (% of merchandise exports),TX.VAL.FOOD.ZS.UN,63.4318869217932
Costa Rica,CRI,1994,Food exports (% of merchandise exports),TX.VAL.FOOD.ZS.UN,61.1930384532984
Costa Rica,CRI,1987,Food exports (% of merchandise exports),TX.VAL.FOOD.ZS.UN,68.9320747678736
Costa Rica,CRI,1986,Food exports (% of merchandise exports),TX.VAL.FOOD.ZS.UN,73.687687386569
Costa Rica,CRI,1985,Food exports (% of merchandise exports),TX.VAL.FOOD.ZS.UN,71.6460662045555
Costa Rica,CRI,1984,Food exports (% of merchandise exports),TX.VAL.FOOD.ZS.UN,72.011431675498
Costa Rica,CRI,1983,Food exports (% of merchandise exports),TX.VAL.FOOD.ZS.UN,69.2823285142415
Costa Rica,CRI,1982,Food exports (% of merchandise exports),TX.VAL.FOOD.ZS.UN,69.3094279291579
Costa Rica,CRI,1981,Food exports (% of merchandise exports),TX.VAL.FOOD.ZS.UN,65.8519654596211
Costa Rica,CRI,1980,Food exports (% of merchandise exports),TX.VAL.FOOD.ZS.UN,63.697071220781
Costa Rica,CRI,1979,Food exports (% of merchandise exports),TX.VAL.FOOD.ZS.UN,74.2609015468559
Costa Rica,CRI,1978,Food exports (% of merchandise exports),TX.VAL.FOOD.ZS.UN,69.2127338188465
Costa Rica,CRI,1977,Food exports (% of merchandise exports),TX.VAL.FOOD.ZS.UN,74.4050738621892
Costa Rica,CRI,1976,Food exports (% of merchandise exports),TX.VAL.FOOD.ZS.UN,70.3742241453374
Costa Rica,CRI,1975,Food exports (% of merchandise exports),TX.VAL.FOOD.ZS.UN,73.0568343644795
Costa Rica,CRI,1974,Food exports (% of merchandise exports),TX.VAL.FOOD.ZS.UN,72.1801793934885
Costa Rica,CRI,1973,Food exports (% of merchandise exports),TX.VAL.FOOD.ZS.UN,75.7810880815779
Costa Rica,CRI,1972,Food exports (% of merchandise exports),TX.VAL.FOOD.ZS.UN,78.1282608710513
Costa Rica,CRI,1971,Food exports (% of merchandise exports),TX.VAL.FOOD.ZS.UN,75.8028127833438
Costa Rica,CRI,1970,Food exports (% of merchandise exports),TX.VAL.FOOD.ZS.UN,79.0307500862772
Costa Rica,CRI,1969,Food exports (% of merchandise exports),TX.VAL.FOOD.ZS.UN,79.4021508155065
Costa Rica,CRI,1968,Food exports (% of merchandise exports),TX.VAL.FOOD.ZS.UN,78.0513120729198
Costa Rica,CRI,1967,Food exports (% of merchandise exports),TX.VAL.FOOD.ZS.UN,79.4416853267271
Costa Rica,CRI,1966,Food exports (% of merchandise exports),TX.VAL.FOOD.ZS.UN,78.8608272269793
Costa Rica,CRI,1965,Food exports (% of merchandise exports),TX.VAL.FOOD.ZS.UN,82.0341154988912
Costa Rica,CRI,2023,Fuel exports (% of merchandise exports),TX.VAL.FUEL.ZS.UN,0.0548257166859753
Costa Rica,CRI,2022,Fuel exports (% of merchandise exports),TX.VAL.FUEL.ZS.UN,0.0216194838414378
Costa Rica,CRI,2021,Fuel exports (% of merchandise exports),TX.VAL.FUEL.ZS.UN,0.021567003753793
Costa Rica,CRI,2020,Fuel exports (% of merchandise exports),TX.VAL.FUEL.ZS.UN,0.01611262540893
Costa Rica,CRI,2019,Fuel exports (% of merchandise exports),TX.VAL.FUEL.ZS.UN,0.0187875593840616
Costa Rica,CRI,2018,Fuel exports (% of merchandise exports),TX.VAL.FUEL.ZS.UN,0.0326713597930168
Costa Rica,CRI,2017,Fuel exports (% of merchandise exports),TX.VAL.FUEL.ZS.UN,0.0388898631200294
Costa Rica,CRI,2016,Fuel exports (% of merchandise exports),TX.VAL.FUEL.ZS.UN,0.0337693844457477
Costa Rica,CRI,2015,Fuel exports (% of merchandise exports),TX.VAL.FUEL.ZS.UN,0.0382753572012209
Costa Rica,CRI,2014,Fuel exports (% of merchandise exports),TX.VAL.FUEL.ZS.UN,0.0297900558114709
Costa Rica,CRI,2013,Fuel exports (% of merchandise exports),TX.VAL.FUEL.ZS.UN,0.0362385371324239
Costa Rica,CRI,2012,Fuel exports (% of merchandise exports),TX.VAL.FUEL.ZS.UN,0.0421607473129209
Costa Rica,CRI,2011,Fuel exports (% of merchandise exports),TX.VAL.FUEL.ZS.UN,0.325379365626922
Costa Rica,CRI,2010,Fuel exports (% of merchandise exports),TX.VAL.FUEL.ZS.UN,0.563620740553993
Costa Rica,CRI,2009,Fuel exports (% of merchandise exports),TX.VAL.FUEL.ZS.UN,0.564266128388826
Costa Rica,CRI,2008,Fuel exports (% of merchandise exports),TX.VAL.FUEL.ZS.UN,0.843425730823885
Costa Rica,CRI,2007,Fuel exports (% of merchandise exports),TX.VAL.FUEL.ZS.UN,0.575984099270679
Costa Rica,CRI,2006,Fuel exports (% of merchandise exports),TX.VAL.FUEL.ZS.UN,0.609434003968108
Costa Rica,CRI,2005,Fuel exports (% of merchandise exports),TX.VAL.FUEL.ZS.UN,0.487124253138593
Costa Rica,CRI,2004,Fuel exports (% of merchandise exports),TX.VAL.FUEL.ZS.UN,0.074454462175117
Costa Rica,CRI,2003,Fuel exports (% of merchandise exports),TX.VAL.FUEL.ZS.UN,0.486551525474643
Costa Rica,CRI,2002,Fuel exports (% of merchandise exports),TX.VAL.FUEL.ZS.UN,1.01663698993828
Costa Rica,CRI,2001,Fuel exports (% of merchandise exports),TX.VAL.FUEL.ZS.UN,0.845937654798046
Costa Rica,CRI,2000,Fuel exports (% of merchandise exports),TX.VAL.FUEL.ZS.UN,0.616778935676235
Costa Rica,CRI,1999,Fuel exports (% of merchandise exports),TX.VAL.FUEL.ZS.UN,0.365682344031691
Costa Rica,CRI,1998,Fuel exports (% of merchandise exports),TX.VAL.FUEL.ZS.UN,0.387011217942347
Costa Rica,CRI,1997,Fuel exports (% of merchandise exports),TX.VAL.FUEL.ZS.UN,0.453160487759183
Costa Rica,CRI,1996,Fuel exports (% of merchandise exports),TX.VAL.FUEL.ZS.UN,0.863741704236126
Costa Rica,CRI,1995,Fuel exports (% of merchandise exports),TX.VAL.FUEL.ZS.UN,0.774151131794269
Costa Rica,CRI,1994,Fuel exports (% of merchandise exports),TX.VAL.FUEL.ZS.UN,0.578190174550702
Costa Rica,CRI,1987,Fuel exports (% of merchandise exports),TX.VAL.FUEL.ZS.UN,1.05951003779184
Costa Rica,CRI,1986,Fuel exports (% of merchandise exports),TX.VAL.FUEL.ZS.UN,1.35372563978274
Costa Rica,CRI,1985,Fuel exports (% of merchandise exports),TX.VAL.FUEL.ZS.UN,1.80879818198834
Costa Rica,CRI,1984,Fuel exports (% of merchandise exports),TX.VAL.FUEL.ZS.UN,1.90683928576955
Costa Rica,CRI,1983,Fuel exports (% of merchandise exports),TX.VAL.FUEL.ZS.UN,1.74299900972271
Costa Rica,CRI,1982,Fuel exports (% of merchandise exports),TX.VAL.FUEL.ZS.UN,0.913849688965013
Costa Rica,CRI,1981,Fuel exports (% of merchandise exports),TX.VAL.FUEL.ZS.UN,1.24052546486384
Costa Rica,CRI,1980,Fuel exports (% of merchandise exports),TX.VAL.FUEL.ZS.UN,0.600008675329732
Costa Rica,CRI,1979,Fuel exports (% of merchandise exports),TX.VAL.FUEL.ZS.UN,0.087613011344546
Costa Rica,CRI,1978,Fuel exports (% of merchandise exports),TX.VAL.FUEL.ZS.UN,0.102597193425524
Costa Rica,CRI,1977,Fuel exports (% of merchandise exports),TX.VAL.FUEL.ZS.UN,0.0935759462694864
Costa Rica,CRI,1976,Fuel exports (% of merchandise exports),TX.VAL.FUEL.ZS.UN,0.125785501298352
Costa Rica,CRI,1975,Fuel exports (% of merchandise exports),TX.VAL.FUEL.ZS.UN,0.0660866209366301
Costa Rica,CRI,1974,Fuel exports (% of merchandise exports),TX.VAL.FUEL.ZS.UN,0.134296128809464
Costa Rica,CRI,1973,Fuel exports (% of merchandise exports),TX.VAL.FUEL.ZS.UN,0.114732592458888
Costa Rica,CRI,1972,Fuel exports (% of merchandise exports),TX.VAL.FUEL.ZS.UN,0.230851085706643
Costa Rica,CRI,1971,Fuel exports (% of merchandise exports),TX.VAL.FUEL.ZS.UN,0.817667977196678
Costa Rica,CRI,1970,Fuel exports (% of merchandise exports),TX.VAL.FUEL.ZS.UN,0.416617552457436
Costa Rica,CRI,1969,Fuel exports (% of merchandise exports),TX.VAL.FUEL.ZS.UN,0.0840116183205347
Costa Rica,CRI,1968,Fuel exports (% of merchandise exports),TX.VAL.FUEL.ZS.UN,0.166306850123929
Costa Rica,CRI,1967,Fuel exports (% of merchandise exports),TX.VAL.FUEL.ZS.UN,0.0170100796597812
Costa Rica,CRI,1966,Fuel exports (% of merchandise exports),TX.VAL.FUEL.ZS.UN,0.000433181176292784
Costa Rica,CRI,1965,Fuel exports (% of merchandise exports),TX.VAL.FUEL.ZS.UN,0.000983689568462183
Costa Rica,CRI,2021,ICT goods exports (% of total goods exports),TX.VAL.ICTG.ZS.UN,0.83
Costa Rica,CRI,2020,ICT goods exports (% of total goods exports),TX.VAL.ICTG.ZS.UN,0.71
Costa Rica,CRI,2019,ICT goods exports (% of total goods exports),TX.VAL.ICTG.ZS.UN,0.81
Costa Rica,CRI,2018,ICT goods exports (% of total goods exports),TX.VAL.ICTG.ZS.UN,0.89
Costa Rica,CRI,2017,ICT goods exports (% of total goods exports),TX.VAL.ICTG.ZS.UN,0.79
Costa Rica,CRI,2016,ICT goods exports (% of total goods exports),TX.VAL.ICTG.ZS.UN,0.65
Costa Rica,CRI,2015,ICT goods exports (% of total goods exports),TX.VAL.ICTG.ZS.UN,1.7
Costa Rica,CRI,2014,ICT goods exports (% of total goods exports),TX.VAL.ICTG.ZS.UN,16.43
Costa Rica,CRI,2013,ICT goods exports (% of total goods exports),TX.VAL.ICTG.ZS.UN,21.87
Costa Rica,CRI,2012,ICT goods exports (% of total goods exports),TX.VAL.ICTG.ZS.UN,19.45
Costa Rica,CRI,2011,ICT goods exports (% of total goods exports),TX.VAL.ICTG.ZS.UN,19.49
Costa Rica,CRI,2010,ICT goods exports (% of total goods exports),TX.VAL.ICTG.ZS.UN,19.91
Costa Rica,CRI,2009,ICT goods exports (% of total goods exports),TX.VAL.ICTG.ZS.UN,17.67
Costa Rica,CRI,2008,ICT goods exports (% of total goods exports),TX.VAL.ICTG.ZS.UN,22.5
Costa Rica,CRI,2007,ICT goods exports (% of total goods exports),TX.VAL.ICTG.ZS.UN,27.19
Costa Rica,CRI,2006,ICT goods exports (% of total goods exports),TX.VAL.ICTG.ZS.UN,27.97
Costa Rica,CRI,2005,ICT goods exports (% of total goods exports),TX.VAL.ICTG.ZS.UN,23.74
Costa Rica,CRI,2004,ICT goods exports (% of total goods exports),TX.VAL.ICTG.ZS.UN,21.26
Costa Rica,CRI,2003,ICT goods exports (% of total goods exports),TX.VAL.ICTG.ZS.UN,25.77
Costa Rica,CRI,2002,ICT goods exports (% of total goods exports),TX.VAL.ICTG.ZS.UN,19.78
Costa Rica,CRI,2001,ICT goods exports (% of total goods exports),TX.VAL.ICTG.ZS.UN,18.81
Costa Rica,CRI,2000,ICT goods exports (% of total goods exports),TX.VAL.ICTG.ZS.UN,30.29
Costa Rica,CRI,2023,Insurance and financial services (% of commercial service exports),TX.VAL.INSF.ZS.WT,1.10344457381836
Costa Rica,CRI,2022,Insurance and financial services (% of commercial service exports),TX.VAL.INSF.ZS.WT,0.931213325399322
Costa Rica,CRI,2021,Insurance and financial services (% of commercial service exports),TX.VAL.INSF.ZS.WT,1.03331480776608
Costa Rica,CRI,2020,Insurance and financial services (% of commercial service exports),TX.VAL.INSF.ZS.WT,1.16148105365919
Costa Rica,CRI,2019,Insurance and financial services (% of commercial service exports),TX.VAL.INSF.ZS.WT,0.965153071953106
Costa Rica,CRI,2018,Insurance and financial services (% of commercial service exports),TX.VAL.INSF.ZS.WT,1.03118686969669
Costa Rica,CRI,2017,Insurance and financial services (% of commercial service exports),TX.VAL.INSF.ZS.WT,1.05380309592795
Costa Rica,CRI,2016,Insurance and financial services (% of commercial service exports),TX.VAL.INSF.ZS.WT,1.07217148144669
Costa Rica,CRI,2015,Insurance and financial services (% of commercial service exports),TX.VAL.INSF.ZS.WT,0.877448673097236
Costa Rica,CRI,2014,Insurance and financial services (% of commercial service exports),TX.VAL.INSF.ZS.WT,1.24289423662626
Costa Rica,CRI,2013,Insurance and financial services (% of commercial service exports),TX.VAL.INSF.ZS.WT,0.624236014330492
Costa Rica,CRI,2012,Insurance and financial services (% of commercial service exports),TX.VAL.INSF.ZS.WT,0.294401764140907
Costa Rica,CRI,2011,Insurance and financial services (% of commercial service exports),TX.VAL.INSF.ZS.WT,0.307777832996938
Costa Rica,CRI,2010,Insurance and financial services (% of commercial service exports),TX.VAL.INSF.ZS.WT,0.306723752613083
Costa Rica,CRI,2009,Insurance and financial services (% of commercial service exports),TX.VAL.INSF.ZS.WT,0.334013236258854
Costa Rica,CRI,2008,Insurance and financial services (% of commercial service exports),TX.VAL.INSF.ZS.WT,0.35130496829963
Costa Rica,CRI,2007,Insurance and financial services (% of commercial service exports),TX.VAL.INSF.ZS.WT,0.33454979865023
Costa Rica,CRI,2006,Insurance and financial services (% of commercial service exports),TX.VAL.INSF.ZS.WT,0.34720658704221
Costa Rica,CRI,2005,Insurance and financial services (% of commercial service exports),TX.VAL.INSF.ZS.WT,0.37322669273283
Costa Rica,CRI,2004,Insurance and financial services (% of commercial service exports),TX.VAL.INSF.ZS.WT,0.424450504714117
Costa Rica,CRI,2003,Insurance and financial services (% of commercial service exports),TX.VAL.INSF.ZS.WT,0.184783074110006
Costa Rica,CRI,2002,Insurance and financial services (% of commercial service exports),TX.VAL.INSF.ZS.WT,0.207643320832399
Costa Rica,CRI,2001,Insurance and financial services (% of commercial service exports),TX.VAL.INSF.ZS.WT,0.175535071793695
Costa Rica,CRI,2000,Insurance and financial services (% of commercial service exports),TX.VAL.INSF.ZS.WT,0.124743762309403
Costa Rica,CRI,1999,Insurance and financial services (% of commercial service exports),TX.VAL.INSF.ZS.WT,0.25584072934879
Costa Rica,CRI,1998,Insurance and financial services (% of commercial service exports),TX.VAL.INSF.ZS.WT,0.342253392490614
Costa Rica,CRI,1997,Insurance and financial services (% of commercial service exports),TX.VAL.INSF.ZS.WT,0.369575038744617
Costa Rica,CRI,1996,Insurance and financial services (% of commercial service exports),TX.VAL.INSF.ZS.WT,0.157230292525042
Costa Rica,CRI,1995,Insurance and financial services (% of commercial service exports),TX.VAL.INSF.ZS.WT,-0.143871953960975
Costa Rica,CRI,1991,Insurance and financial services (% of commercial service exports),TX.VAL.INSF.ZS.WT,1.47969198248528
Costa Rica,CRI,1984,Insurance and financial services (% of commercial service exports),TX.VAL.INSF.ZS.WT,0.155884645362432
Costa Rica,CRI,1983,Insurance and financial services (% of commercial service exports),TX.VAL.INSF.ZS.WT,1.24952669443393
Costa Rica,CRI,1982,Insurance and financial services (% of commercial service exports),TX.VAL.INSF.ZS.WT,0.728987993138937
Costa Rica,CRI,1981,Insurance and financial services (% of commercial service exports),TX.VAL.INSF.ZS.WT,1.03785103785104
Costa Rica,CRI,1980,Insurance and financial services (% of commercial service exports),TX.VAL.INSF.ZS.WT,0.710382513661202
Costa Rica,CRI,1979,Insurance and financial services (% of commercial service exports),TX.VAL.INSF.ZS.WT,0.949152542372881
Costa Rica,CRI,1978,Insurance and financial services (% of commercial service exports),TX.VAL.INSF.ZS.WT,0.517751479289941
Costa Rica,CRI,1977,Insurance and financial services (% of commercial service exports),TX.VAL.INSF.ZS.WT,0.081366965012205
Costa Rica,CRI,2023,Manufactures exports (% of merchandise exports),TX.VAL.MANF.ZS.UN,64.1694758157214
Costa Rica,CRI,2022,Manufactures exports (% of merchandise exports),TX.VAL.MANF.ZS.UN,61.3960610484525
Costa Rica,CRI,2021,Manufactures exports (% of merchandise exports),TX.VAL.MANF.ZS.UN,59.870102808141
Costa Rica,CRI,2020,Manufactures exports (% of merchandise exports),TX.VAL.MANF.ZS.UN,56.9858119939008
Costa Rica,CRI,2019,Manufactures exports (% of merchandise exports),TX.VAL.MANF.ZS.UN,57.3976586940265
Costa Rica,CRI,2018,Manufactures exports (% of merchandise exports),TX.VAL.MANF.ZS.UN,55.2893945972065
Costa Rica,CRI,2017,Manufactures exports (% of merchandise exports),TX.VAL.MANF.ZS.UN,52.9667797572775
Costa Rica,CRI,2016,Manufactures exports (% of merchandise exports),TX.VAL.MANF.ZS.UN,52.0947477007927
Costa Rica,CRI,2015,Manufactures exports (% of merchandise exports),TX.VAL.MANF.ZS.UN,53.4686900646202
Costa Rica,CRI,2014,Manufactures exports (% of merchandise exports),TX.VAL.MANF.ZS.UN,58.9273332308312
Costa Rica,CRI,2013,Manufactures exports (% of merchandise exports),TX.VAL.MANF.ZS.UN,61.6844918544578
Costa Rica,CRI,2012,Manufactures exports (% of merchandise exports),TX.VAL.MANF.ZS.UN,61.0286278767334
Costa Rica,CRI,2011,Manufactures exports (% of merchandise exports),TX.VAL.MANF.ZS.UN,60.1675269244593
Costa Rica,CRI,2010,Manufactures exports (% of merchandise exports),TX.VAL.MANF.ZS.UN,60.6785639415723
Costa Rica,CRI,2009,Manufactures exports (% of merchandise exports),TX.VAL.MANF.ZS.UN,45.8956121364979
Costa Rica,CRI,2008,Manufactures exports (% of merchandise exports),TX.VAL.MANF.ZS.UN,63.1551693640583
Costa Rica,CRI,2007,Manufactures exports (% of merchandise exports),TX.VAL.MANF.ZS.UN,62.5380724748614
Costa Rica,CRI,2006,Manufactures exports (% of merchandise exports),TX.VAL.MANF.ZS.UN,64.4584722469735
Costa Rica,CRI,2005,Manufactures exports (% of merchandise exports),TX.VAL.MANF.ZS.UN,65.3458940411751
Costa Rica,CRI,2004,Manufactures exports (% of merchandise exports),TX.VAL.MANF.ZS.UN,61.5762632681336
Costa Rica,CRI,2003,Manufactures exports (% of merchandise exports),TX.VAL.MANF.ZS.UN,65.4181774665034
Costa Rica,CRI,2002,Manufactures exports (% of merchandise exports),TX.VAL.MANF.ZS.UN,63.2924705572307
Costa Rica,CRI,2001,Manufactures exports (% of merchandise exports),TX.VAL.MANF.ZS.UN,62.3994789099034
Costa Rica,CRI,2000,Manufactures exports (% of merchandise exports),TX.VAL.MANF.ZS.UN,65.5184871960333
Costa Rica,CRI,1999,Manufactures exports (% of merchandise exports),TX.VAL.MANF.ZS.UN,67.948559361324
Costa Rica,CRI,1998,Manufactures exports (% of merchandise exports),TX.VAL.MANF.ZS.UN,52.7796322254955
Costa Rica,CRI,1997,Manufactures exports (% of merchandise exports),TX.VAL.MANF.ZS.UN,42.9306314838473
Costa Rica,CRI,1996,Manufactures exports (% of merchandise exports),TX.VAL.MANF.ZS.UN,25.3579925688655
Costa Rica,CRI,1995,Manufactures exports (% of merchandise exports),TX.VAL.MANF.ZS.UN,25.0576908793328
Costa Rica,CRI,1994,Manufactures exports (% of merchandise exports),TX.VAL.MANF.ZS.UN,26.8258243071952
Costa Rica,CRI,1987,Manufactures exports (% of merchandise exports),TX.VAL.MANF.ZS.UN,24.2123077691612
Costa Rica,CRI,1986,Manufactures exports (% of merchandise exports),TX.VAL.MANF.ZS.UN,20.4999645656487
Costa Rica,CRI,1985,Manufactures exports (% of merchandise exports),TX.VAL.MANF.ZS.UN,22.4038817587135
Costa Rica,CRI,1984,Manufactures exports (% of merchandise exports),TX.VAL.MANF.ZS.UN,23.513444534165
Costa Rica,CRI,1983,Manufactures exports (% of merchandise exports),TX.VAL.MANF.ZS.UN,26.9215597100375
Costa Rica,CRI,1982,Manufactures exports (% of merchandise exports),TX.VAL.MANF.ZS.UN,25.0155111939166
Costa Rica,CRI,1981,Manufactures exports (% of merchandise exports),TX.VAL.MANF.ZS.UN,28.7938930210225
Costa Rica,CRI,1980,Manufactures exports (% of merchandise exports),TX.VAL.MANF.ZS.UN,28.3182171632798
Costa Rica,CRI,1979,Manufactures exports (% of merchandise exports),TX.VAL.MANF.ZS.UN,22.0245495172668
Costa Rica,CRI,1978,Manufactures exports (% of merchandise exports),TX.VAL.MANF.ZS.UN,20.2133940134927
Costa Rica,CRI,1977,Manufactures exports (% of merchandise exports),TX.VAL.MANF.ZS.UN,21.0956344643815
Costa Rica,CRI,1976,Manufactures exports (% of merchandise exports),TX.VAL.MANF.ZS.UN,25.2370755666812
Costa Rica,CRI,1975,Manufactures exports (% of merchandise exports),TX.VAL.MANF.ZS.UN,23.900715017814
Costa Rica,CRI,1974,Manufactures exports (% of merchandise exports),TX.VAL.MANF.ZS.UN,24.711266411559
Costa Rica,CRI,1973,Manufactures exports (% of merchandise exports),TX.VAL.MANF.ZS.UN,21.2404641298745
Costa Rica,CRI,1972,Manufactures exports (% of merchandise exports),TX.VAL.MANF.ZS.UN,19.4751715804197
Costa Rica,CRI,1971,Manufactures exports (% of merchandise exports),TX.VAL.MANF.ZS.UN,21.2894105923398
Costa Rica,CRI,1970,Manufactures exports (% of merchandise exports),TX.VAL.MANF.ZS.UN,18.6545564985176
Costa Rica,CRI,1969,Manufactures exports (% of merchandise exports),TX.VAL.MANF.ZS.UN,18.043586561228
Costa Rica,CRI,1968,Manufactures exports (% of merchandise exports),TX.VAL.MANF.ZS.UN,18.9838959734454
Costa Rica,CRI,1967,Manufactures exports (% of merchandise exports),TX.VAL.MANF.ZS.UN,17.4850821524878
Costa Rica,CRI,1966,Manufactures exports (% of merchandise exports),TX.VAL.MANF.ZS.UN,17.1814945001488
Costa Rica,CRI,1965,Manufactures exports (% of merchandise exports),TX.VAL.MANF.ZS.UN,14.5899683194726
Costa Rica,CRI,2023,Ores and metals exports (% of merchandise exports),TX.VAL.MMTL.ZS.UN,1.50937140629287
Costa Rica,CRI,2022,Ores and metals exports (% of merchandise exports),TX.VAL.MMTL.ZS.UN,1.45143574332589
Costa Rica,CRI,2021,Ores and metals exports (% of merchandise exports),TX.VAL.MMTL.ZS.UN,1.65528808128059
Costa Rica,CRI,2020,Ores and metals exports (% of merchandise exports),TX.VAL.MMTL.ZS.UN,1.42269448012349
Costa Rica,CRI,2019,Ores and metals exports (% of merchandise exports),TX.VAL.MMTL.ZS.UN,1.37490331980926
Costa Rica,CRI,2018,Ores and metals exports (% of merchandise exports),TX.VAL.MMTL.ZS.UN,1.43490019554813
Costa Rica,CRI,2017,Ores and metals exports (% of merchandise exports),TX.VAL.MMTL.ZS.UN,1.33459998968336
Costa Rica,CRI,2016,Ores and metals exports (% of merchandise exports),TX.VAL.MMTL.ZS.UN,1.09214883019012
Costa Rica,CRI,2015,Ores and metals exports (% of merchandise exports),TX.VAL.MMTL.ZS.UN,1.21795803880745
Costa Rica,CRI,2014,Ores and metals exports (% of merchandise exports),TX.VAL.MMTL.ZS.UN,1.60539880440734
Costa Rica,CRI,2013,Ores and metals exports (% of merchandise exports),TX.VAL.MMTL.ZS.UN,1.46279654613949
Costa Rica,CRI,2012,Ores and metals exports (% of merchandise exports),TX.VAL.MMTL.ZS.UN,2.33207214786887
Costa Rica,CRI,2011,Ores and metals exports (% of merchandise exports),TX.VAL.MMTL.ZS.UN,1.47558229776724
Costa Rica,CRI,2010,Ores and metals exports (% of merchandise exports),TX.VAL.MMTL.ZS.UN,1.14213447976051
Costa Rica,CRI,2009,Ores and metals exports (% of merchandise exports),TX.VAL.MMTL.ZS.UN,0.736285165169548
Costa Rica,CRI,2008,Ores and metals exports (% of merchandise exports),TX.VAL.MMTL.ZS.UN,1.40820985107273
Costa Rica,CRI,2007,Ores and metals exports (% of merchandise exports),TX.VAL.MMTL.ZS.UN,1.45732403864289
Costa Rica,CRI,2006,Ores and metals exports (% of merchandise exports),TX.VAL.MMTL.ZS.UN,1.58636848850852
Costa Rica,CRI,2005,Ores and metals exports (% of merchandise exports),TX.VAL.MMTL.ZS.UN,1.16819915002574
Costa Rica,CRI,2004,Ores and metals exports (% of merchandise exports),TX.VAL.MMTL.ZS.UN,1.03354286931436
Costa Rica,CRI,2003,Ores and metals exports (% of merchandise exports),TX.VAL.MMTL.ZS.UN,0.711479995835235
Costa Rica,CRI,2002,Ores and metals exports (% of merchandise exports),TX.VAL.MMTL.ZS.UN,0.814737294693017
Costa Rica,CRI,2001,Ores and metals exports (% of merchandise exports),TX.VAL.MMTL.ZS.UN,0.808246722992823
Costa Rica,CRI,2000,Ores and metals exports (% of merchandise exports),TX.VAL.MMTL.ZS.UN,0.760437542106638
Costa Rica,CRI,1999,Ores and metals exports (% of merchandise exports),TX.VAL.MMTL.ZS.UN,0.536497861946718
Costa Rica,CRI,1998,Ores and metals exports (% of merchandise exports),TX.VAL.MMTL.ZS.UN,0.7848536292395
Costa Rica,CRI,1997,Ores and metals exports (% of merchandise exports),TX.VAL.MMTL.ZS.UN,0.950115575754852
Costa Rica,CRI,1996,Ores and metals exports (% of merchandise exports),TX.VAL.MMTL.ZS.UN,1.18742621168758
Costa Rica,CRI,1995,Ores and metals exports (% of merchandise exports),TX.VAL.MMTL.ZS.UN,1.06186090125111
Costa Rica,CRI,1994,Ores and metals exports (% of merchandise exports),TX.VAL.MMTL.ZS.UN,0.950714325253474
Costa Rica,CRI,1987,Ores and metals exports (% of merchandise exports),TX.VAL.MMTL.ZS.UN,0.875046255781254
Costa Rica,CRI,1986,Ores and metals exports (% of merchandise exports),TX.VAL.MMTL.ZS.UN,0.451935438655981
Costa Rica,CRI,1985,Ores and metals exports (% of merchandise exports),TX.VAL.MMTL.ZS.UN,0.473556335013136
Costa Rica,CRI,1984,Ores and metals exports (% of merchandise exports),TX.VAL.MMTL.ZS.UN,0.599835986801977
Costa Rica,CRI,1983,Ores and metals exports (% of merchandise exports),TX.VAL.MMTL.ZS.UN,0.598631153083819
Costa Rica,CRI,1982,Ores and metals exports (% of merchandise exports),TX.VAL.MMTL.ZS.UN,0.236364998385447
Costa Rica,CRI,1981,Ores and metals exports (% of merchandise exports),TX.VAL.MMTL.ZS.UN,0.112711052156179
Costa Rica,CRI,1980,Ores and metals exports (% of merchandise exports),TX.VAL.MMTL.ZS.UN,0.0759391878154133
Costa Rica,CRI,1979,Ores and metals exports (% of merchandise exports),TX.VAL.MMTL.ZS.UN,0.122209115983024
Costa Rica,CRI,1978,Ores and metals exports (% of merchandise exports),TX.VAL.MMTL.ZS.UN,0.0913552417571058
Costa Rica,CRI,1977,Ores and metals exports (% of merchandise exports),TX.VAL.MMTL.ZS.UN,0.15163050426311
Costa Rica,CRI,1976,Ores and metals exports (% of merchandise exports),TX.VAL.MMTL.ZS.UN,0.11554810905154
Costa Rica,CRI,1975,Ores and metals exports (% of merchandise exports),TX.VAL.MMTL.ZS.UN,0.140604983165175
Costa Rica,CRI,1974,Ores and metals exports (% of merchandise exports),TX.VAL.MMTL.ZS.UN,0.13105070640158
Costa Rica,CRI,1973,Ores and metals exports (% of merchandise exports),TX.VAL.MMTL.ZS.UN,0.114579891266532
Costa Rica,CRI,1972,Ores and metals exports (% of merchandise exports),TX.VAL.MMTL.ZS.UN,0.0352169801185344
Costa Rica,CRI,1971,Ores and metals exports (% of merchandise exports),TX.VAL.MMTL.ZS.UN,0.0673014206957531
Costa Rica,CRI,1970,Ores and metals exports (% of merchandise exports),TX.VAL.MMTL.ZS.UN,0.0621270232920056
Costa Rica,CRI,1969,Ores and metals exports (% of merchandise exports),TX.VAL.MMTL.ZS.UN,0.0418300107307151
Costa Rica,CRI,1968,Ores and metals exports (% of merchandise exports),TX.VAL.MMTL.ZS.UN,0.0530422645578411
Costa Rica,CRI,1967,Ores and metals exports (% of merchandise exports),TX.VAL.MMTL.ZS.UN,0.0559641844798745
Costa Rica,CRI,1966,Ores and metals exports (% of merchandise exports),TX.VAL.MMTL.ZS.UN,0.0858982775476662
Costa Rica,CRI,1965,Ores and metals exports (% of merchandise exports),TX.VAL.MMTL.ZS.UN,0.172368346028652
Costa Rica,CRI,2023,Merchandise exports to economies in the Arab World (% of total merchandise exports),TX.VAL.MRCH.AL.ZS,0.503492949837351
Costa Rica,CRI,2022,Merchandise exports to economies in the Arab World (% of total merchandise exports),TX.VAL.MRCH.AL.ZS,0.445961047375713
Costa Rica,CRI,2021,Merchandise exports to economies in the Arab World (% of total merchandise exports),TX.VAL.MRCH.AL.ZS,0.428909451830803
Costa Rica,CRI,2020,Merchandise exports to economies in the Arab World (% of total merchandise exports),TX.VAL.MRCH.AL.ZS,0.421999403649736
Costa Rica,CRI,2019,Merchandise exports to economies in the Arab World (% of total merchandise exports),TX.VAL.MRCH.AL.ZS,0.206868677241761
Costa Rica,CRI,2018,Merchandise exports to economies in the Arab World (% of total merchandise exports),TX.VAL.MRCH.AL.ZS,0.135508021966882
Costa Rica,CRI,2017,Merchandise exports to economies in the Arab World (% of total merchandise exports),TX.VAL.MRCH.AL.ZS,0.226529132391212
Costa Rica,CRI,2016,Merchandise exports to economies in the Arab World (% of total merchandise exports),TX.VAL.MRCH.AL.ZS,0.207411690074039
Costa Rica,CRI,2015,Merchandise exports to economies in the Arab World (% of total merchandise exports),TX.VAL.MRCH.AL.ZS,0.23007606836392
Costa Rica,CRI,2014,Merchandise exports to economies in the Arab World (% of total merchandise exports),TX.VAL.MRCH.AL.ZS,0.228013348871977
Costa Rica,CRI,2013,Merchandise exports to economies in the Arab World (% of total merchandise exports),TX.VAL.MRCH.AL.ZS,0.315354874124514
Costa Rica,CRI,2012,Merchandise exports to economies in the Arab World (% of total merchandise exports),TX.VAL.MRCH.AL.ZS,0.185190197221962
Costa Rica,CRI,2011,Merchandise exports to economies in the Arab World (% of total merchandise exports),TX.VAL.MRCH.AL.ZS,0.117541324211409
Costa Rica,CRI,2010,Merchandise exports to economies in the Arab World (% of total merchandise exports),TX.VAL.MRCH.AL.ZS,0.309785431751666
Costa Rica,CRI,2009,Merchandise exports to economies in the Arab World (% of total merchandise exports),TX.VAL.MRCH.AL.ZS,0.086779030494087
Costa Rica,CRI,2008,Merchandise exports to economies in the Arab World (% of total merchandise exports),TX.VAL.MRCH.AL.ZS,0.0558500968549967
Costa Rica,CRI,2007,Merchandise exports to economies in the Arab World (% of total merchandise exports),TX.VAL.MRCH.AL.ZS,0.0473376018620278
Costa Rica,CRI,2006,Merchandise exports to economies in the Arab World (% of total merchandise exports),TX.VAL.MRCH.AL.ZS,0.0300651559851697
Costa Rica,CRI,2005,Merchandise exports to economies in the Arab World (% of total merchandise exports),TX.VAL.MRCH.AL.ZS,0.0386520579369836
Costa Rica,CRI,2004,Merchandise exports to economies in the Arab World (% of total merchandise exports),TX.VAL.MRCH.AL.ZS,0.0361575013051067
Costa Rica,CRI,2003,Merchandise exports to economies in the Arab World (% of total merchandise exports),TX.VAL.MRCH.AL.ZS,0.025520732576201
Costa Rica,CRI,2002,Merchandise exports to economies in the Arab World (% of total merchandise exports),TX.VAL.MRCH.AL.ZS,0.0319669070854678
Costa Rica,CRI,2001,Merchandise exports to economies in the Arab World (% of total merchandise exports),TX.VAL.MRCH.AL.ZS,0.0393063382768408
Costa Rica,CRI,2000,Merchandise exports to economies in the Arab World (% of total merchandise exports),TX.VAL.MRCH.AL.ZS,0.1445319310146
Costa Rica,CRI,1999,Merchandise exports to economies in the Arab World (% of total merchandise exports),TX.VAL.MRCH.AL.ZS,0.237934050318789
Costa Rica,CRI,1998,Merchandise exports to economies in the Arab World (% of total merchandise exports),TX.VAL.MRCH.AL.ZS,0.136183409406874
Costa Rica,CRI,1997,Merchandise exports to economies in the Arab World (% of total merchandise exports),TX.VAL.MRCH.AL.ZS,0.331391742819431
Costa Rica,CRI,1996,Merchandise exports to economies in the Arab World (% of total merchandise exports),TX.VAL.MRCH.AL.ZS,0.195341849029053
Costa Rica,CRI,1995,Merchandise exports to economies in the Arab World (% of total merchandise exports),TX.VAL.MRCH.AL.ZS,0.222935861124261
Costa Rica,CRI,1994,Merchandise exports to economies in the Arab World (% of total merchandise exports),TX.VAL.MRCH.AL.ZS,0.554855434636421
Costa Rica,CRI,1993,Merchandise exports to economies in the Arab World (% of total merchandise exports),TX.VAL.MRCH.AL.ZS,0.112755743071569
Costa Rica,CRI,1992,Merchandise exports to economies in the Arab World (% of total merchandise exports),TX.VAL.MRCH.AL.ZS,0.13173132765705
Costa Rica,CRI,1991,Merchandise exports to economies in the Arab World (% of total merchandise exports),TX.VAL.MRCH.AL.ZS,0.405495749101597
Costa Rica,CRI,1990,Merchandise exports to economies in the Arab World (% of total merchandise exports),TX.VAL.MRCH.AL.ZS,0.223948232212188
Costa Rica,CRI,1989,Merchandise exports to economies in the Arab World (% of total merchandise exports),TX.VAL.MRCH.AL.ZS,0.616069897113111
Costa Rica,CRI,1988,Merchandise exports to economies in the Arab World (% of total merchandise exports),TX.VAL.MRCH.AL.ZS,1.03241425912338
Costa Rica,CRI,1987,Merchandise exports to economies in the Arab World (% of total merchandise exports),TX.VAL.MRCH.AL.ZS,0.546421270981539
Costa Rica,CRI,1986,Merchandise exports to economies in the Arab World (% of total merchandise exports),TX.VAL.MRCH.AL.ZS,0.366095014822176
Costa Rica,CRI,1985,Merchandise exports to economies in the Arab World (% of total merchandise exports),TX.VAL.MRCH.AL.ZS,0.923793785387262
Costa Rica,CRI,1984,Merchandise exports to economies in the Arab World (% of total merchandise exports),TX.VAL.MRCH.AL.ZS,0.830266370102824
Costa Rica,CRI,1983,Merchandise exports to economies in the Arab World (% of total merchandise exports),TX.VAL.MRCH.AL.ZS,1.86997559820449
Costa Rica,CRI,1982,Merchandise exports to economies in the Arab World (% of total merchandise exports),TX.VAL.MRCH.AL.ZS,1.50636481238824
Costa Rica,CRI,1981,Merchandise exports to economies in the Arab World (% of total merchandise exports),TX.VAL.MRCH.AL.ZS,0.991555210951399
Costa Rica,CRI,1980,Merchandise exports to economies in the Arab World (% of total merchandise exports),TX.VAL.MRCH.AL.ZS,0.436655254729724
Costa Rica,CRI,1979,Merchandise exports to economies in the Arab World (% of total merchandise exports),TX.VAL.MRCH.AL.ZS,0.800274814729443
Costa Rica,CRI,1978,Merchandise exports to economies in the Arab World (% of total merchandise exports),TX.VAL.MRCH.AL.ZS,0.771381938019149
Costa Rica,CRI,1977,Merchandise exports to economies in the Arab World (% of total merchandise exports),TX.VAL.MRCH.AL.ZS,0.694031657273074
Costa Rica,CRI,1976,Merchandise exports to economies in the Arab World (% of total merchandise exports),TX.VAL.MRCH.AL.ZS,0.448462402224262
Costa Rica,CRI,1975,Merchandise exports to economies in the Arab World (% of total merchandise exports),TX.VAL.MRCH.AL.ZS,0.465909398862222
Costa Rica,CRI,1974,Merchandise exports to economies in the Arab World (% of total merchandise exports),TX.VAL.MRCH.AL.ZS,0.531147273307929
Costa Rica,CRI,1973,Merchandise exports to economies in the Arab World (% of total merchandise exports),TX.VAL.MRCH.AL.ZS,1.46813606836958
Costa Rica,CRI,1972,Merchandise exports to economies in the Arab World (% of total merchandise exports),TX.VAL.MRCH.AL.ZS,0.496070708187645
Costa Rica,CRI,1971,Merchandise exports to economies in the Arab World (% of total merchandise exports),TX.VAL.MRCH.AL.ZS,0.00718213444057906
Costa Rica,CRI,1969,Merchandise exports to economies in the Arab World (% of total merchandise exports),TX.VAL.MRCH.AL.ZS,1.55607782535441
Costa Rica,CRI,1968,Merchandise exports to economies in the Arab World (% of total merchandise exports),TX.VAL.MRCH.AL.ZS,4.17163289630513
Costa Rica,CRI,1967,Merchandise exports to economies in the Arab World (% of total merchandise exports),TX.VAL.MRCH.AL.ZS,3.35954253037884
Costa Rica,CRI,1966,Merchandise exports to economies in the Arab World (% of total merchandise exports),TX.VAL.MRCH.AL.ZS,0.149365197908887
Costa Rica,CRI,2024,Merchandise exports (current US$),TX.VAL.MRCH.CD.WT,21688000000
Costa Rica,CRI,2023,Merchandise exports (current US$),TX.VAL.MRCH.CD.WT,19025000000
Costa Rica,CRI,2022,Merchandise exports (current US$),TX.VAL.MRCH.CD.WT,16597000000
Costa Rica,CRI,2021,Merchandise exports (current US$),TX.VAL.MRCH.CD.WT,15494000000
Costa Rica,CRI,2020,Merchandise exports (current US$),TX.VAL.MRCH.CD.WT,12319000000
Costa Rica,CRI,2019,Merchandise exports (current US$),TX.VAL.MRCH.CD.WT,11864000000
Costa Rica,CRI,2018,Merchandise exports (current US$),TX.VAL.MRCH.CD.WT,11495000000
Costa Rica,CRI,2017,Merchandise exports (current US$),TX.VAL.MRCH.CD.WT,10769000000
Costa Rica,CRI,2016,Merchandise exports (current US$),TX.VAL.MRCH.CD.WT,10361000000
Costa Rica,CRI,2015,Merchandise exports (current US$),TX.VAL.MRCH.CD.WT,9422000000
Costa Rica,CRI,2014,Merchandise exports (current US$),TX.VAL.MRCH.CD.WT,11250000000
Costa Rica,CRI,2013,Merchandise exports (current US$),TX.VAL.MRCH.CD.WT,11480000000
Costa Rica,CRI,2012,Merchandise exports (current US$),TX.VAL.MRCH.CD.WT,11433000000
Costa Rica,CRI,2011,Merchandise exports (current US$),TX.VAL.MRCH.CD.WT,10408000000
Costa Rica,CRI,2010,Merchandise exports (current US$),TX.VAL.MRCH.CD.WT,9448000000
Costa Rica,CRI,2009,Merchandise exports (current US$),TX.VAL.MRCH.CD.WT,8784000000
Costa Rica,CRI,2008,Merchandise exports (current US$),TX.VAL.MRCH.CD.WT,9504000000
Costa Rica,CRI,2007,Merchandise exports (current US$),TX.VAL.MRCH.CD.WT,9337000000
Costa Rica,CRI,2006,Merchandise exports (current US$),TX.VAL.MRCH.CD.WT,8200000000
Costa Rica,CRI,2005,Merchandise exports (current US$),TX.VAL.MRCH.CD.WT,7026000000
Costa Rica,CRI,2004,Merchandise exports (current US$),TX.VAL.MRCH.CD.WT,6301000000
Costa Rica,CRI,2003,Merchandise exports (current US$),TX.VAL.MRCH.CD.WT,6102000000
Costa Rica,CRI,2002,Merchandise exports (current US$),TX.VAL.MRCH.CD.WT,5264000000
Costa Rica,CRI,2001,Merchandise exports (current US$),TX.VAL.MRCH.CD.WT,5021000000
Costa Rica,CRI,2000,Merchandise exports (current US$),TX.VAL.MRCH.CD.WT,5850000000
Costa Rica,CRI,1999,Merchandise exports (current US$),TX.VAL.MRCH.CD.WT,6662000000
Costa Rica,CRI,1998,Merchandise exports (current US$),TX.VAL.MRCH.CD.WT,5526000000
Costa Rica,CRI,1997,Merchandise exports (current US$),TX.VAL.MRCH.CD.WT,4335000000
Costa Rica,CRI,1996,Merchandise exports (current US$),TX.VAL.MRCH.CD.WT,3758000000
Costa Rica,CRI,1995,Merchandise exports (current US$),TX.VAL.MRCH.CD.WT,3476000000
Costa Rica,CRI,1994,Merchandise exports (current US$),TX.VAL.MRCH.CD.WT,2878000000
Costa Rica,CRI,1993,Merchandise exports (current US$),TX.VAL.MRCH.CD.WT,2626000000
Costa Rica,CRI,1992,Merchandise exports (current US$),TX.VAL.MRCH.CD.WT,1841000000
Costa Rica,CRI,1991,Merchandise exports (current US$),TX.VAL.MRCH.CD.WT,1598000000
Costa Rica,CRI,1990,Merchandise exports (current US$),TX.VAL.MRCH.CD.WT,1448000000
Costa Rica,CRI,1989,Merchandise exports (current US$),TX.VAL.MRCH.CD.WT,1415000000
Costa Rica,CRI,1988,Merchandise exports (current US$),TX.VAL.MRCH.CD.WT,1246000000
Costa Rica,CRI,1987,Merchandise exports (current US$),TX.VAL.MRCH.CD.WT,1158000000
Costa Rica,CRI,1986,Merchandise exports (current US$),TX.VAL.MRCH.CD.WT,1121000000
Costa Rica,CRI,1985,Merchandise exports (current US$),TX.VAL.MRCH.CD.WT,976000000
Costa Rica,CRI,1984,Merchandise exports (current US$),TX.VAL.MRCH.CD.WT,1006000000
Costa Rica,CRI,1983,Merchandise exports (current US$),TX.VAL.MRCH.CD.WT,873000000
Costa Rica,CRI,1982,Merchandise exports (current US$),TX.VAL.MRCH.CD.WT,870000000
Costa Rica,CRI,1981,Merchandise exports (current US$),TX.VAL.MRCH.CD.WT,1008000000
Costa Rica,CRI,1980,Merchandise exports (current US$),TX.VAL.MRCH.CD.WT,1002000000
Costa Rica,CRI,1979,Merchandise exports (current US$),TX.VAL.MRCH.CD.WT,934000000
Costa Rica,CRI,1978,Merchandise exports (current US$),TX.VAL.MRCH.CD.WT,865000000
Costa Rica,CRI,1977,Merchandise exports (current US$),TX.VAL.MRCH.CD.WT,828000000
Costa Rica,CRI,1976,Merchandise exports (current US$),TX.VAL.MRCH.CD.WT,593000000
Costa Rica,CRI,1975,Merchandise exports (current US$),TX.VAL.MRCH.CD.WT,493000000
Costa Rica,CRI,1974,Merchandise exports (current US$),TX.VAL.MRCH.CD.WT,440000000
Costa Rica,CRI,1973,Merchandise exports (current US$),TX.VAL.MRCH.CD.WT,345000000
Costa Rica,CRI,1972,Merchandise exports (current US$),TX.VAL.MRCH.CD.WT,281000000
Costa Rica,CRI,1971,Merchandise exports (current US$),TX.VAL.MRCH.CD.WT,225000000
Costa Rica,CRI,1970,Merchandise exports (current US$),TX.VAL.MRCH.CD.WT,231000000
Costa Rica,CRI,1969,Merchandise exports (current US$),TX.VAL.MRCH.CD.WT,190000000
Costa Rica,CRI,1968,Merchandise exports (current US$),TX.VAL.MRCH.CD.WT,171000000
Costa Rica,CRI,1967,Merchandise exports (current US$),TX.VAL.MRCH.CD.WT,144000000
Costa Rica,CRI,1966,Merchandise exports (current US$),TX.VAL.MRCH.CD.WT,136000000
Costa Rica,CRI,1965,Merchandise exports (current US$),TX.VAL.MRCH.CD.WT,112000000
Costa Rica,CRI,1964,Merchandise exports (current US$),TX.VAL.MRCH.CD.WT,114000000
Costa Rica,CRI,1963,Merchandise exports (current US$),TX.VAL.MRCH.CD.WT,95000000
Costa Rica,CRI,1962,Merchandise exports (current US$),TX.VAL.MRCH.CD.WT,93000000
Costa Rica,CRI,1961,Merchandise exports (current US$),TX.VAL.MRCH.CD.WT,84000000
Costa Rica,CRI,1960,Merchandise exports (current US$),TX.VAL.MRCH.CD.WT,84000000
Costa Rica,CRI,2023,Merchandise exports to high-income economies (% of total merchandise exports),TX.VAL.MRCH.HI.ZS,75.2695695659627
Costa Rica,CRI,2022,Merchandise exports to high-income economies (% of total merchandise exports),TX.VAL.MRCH.HI.ZS,73.9627526296667
Costa Rica,CRI,2021,Merchandise exports to high-income economies (% of total merchandise exports),TX.VAL.MRCH.HI.ZS,73.7899678881199
Costa Rica,CRI,2020,Merchandise exports to high-income economies (% of total merchandise exports),TX.VAL.MRCH.HI.ZS,75.6983661031037
Costa Rica,CRI,2019,Merchandise exports to high-income economies (% of total merchandise exports),TX.VAL.MRCH.HI.ZS,75.4954321496875
Costa Rica,CRI,2018,Merchandise exports to high-income economies (% of total merchandise exports),TX.VAL.MRCH.HI.ZS,74.0646657212852
Costa Rica,CRI,2017,Merchandise exports to high-income economies (% of total merchandise exports),TX.VAL.MRCH.HI.ZS,73.0200135631421
Costa Rica,CRI,2016,Merchandise exports to high-income economies (% of total merchandise exports),TX.VAL.MRCH.HI.ZS,73.242583364202
Costa Rica,CRI,2015,Merchandise exports to high-income economies (% of total merchandise exports),TX.VAL.MRCH.HI.ZS,72.0048476766143
Costa Rica,CRI,2014,Merchandise exports to high-income economies (% of total merchandise exports),TX.VAL.MRCH.HI.ZS,70.3196277574928
Costa Rica,CRI,2013,Merchandise exports to high-income economies (% of total merchandise exports),TX.VAL.MRCH.HI.ZS,71.4252511475064
Costa Rica,CRI,2012,Merchandise exports to high-income economies (% of total merchandise exports),TX.VAL.MRCH.HI.ZS,72.0410510026004
Costa Rica,CRI,2011,Merchandise exports to high-income economies (% of total merchandise exports),TX.VAL.MRCH.HI.ZS,72.1586254406066
Costa Rica,CRI,2010,Merchandise exports to high-income economies (% of total merchandise exports),TX.VAL.MRCH.HI.ZS,71.0740373035349
Costa Rica,CRI,2009,Merchandise exports to high-income economies (% of total merchandise exports),TX.VAL.MRCH.HI.ZS,66.6022936128799
Costa Rica,CRI,2008,Merchandise exports to high-income economies (% of total merchandise exports),TX.VAL.MRCH.HI.ZS,67.6891176664843
Costa Rica,CRI,2007,Merchandise exports to high-income economies (% of total merchandise exports),TX.VAL.MRCH.HI.ZS,67.5702896890003
Costa Rica,CRI,2006,Merchandise exports to high-income economies (% of total merchandise exports),TX.VAL.MRCH.HI.ZS,71.2921945973756
Costa Rica,CRI,2005,Merchandise exports to high-income economies (% of total merchandise exports),TX.VAL.MRCH.HI.ZS,73.4686062477565
Costa Rica,CRI,2004,Merchandise exports to high-income economies (% of total merchandise exports),TX.VAL.MRCH.HI.ZS,72.980392946005
Costa Rica,CRI,2003,Merchandise exports to high-income economies (% of total merchandise exports),TX.VAL.MRCH.HI.ZS,75.7102959950334
Costa Rica,CRI,2002,Merchandise exports to high-income economies (% of total merchandise exports),TX.VAL.MRCH.HI.ZS,76.7884303816535
Costa Rica,CRI,2001,Merchandise exports to high-income economies (% of total merchandise exports),TX.VAL.MRCH.HI.ZS,76.1272050119232
Costa Rica,CRI,2000,Merchandise exports to high-income economies (% of total merchandise exports),TX.VAL.MRCH.HI.ZS,82.0173959886495
Costa Rica,CRI,1999,Merchandise exports to high-income economies (% of total merchandise exports),TX.VAL.MRCH.HI.ZS,71.6873242169129
Costa Rica,CRI,1998,Merchandise exports to high-income economies (% of total merchandise exports),TX.VAL.MRCH.HI.ZS,75.0530064959788
Costa Rica,CRI,1997,Merchandise exports to high-income economies (% of total merchandise exports),TX.VAL.MRCH.HI.ZS,76.6236861866929
Costa Rica,CRI,1996,Merchandise exports to high-income economies (% of total merchandise exports),TX.VAL.MRCH.HI.ZS,78.5249801697761
Costa Rica,CRI,1995,Merchandise exports to high-income economies (% of total merchandise exports),TX.VAL.MRCH.HI.ZS,79.8525018612928
Costa Rica,CRI,1994,Merchandise exports to high-income economies (% of total merchandise exports),TX.VAL.MRCH.HI.ZS,81.0316790124966
Costa Rica,CRI,1993,Merchandise exports to high-income economies (% of total merchandise exports),TX.VAL.MRCH.HI.ZS,87.3068318251053
Costa Rica,CRI,1992,Merchandise exports to high-income economies (% of total merchandise exports),TX.VAL.MRCH.HI.ZS,81.0267941520454
Costa Rica,CRI,1991,Merchandise exports to high-income economies (% of total merchandise exports),TX.VAL.MRCH.HI.ZS,84.6864988576588
Costa Rica,CRI,1990,Merchandise exports to high-income economies (% of total merchandise exports),TX.VAL.MRCH.HI.ZS,85.8647536282109
Costa Rica,CRI,1989,Merchandise exports to high-income economies (% of total merchandise exports),TX.VAL.MRCH.HI.ZS,85.2540710414324
Costa Rica,CRI,1988,Merchandise exports to high-income economies (% of total merchandise exports),TX.VAL.MRCH.HI.ZS,85.3440620841469
Costa Rica,CRI,1987,Merchandise exports to high-income economies (% of total merchandise exports),TX.VAL.MRCH.HI.ZS,86.9654461685393
Costa Rica,CRI,1986,Merchandise exports to high-income economies (% of total merchandise exports),TX.VAL.MRCH.HI.ZS,86.3249968619079
Costa Rica,CRI,1985,Merchandise exports to high-income economies (% of total merchandise exports),TX.VAL.MRCH.HI.ZS,80.0931695247384
Costa Rica,CRI,1984,Merchandise exports to high-income economies (% of total merchandise exports),TX.VAL.MRCH.HI.ZS,76.3700712153603
Costa Rica,CRI,1983,Merchandise exports to high-income economies (% of total merchandise exports),TX.VAL.MRCH.HI.ZS,71.9846752249055
Costa Rica,CRI,1982,Merchandise exports to high-income economies (% of total merchandise exports),TX.VAL.MRCH.HI.ZS,73.8823504116792
Costa Rica,CRI,1981,Merchandise exports to high-income economies (% of total merchandise exports),TX.VAL.MRCH.HI.ZS,67.8050176375842
Costa Rica,CRI,1980,Merchandise exports to high-income economies (% of total merchandise exports),TX.VAL.MRCH.HI.ZS,68.206039264992
Costa Rica,CRI,1979,Merchandise exports to high-income economies (% of total merchandise exports),TX.VAL.MRCH.HI.ZS,76.5062499090851
Costa Rica,CRI,1978,Merchandise exports to high-income economies (% of total merchandise exports),TX.VAL.MRCH.HI.ZS,73.6534603029389
Costa Rica,CRI,1977,Merchandise exports to high-income economies (% of total merchandise exports),TX.VAL.MRCH.HI.ZS,73.1493650928438
Costa Rica,CRI,1976,Merchandise exports to high-income economies (% of total merchandise exports),TX.VAL.MRCH.HI.ZS,72.4992233478135
Costa Rica,CRI,1975,Merchandise exports to high-income economies (% of total merchandise exports),TX.VAL.MRCH.HI.ZS,72.5651282970647
Costa Rica,CRI,1974,Merchandise exports to high-income economies (% of total merchandise exports),TX.VAL.MRCH.HI.ZS,72.5794019550638
Costa Rica,CRI,1973,Merchandise exports to high-income economies (% of total merchandise exports),TX.VAL.MRCH.HI.ZS,74.5753005091015
Costa Rica,CRI,1972,Merchandise exports to high-income economies (% of total merchandise exports),TX.VAL.MRCH.HI.ZS,78.365445110024
Costa Rica,CRI,1971,Merchandise exports to high-income economies (% of total merchandise exports),TX.VAL.MRCH.HI.ZS,77.5553809897879
Costa Rica,CRI,1970,Merchandise exports to high-income economies (% of total merchandise exports),TX.VAL.MRCH.HI.ZS,77.9823903822246
Costa Rica,CRI,1969,Merchandise exports to high-income economies (% of total merchandise exports),TX.VAL.MRCH.HI.ZS,78.4214931908181
Costa Rica,CRI,1968,Merchandise exports to high-income economies (% of total merchandise exports),TX.VAL.MRCH.HI.ZS,74.4934445768772
Costa Rica,CRI,1967,Merchandise exports to high-income economies (% of total merchandise exports),TX.VAL.MRCH.HI.ZS,75.6969263759828
Costa Rica,CRI,1966,Merchandise exports to high-income economies (% of total merchandise exports),TX.VAL.MRCH.HI.ZS,79.0141896938013
Costa Rica,CRI,1965,Merchandise exports to high-income economies (% of total merchandise exports),TX.VAL.MRCH.HI.ZS,81.1285846438483
Costa Rica,CRI,1964,Merchandise exports to high-income economies (% of total merchandise exports),TX.VAL.MRCH.HI.ZS,86.2068965517241
Costa Rica,CRI,1963,Merchandise exports to high-income economies (% of total merchandise exports),TX.VAL.MRCH.HI.ZS,95.2542372881356
Costa Rica,CRI,1962,Merchandise exports to high-income economies (% of total merchandise exports),TX.VAL.MRCH.HI.ZS,95.8435207823961
Costa Rica,CRI,1961,Merchandise exports to high-income economies (% of total merchandise exports),TX.VAL.MRCH.HI.ZS,94.3517329910141
Costa Rica,CRI,1960,Merchandise exports to high-income economies (% of total merchandise exports),TX.VAL.MRCH.HI.ZS,95.5421686746988
Costa Rica,CRI,2023,Merchandise exports to low- and middle-income economies outside region (% of total merchandise exports),TX.VAL.MRCH.OR.ZS,3.58037256986103
Costa Rica,CRI,2022,Merchandise exports to low- and middle-income economies outside region (% of total merchandise exports),TX.VAL.MRCH.OR.ZS,3.58259196725988
Costa Rica,CRI,2021,Merchandise exports to low- and middle-income economies outside region (% of total merchandise exports),TX.VAL.MRCH.OR.ZS,3.71379639818935
Costa Rica,CRI,2020,Merchandise exports to low- and middle-income economies outside region (% of total merchandise exports),TX.VAL.MRCH.OR.ZS,2.97201520898779
Costa Rica,CRI,2019,Merchandise exports to low- and middle-income economies outside region (% of total merchandise exports),TX.VAL.MRCH.OR.ZS,2.43309310387362
Costa Rica,CRI,2018,Merchandise exports to low- and middle-income economies outside region (% of total merchandise exports),TX.VAL.MRCH.OR.ZS,3.07689012211157
Costa Rica,CRI,2017,Merchandise exports to low- and middle-income economies outside region (% of total merchandise exports),TX.VAL.MRCH.OR.ZS,2.69706196001637
Costa Rica,CRI,2016,Merchandise exports to low- and middle-income economies outside region (% of total merchandise exports),TX.VAL.MRCH.OR.ZS,1.66445181525665
Costa Rica,CRI,2015,Merchandise exports to low- and middle-income economies outside region (% of total merchandise exports),TX.VAL.MRCH.OR.ZS,1.77853297520347
Costa Rica,CRI,2014,Merchandise exports to low- and middle-income economies outside region (% of total merchandise exports),TX.VAL.MRCH.OR.ZS,7.74868324989585
Costa Rica,CRI,2013,Merchandise exports to low- and middle-income economies outside region (% of total merchandise exports),TX.VAL.MRCH.OR.ZS,7.11496937205816
Costa Rica,CRI,2012,Merchandise exports to low- and middle-income economies outside region (% of total merchandise exports),TX.VAL.MRCH.OR.ZS,5.52128350176879
Costa Rica,CRI,2011,Merchandise exports to low- and middle-income economies outside region (% of total merchandise exports),TX.VAL.MRCH.OR.ZS,4.73076684454272
Costa Rica,CRI,2010,Merchandise exports to low- and middle-income economies outside region (% of total merchandise exports),TX.VAL.MRCH.OR.ZS,5.94162652213684
Costa Rica,CRI,2009,Merchandise exports to low- and middle-income economies outside region (% of total merchandise exports),TX.VAL.MRCH.OR.ZS,11.9259176335406
Costa Rica,CRI,2008,Merchandise exports to low- and middle-income economies outside region (% of total merchandise exports),TX.VAL.MRCH.OR.ZS,10.0254095400514
Costa Rica,CRI,2007,Merchandise exports to low- and middle-income economies outside region (% of total merchandise exports),TX.VAL.MRCH.OR.ZS,11.5843393071423
Costa Rica,CRI,2006,Merchandise exports to low- and middle-income economies outside region (% of total merchandise exports),TX.VAL.MRCH.OR.ZS,8.56035242005174
Costa Rica,CRI,2005,Merchandise exports to low- and middle-income economies outside region (% of total merchandise exports),TX.VAL.MRCH.OR.ZS,5.50302790577974
Costa Rica,CRI,2004,Merchandise exports to low- and middle-income economies outside region (% of total merchandise exports),TX.VAL.MRCH.OR.ZS,5.93306506685839
Costa Rica,CRI,2003,Merchandise exports to low- and middle-income economies outside region (% of total merchandise exports),TX.VAL.MRCH.OR.ZS,5.69166831510645
Costa Rica,CRI,2002,Merchandise exports to low- and middle-income economies outside region (% of total merchandise exports),TX.VAL.MRCH.OR.ZS,3.39472736785416
Costa Rica,CRI,2001,Merchandise exports to low- and middle-income economies outside region (% of total merchandise exports),TX.VAL.MRCH.OR.ZS,4.81198777356381
Costa Rica,CRI,2000,Merchandise exports to low- and middle-income economies outside region (% of total merchandise exports),TX.VAL.MRCH.OR.ZS,2.37628874484692
Costa Rica,CRI,1999,Merchandise exports to low- and middle-income economies outside region (% of total merchandise exports),TX.VAL.MRCH.OR.ZS,1.24385225812672
Costa Rica,CRI,1998,Merchandise exports to low- and middle-income economies outside region (% of total merchandise exports),TX.VAL.MRCH.OR.ZS,1.6541093148596
Costa Rica,CRI,1997,Merchandise exports to low- and middle-income economies outside region (% of total merchandise exports),TX.VAL.MRCH.OR.ZS,1.40507694562696
Costa Rica,CRI,1996,Merchandise exports to low- and middle-income economies outside region (% of total merchandise exports),TX.VAL.MRCH.OR.ZS,0.775884788683885
Costa Rica,CRI,1995,Merchandise exports to low- and middle-income economies outside region (% of total merchandise exports),TX.VAL.MRCH.OR.ZS,1.74744958560134
Costa Rica,CRI,1994,Merchandise exports to low- and middle-income economies outside region (% of total merchandise exports),TX.VAL.MRCH.OR.ZS,0.766193998675187
Costa Rica,CRI,1993,Merchandise exports to low- and middle-income economies outside region (% of total merchandise exports),TX.VAL.MRCH.OR.ZS,0.350724308353319
Costa Rica,CRI,1992,Merchandise exports to low- and middle-income economies outside region (% of total merchandise exports),TX.VAL.MRCH.OR.ZS,0.396053100325434
Costa Rica,CRI,1991,Merchandise exports to low- and middle-income economies outside region (% of total merchandise exports),TX.VAL.MRCH.OR.ZS,0.645286782651556
Costa Rica,CRI,1990,Merchandise exports to low- and middle-income economies outside region (% of total merchandise exports),TX.VAL.MRCH.OR.ZS,0.964710149402845
Costa Rica,CRI,1989,Merchandise exports to low- and middle-income economies outside region (% of total merchandise exports),TX.VAL.MRCH.OR.ZS,0.670699455440898
Costa Rica,CRI,1988,Merchandise exports to low- and middle-income economies outside region (% of total merchandise exports),TX.VAL.MRCH.OR.ZS,0.753416991057992
Costa Rica,CRI,1987,Merchandise exports to low- and middle-income economies outside region (% of total merchandise exports),TX.VAL.MRCH.OR.ZS,0.479604991213848
Costa Rica,CRI,1986,Merchandise exports to low- and middle-income economies outside region (% of total merchandise exports),TX.VAL.MRCH.OR.ZS,0.230755945150869
Costa Rica,CRI,1985,Merchandise exports to low- and middle-income economies outside region (% of total merchandise exports),TX.VAL.MRCH.OR.ZS,0.765200155320167
Costa Rica,CRI,1984,Merchandise exports to low- and middle-income economies outside region (% of total merchandise exports),TX.VAL.MRCH.OR.ZS,0.753772285750712
Costa Rica,CRI,1983,Merchandise exports to low- and middle-income economies outside region (% of total merchandise exports),TX.VAL.MRCH.OR.ZS,1.73920285810536
Costa Rica,CRI,1982,Merchandise exports to low- and middle-income economies outside region (% of total merchandise exports),TX.VAL.MRCH.OR.ZS,2.24730374912952
Costa Rica,CRI,1981,Merchandise exports to low- and middle-income economies outside region (% of total merchandise exports),TX.VAL.MRCH.OR.ZS,1.21206446529136
Costa Rica,CRI,1980,Merchandise exports to low- and middle-income economies outside region (% of total merchandise exports),TX.VAL.MRCH.OR.ZS,0.376976204837189
Costa Rica,CRI,1979,Merchandise exports to low- and middle-income economies outside region (% of total merchandise exports),TX.VAL.MRCH.OR.ZS,0.527362304505015
Costa Rica,CRI,1978,Merchandise exports to low- and middle-income economies outside region (% of total merchandise exports),TX.VAL.MRCH.OR.ZS,0.297844912725723
Costa Rica,CRI,1977,Merchandise exports to low- and middle-income economies outside region (% of total merchandise exports),TX.VAL.MRCH.OR.ZS,0.662853463757885
Costa Rica,CRI,1976,Merchandise exports to low- and middle-income economies outside region (% of total merchandise exports),TX.VAL.MRCH.OR.ZS,0.597197804200343
Costa Rica,CRI,1975,Merchandise exports to low- and middle-income economies outside region (% of total merchandise exports),TX.VAL.MRCH.OR.ZS,1.08607962777279
Costa Rica,CRI,1974,Merchandise exports to low- and middle-income economies outside region (% of total merchandise exports),TX.VAL.MRCH.OR.ZS,0.919902895136833
Costa Rica,CRI,1973,Merchandise exports to low- and middle-income economies outside region (% of total merchandise exports),TX.VAL.MRCH.OR.ZS,1.27417757485437
Costa Rica,CRI,1972,Merchandise exports to low- and middle-income economies outside region (% of total merchandise exports),TX.VAL.MRCH.OR.ZS,0.337068797876924
Costa Rica,CRI,1971,Merchandise exports to low- and middle-income economies outside region (% of total merchandise exports),TX.VAL.MRCH.OR.ZS,0.129278419930423
Costa Rica,CRI,1970,Merchandise exports to low- and middle-income economies outside region (% of total merchandise exports),TX.VAL.MRCH.OR.ZS,0.0284026093151246
Costa Rica,CRI,1969,Merchandise exports to low- and middle-income economies outside region (% of total merchandise exports),TX.VAL.MRCH.OR.ZS,0.434092055417834
Costa Rica,CRI,1968,Merchandise exports to low- and middle-income economies outside region (% of total merchandise exports),TX.VAL.MRCH.OR.ZS,3.2777115613826
Costa Rica,CRI,1967,Merchandise exports to low- and middle-income economies outside region (% of total merchandise exports),TX.VAL.MRCH.OR.ZS,4.1458184417441
Costa Rica,CRI,2023,Merchandise exports to low- and middle-income economies in East Asia & Pacific (% of total merchandise exports),TX.VAL.MRCH.R1.ZS,2.60310975438181
Costa Rica,CRI,2022,Merchandise exports to low- and middle-income economies in East Asia & Pacific (% of total merchandise exports),TX.VAL.MRCH.R1.ZS,2.67729118926227
Costa Rica,CRI,2021,Merchandise exports to low- and middle-income economies in East Asia & Pacific (% of total merchandise exports),TX.VAL.MRCH.R1.ZS,2.66163438136261
Costa Rica,CRI,2020,Merchandise exports to low- and middle-income economies in East Asia & Pacific (% of total merchandise exports),TX.VAL.MRCH.R1.ZS,1.96317387801892
Costa Rica,CRI,2019,Merchandise exports to low- and middle-income economies in East Asia & Pacific (% of total merchandise exports),TX.VAL.MRCH.R1.ZS,1.40290181675254
Costa Rica,CRI,2018,Merchandise exports to low- and middle-income economies in East Asia & Pacific (% of total merchandise exports),TX.VAL.MRCH.R1.ZS,2.2054808337167
Costa Rica,CRI,2017,Merchandise exports to low- and middle-income economies in East Asia & Pacific (% of total merchandise exports),TX.VAL.MRCH.R1.ZS,1.53451596129484
Costa Rica,CRI,2016,Merchandise exports to low- and middle-income economies in East Asia & Pacific (% of total merchandise exports),TX.VAL.MRCH.R1.ZS,0.645438568525117
Costa Rica,CRI,2015,Merchandise exports to low- and middle-income economies in East Asia & Pacific (% of total merchandise exports),TX.VAL.MRCH.R1.ZS,1.05370570250091
Costa Rica,CRI,2014,Merchandise exports to low- and middle-income economies in East Asia & Pacific (% of total merchandise exports),TX.VAL.MRCH.R1.ZS,7.03021547979733
Costa Rica,CRI,2013,Merchandise exports to low- and middle-income economies in East Asia & Pacific (% of total merchandise exports),TX.VAL.MRCH.R1.ZS,6.14597985544596
Costa Rica,CRI,2012,Merchandise exports to low- and middle-income economies in East Asia & Pacific (% of total merchandise exports),TX.VAL.MRCH.R1.ZS,5.03557730582212
Costa Rica,CRI,2011,Merchandise exports to low- and middle-income economies in East Asia & Pacific (% of total merchandise exports),TX.VAL.MRCH.R1.ZS,4.00366141085988
Costa Rica,CRI,2010,Merchandise exports to low- and middle-income economies in East Asia & Pacific (% of total merchandise exports),TX.VAL.MRCH.R1.ZS,5.20415500117118
Costa Rica,CRI,2009,Merchandise exports to low- and middle-income economies in East Asia & Pacific (% of total merchandise exports),TX.VAL.MRCH.R1.ZS,11.2929268649129
Costa Rica,CRI,2008,Merchandise exports to low- and middle-income economies in East Asia & Pacific (% of total merchandise exports),TX.VAL.MRCH.R1.ZS,9.52542638238681
Costa Rica,CRI,2007,Merchandise exports to low- and middle-income economies in East Asia & Pacific (% of total merchandise exports),TX.VAL.MRCH.R1.ZS,11.1320815832958
Costa Rica,CRI,2006,Merchandise exports to low- and middle-income economies in East Asia & Pacific (% of total merchandise exports),TX.VAL.MRCH.R1.ZS,8.32352110956244
Costa Rica,CRI,2005,Merchandise exports to low- and middle-income economies in East Asia & Pacific (% of total merchandise exports),TX.VAL.MRCH.R1.ZS,5.1216886590972
Costa Rica,CRI,2004,Merchandise exports to low- and middle-income economies in East Asia & Pacific (% of total merchandise exports),TX.VAL.MRCH.R1.ZS,5.65024357092403
Costa Rica,CRI,2003,Merchandise exports to low- and middle-income economies in East Asia & Pacific (% of total merchandise exports),TX.VAL.MRCH.R1.ZS,5.45966705181859
Costa Rica,CRI,2002,Merchandise exports to low- and middle-income economies in East Asia & Pacific (% of total merchandise exports),TX.VAL.MRCH.R1.ZS,3.1566080608473
Costa Rica,CRI,2001,Merchandise exports to low- and middle-income economies in East Asia & Pacific (% of total merchandise exports),TX.VAL.MRCH.R1.ZS,4.57511869584668
Costa Rica,CRI,2000,Merchandise exports to low- and middle-income economies in East Asia & Pacific (% of total merchandise exports),TX.VAL.MRCH.R1.ZS,2.0059019837624
Costa Rica,CRI,1999,Merchandise exports to low- and middle-income economies in East Asia & Pacific (% of total merchandise exports),TX.VAL.MRCH.R1.ZS,0.300444402920409
Costa Rica,CRI,1998,Merchandise exports to low- and middle-income economies in East Asia & Pacific (% of total merchandise exports),TX.VAL.MRCH.R1.ZS,0.705395461983213
Costa Rica,CRI,1997,Merchandise exports to low- and middle-income economies in East Asia & Pacific (% of total merchandise exports),TX.VAL.MRCH.R1.ZS,0.668097767595238
Costa Rica,CRI,1996,Merchandise exports to low- and middle-income economies in East Asia & Pacific (% of total merchandise exports),TX.VAL.MRCH.R1.ZS,0.147220522774513
Costa Rica,CRI,1995,Merchandise exports to low- and middle-income economies in East Asia & Pacific (% of total merchandise exports),TX.VAL.MRCH.R1.ZS,1.43046951346104
Costa Rica,CRI,1994,Merchandise exports to low- and middle-income economies in East Asia & Pacific (% of total merchandise exports),TX.VAL.MRCH.R1.ZS,0.093067916037921
Costa Rica,CRI,1993,Merchandise exports to low- and middle-income economies in East Asia & Pacific (% of total merchandise exports),TX.VAL.MRCH.R1.ZS,0.142581866545412
Costa Rica,CRI,1992,Merchandise exports to low- and middle-income economies in East Asia & Pacific (% of total merchandise exports),TX.VAL.MRCH.R1.ZS,0.231045293812408
Costa Rica,CRI,1991,Merchandise exports to low- and middle-income economies in East Asia & Pacific (% of total merchandise exports),TX.VAL.MRCH.R1.ZS,0.478081214834982
Costa Rica,CRI,1990,Merchandise exports to low- and middle-income economies in East Asia & Pacific (% of total merchandise exports),TX.VAL.MRCH.R1.ZS,0.851172047396484
Costa Rica,CRI,1989,Merchandise exports to low- and middle-income economies in East Asia & Pacific (% of total merchandise exports),TX.VAL.MRCH.R1.ZS,0.287134892879247
Costa Rica,CRI,1988,Merchandise exports to low- and middle-income economies in East Asia & Pacific (% of total merchandise exports),TX.VAL.MRCH.R1.ZS,0.20487436831785
Costa Rica,CRI,1987,Merchandise exports to low- and middle-income economies in East Asia & Pacific (% of total merchandise exports),TX.VAL.MRCH.R1.ZS,0.200448839303072
Costa Rica,CRI,1986,Merchandise exports to low- and middle-income economies in East Asia & Pacific (% of total merchandise exports),TX.VAL.MRCH.R1.ZS,0.102306521285702
Costa Rica,CRI,1985,Merchandise exports to low- and middle-income economies in East Asia & Pacific (% of total merchandise exports),TX.VAL.MRCH.R1.ZS,0.126762026025158
Costa Rica,CRI,1984,Merchandise exports to low- and middle-income economies in East Asia & Pacific (% of total merchandise exports),TX.VAL.MRCH.R1.ZS,0.180909563130273
Costa Rica,CRI,1983,Merchandise exports to low- and middle-income economies in East Asia & Pacific (% of total merchandise exports),TX.VAL.MRCH.R1.ZS,0.164211777253748
Costa Rica,CRI,1982,Merchandise exports to low- and middle-income economies in East Asia & Pacific (% of total merchandise exports),TX.VAL.MRCH.R1.ZS,0.196373305175344
Costa Rica,CRI,1981,Merchandise exports to low- and middle-income economies in East Asia & Pacific (% of total merchandise exports),TX.VAL.MRCH.R1.ZS,0.162857025628941
Costa Rica,CRI,1980,Merchandise exports to low- and middle-income economies in East Asia & Pacific (% of total merchandise exports),TX.VAL.MRCH.R1.ZS,0.0821914317025307
Costa Rica,CRI,1979,Merchandise exports to low- and middle-income economies in East Asia & Pacific (% of total merchandise exports),TX.VAL.MRCH.R1.ZS,0.0845928075972398
Costa Rica,CRI,1978,Merchandise exports to low- and middle-income economies in East Asia & Pacific (% of total merchandise exports),TX.VAL.MRCH.R1.ZS,0.0745911779688328
Costa Rica,CRI,1977,Merchandise exports to low- and middle-income economies in East Asia & Pacific (% of total merchandise exports),TX.VAL.MRCH.R1.ZS,0.0307979716430528
Costa Rica,CRI,1976,Merchandise exports to low- and middle-income economies in East Asia & Pacific (% of total merchandise exports),TX.VAL.MRCH.R1.ZS,0.00850412450038268
Costa Rica,CRI,1975,Merchandise exports to low- and middle-income economies in East Asia & Pacific (% of total merchandise exports),TX.VAL.MRCH.R1.ZS,0.480084718380178
Costa Rica,CRI,1974,Merchandise exports to low- and middle-income economies in East Asia & Pacific (% of total merchandise exports),TX.VAL.MRCH.R1.ZS,0.309035506666955
Costa Rica,CRI,1973,Merchandise exports to low- and middle-income economies in East Asia & Pacific (% of total merchandise exports),TX.VAL.MRCH.R1.ZS,0.0202501526671666
Costa Rica,CRI,1972,Merchandise exports to low- and middle-income economies in East Asia & Pacific (% of total merchandise exports),TX.VAL.MRCH.R1.ZS,0.0312665626989907
Costa Rica,CRI,1971,Merchandise exports to low- and middle-income economies in East Asia & Pacific (% of total merchandise exports),TX.VAL.MRCH.R1.ZS,0.0336662551902143
Costa Rica,CRI,1970,Merchandise exports to low- and middle-income economies in East Asia & Pacific (% of total merchandise exports),TX.VAL.MRCH.R1.ZS,0.0260745265843767
Costa Rica,CRI,1969,Merchandise exports to low- and middle-income economies in East Asia & Pacific (% of total merchandise exports),TX.VAL.MRCH.R1.ZS,0.0042926284837363
Costa Rica,CRI,1968,Merchandise exports to low- and middle-income economies in East Asia & Pacific (% of total merchandise exports),TX.VAL.MRCH.R1.ZS,0.119189511323004
Costa Rica,CRI,2023,Merchandise exports to low- and middle-income economies in Europe & Central Asia (% of total merchandise exports),TX.VAL.MRCH.R2.ZS,0.317336422921325
Costa Rica,CRI,2022,Merchandise exports to low- and middle-income economies in Europe & Central Asia (% of total merchandise exports),TX.VAL.MRCH.R2.ZS,0.36799764695204
Costa Rica,CRI,2021,Merchandise exports to low- and middle-income economies in Europe & Central Asia (% of total merchandise exports),TX.VAL.MRCH.R2.ZS,0.499039230434382
Costa Rica,CRI,2020,Merchandise exports to low- and middle-income economies in Europe & Central Asia (% of total merchandise exports),TX.VAL.MRCH.R2.ZS,0.554576683877479
Costa Rica,CRI,2019,Merchandise exports to low- and middle-income economies in Europe & Central Asia (% of total merchandise exports),TX.VAL.MRCH.R2.ZS,0.555530848031007
Costa Rica,CRI,2018,Merchandise exports to low- and middle-income economies in Europe & Central Asia (% of total merchandise exports),TX.VAL.MRCH.R2.ZS,0.431321185958792
Costa Rica,CRI,2017,Merchandise exports to low- and middle-income economies in Europe & Central Asia (% of total merchandise exports),TX.VAL.MRCH.R2.ZS,0.589440077419894
Costa Rica,CRI,2016,Merchandise exports to low- and middle-income economies in Europe & Central Asia (% of total merchandise exports),TX.VAL.MRCH.R2.ZS,0.622369755496167
Costa Rica,CRI,2015,Merchandise exports to low- and middle-income economies in Europe & Central Asia (% of total merchandise exports),TX.VAL.MRCH.R2.ZS,0.399853206616994
Costa Rica,CRI,2014,Merchandise exports to low- and middle-income economies in Europe & Central Asia (% of total merchandise exports),TX.VAL.MRCH.R2.ZS,0.382605904066779
Costa Rica,CRI,2013,Merchandise exports to low- and middle-income economies in Europe & Central Asia (% of total merchandise exports),TX.VAL.MRCH.R2.ZS,0.404765420160867
Costa Rica,CRI,2012,Merchandise exports to low- and middle-income economies in Europe & Central Asia (% of total merchandise exports),TX.VAL.MRCH.R2.ZS,0.0862085360306563
Costa Rica,CRI,2011,Merchandise exports to low- and middle-income economies in Europe & Central Asia (% of total merchandise exports),TX.VAL.MRCH.R2.ZS,0.331267377380775
Costa Rica,CRI,2010,Merchandise exports to low- and middle-income economies in Europe & Central Asia (% of total merchandise exports),TX.VAL.MRCH.R2.ZS,0.213823745491906
Costa Rica,CRI,2009,Merchandise exports to low- and middle-income economies in Europe & Central Asia (% of total merchandise exports),TX.VAL.MRCH.R2.ZS,0.00850061091379361
Costa Rica,CRI,2008,Merchandise exports to low- and middle-income economies in Europe & Central Asia (% of total merchandise exports),TX.VAL.MRCH.R2.ZS,0.0412105374743949
Costa Rica,CRI,2007,Merchandise exports to low- and middle-income economies in Europe & Central Asia (% of total merchandise exports),TX.VAL.MRCH.R2.ZS,0.0190113278659047
Costa Rica,CRI,2006,Merchandise exports to low- and middle-income economies in Europe & Central Asia (% of total merchandise exports),TX.VAL.MRCH.R2.ZS,0.0166990618311974
Costa Rica,CRI,2005,Merchandise exports to low- and middle-income economies in Europe & Central Asia (% of total merchandise exports),TX.VAL.MRCH.R2.ZS,0.0810440649268782
Costa Rica,CRI,2004,Merchandise exports to low- and middle-income economies in Europe & Central Asia (% of total merchandise exports),TX.VAL.MRCH.R2.ZS,0.00129208840987757
Costa Rica,CRI,2003,Merchandise exports to low- and middle-income economies in Europe & Central Asia (% of total merchandise exports),TX.VAL.MRCH.R2.ZS,0.00989526554877516
Costa Rica,CRI,2002,Merchandise exports to low- and middle-income economies in Europe & Central Asia (% of total merchandise exports),TX.VAL.MRCH.R2.ZS,0.0485849427574669
Costa Rica,CRI,2001,Merchandise exports to low- and middle-income economies in Europe & Central Asia (% of total merchandise exports),TX.VAL.MRCH.R2.ZS,0.0579241305771499
Costa Rica,CRI,2000,Merchandise exports to low- and middle-income economies in Europe & Central Asia (% of total merchandise exports),TX.VAL.MRCH.R2.ZS,0.114671606427012
Costa Rica,CRI,1999,Merchandise exports to low- and middle-income economies in Europe & Central Asia (% of total merchandise exports),TX.VAL.MRCH.R2.ZS,0.585670838979674
Costa Rica,CRI,1998,Merchandise exports to low- and middle-income economies in Europe & Central Asia (% of total merchandise exports),TX.VAL.MRCH.R2.ZS,0.6091876477657
Costa Rica,CRI,1997,Merchandise exports to low- and middle-income economies in Europe & Central Asia (% of total merchandise exports),TX.VAL.MRCH.R2.ZS,0.230693411209466
Costa Rica,CRI,1996,Merchandise exports to low- and middle-income economies in Europe & Central Asia (% of total merchandise exports),TX.VAL.MRCH.R2.ZS,0.242965271771824
Costa Rica,CRI,1995,Merchandise exports to low- and middle-income economies in Europe & Central Asia (% of total merchandise exports),TX.VAL.MRCH.R2.ZS,0.0138561129959561
Costa Rica,CRI,1994,Merchandise exports to low- and middle-income economies in Europe & Central Asia (% of total merchandise exports),TX.VAL.MRCH.R2.ZS,0.00509965439042088
Costa Rica,CRI,1989,Merchandise exports to low- and middle-income economies in Europe & Central Asia (% of total merchandise exports),TX.VAL.MRCH.R2.ZS,0.0158921019330701
Costa Rica,CRI,1988,Merchandise exports to low- and middle-income economies in Europe & Central Asia (% of total merchandise exports),TX.VAL.MRCH.R2.ZS,0.00737912536636528
Costa Rica,CRI,1985,Merchandise exports to low- and middle-income economies in Europe & Central Asia (% of total merchandise exports),TX.VAL.MRCH.R2.ZS,0.0265263367016137
Costa Rica,CRI,1984,Merchandise exports to low- and middle-income economies in Europe & Central Asia (% of total merchandise exports),TX.VAL.MRCH.R2.ZS,0.0541569688112756
Costa Rica,CRI,1983,Merchandise exports to low- and middle-income economies in Europe & Central Asia (% of total merchandise exports),TX.VAL.MRCH.R2.ZS,0.446143882334368
Costa Rica,CRI,1982,Merchandise exports to low- and middle-income economies in Europe & Central Asia (% of total merchandise exports),TX.VAL.MRCH.R2.ZS,0.895624721535725
Costa Rica,CRI,1981,Merchandise exports to low- and middle-income economies in Europe & Central Asia (% of total merchandise exports),TX.VAL.MRCH.R2.ZS,0.347281034626055
Costa Rica,CRI,1979,Merchandise exports to low- and middle-income economies in Europe & Central Asia (% of total merchandise exports),TX.VAL.MRCH.R2.ZS,0.0577379480425605
Costa Rica,CRI,1975,Merchandise exports to low- and middle-income economies in Europe & Central Asia (% of total merchandise exports),TX.VAL.MRCH.R2.ZS,0.0162599253294198
Costa Rica,CRI,1973,Merchandise exports to low- and middle-income economies in Europe & Central Asia (% of total merchandise exports),TX.VAL.MRCH.R2.ZS,0.00632817270848956
Costa Rica,CRI,1972,Merchandise exports to low- and middle-income economies in Europe & Central Asia (% of total merchandise exports),TX.VAL.MRCH.R2.ZS,0.0541445354055693
Costa Rica,CRI,2023,Merchandise exports to low- and middle-income economies in Latin America & the Caribbean (% of total merchandise exports),TX.VAL.MRCH.R3.ZS,21.0737283268309
Costa Rica,CRI,2022,Merchandise exports to low- and middle-income economies in Latin America & the Caribbean (% of total merchandise exports),TX.VAL.MRCH.R3.ZS,22.4084162644273
Costa Rica,CRI,2021,Merchandise exports to low- and middle-income economies in Latin America & the Caribbean (% of total merchandise exports),TX.VAL.MRCH.R3.ZS,22.4514966833597
Costa Rica,CRI,2020,Merchandise exports to low- and middle-income economies in Latin America & the Caribbean (% of total merchandise exports),TX.VAL.MRCH.R3.ZS,21.3033776293693
Costa Rica,CRI,2019,Merchandise exports to low- and middle-income economies in Latin America & the Caribbean (% of total merchandise exports),TX.VAL.MRCH.R3.ZS,22.0151560809025
Costa Rica,CRI,2018,Merchandise exports to low- and middle-income economies in Latin America & the Caribbean (% of total merchandise exports),TX.VAL.MRCH.R3.ZS,22.8145932842294
Costa Rica,CRI,2017,Merchandise exports to low- and middle-income economies in Latin America & the Caribbean (% of total merchandise exports),TX.VAL.MRCH.R3.ZS,24.1690978057017
Costa Rica,CRI,2016,Merchandise exports to low- and middle-income economies in Latin America & the Caribbean (% of total merchandise exports),TX.VAL.MRCH.R3.ZS,24.7646702217042
Costa Rica,CRI,2015,Merchandise exports to low- and middle-income economies in Latin America & the Caribbean (% of total merchandise exports),TX.VAL.MRCH.R3.ZS,25.6702331712971
Costa Rica,CRI,2014,Merchandise exports to low- and middle-income economies in Latin America & the Caribbean (% of total merchandise exports),TX.VAL.MRCH.R3.ZS,21.4421521672762
Costa Rica,CRI,2013,Merchandise exports to low- and middle-income economies in Latin America & the Caribbean (% of total merchandise exports),TX.VAL.MRCH.R3.ZS,20.8606047642116
Costa Rica,CRI,2012,Merchandise exports to low- and middle-income economies in Latin America & the Caribbean (% of total merchandise exports),TX.VAL.MRCH.R3.ZS,21.7143929114452
Costa Rica,CRI,2011,Merchandise exports to low- and middle-income economies in Latin America & the Caribbean (% of total merchandise exports),TX.VAL.MRCH.R3.ZS,22.5337554153172
Costa Rica,CRI,2010,Merchandise exports to low- and middle-income economies in Latin America & the Caribbean (% of total merchandise exports),TX.VAL.MRCH.R3.ZS,22.6893839088994
Costa Rica,CRI,2009,Merchandise exports to low- and middle-income economies in Latin America & the Caribbean (% of total merchandise exports),TX.VAL.MRCH.R3.ZS,20.9621122055297
Costa Rica,CRI,2008,Merchandise exports to low- and middle-income economies in Latin America & the Caribbean (% of total merchandise exports),TX.VAL.MRCH.R3.ZS,21.869592750633
Costa Rica,CRI,2007,Merchandise exports to low- and middle-income economies in Latin America & the Caribbean (% of total merchandise exports),TX.VAL.MRCH.R3.ZS,20.5847743783368
Costa Rica,CRI,2006,Merchandise exports to low- and middle-income economies in Latin America & the Caribbean (% of total merchandise exports),TX.VAL.MRCH.R3.ZS,19.7419528464785
Costa Rica,CRI,2005,Merchandise exports to low- and middle-income economies in Latin America & the Caribbean (% of total merchandise exports),TX.VAL.MRCH.R3.ZS,20.5682441406222
Costa Rica,CRI,2004,Merchandise exports to low- and middle-income economies in Latin America & the Caribbean (% of total merchandise exports),TX.VAL.MRCH.R3.ZS,20.5498904802176
Costa Rica,CRI,2003,Merchandise exports to low- and middle-income economies in Latin America & the Caribbean (% of total merchandise exports),TX.VAL.MRCH.R3.ZS,18.2312887670223
Costa Rica,CRI,2002,Merchandise exports to low- and middle-income economies in Latin America & the Caribbean (% of total merchandise exports),TX.VAL.MRCH.R3.ZS,19.3584241274172
Costa Rica,CRI,2001,Merchandise exports to low- and middle-income economies in Latin America & the Caribbean (% of total merchandise exports),TX.VAL.MRCH.R3.ZS,18.4728290501655
Costa Rica,CRI,2000,Merchandise exports to low- and middle-income economies in Latin America & the Caribbean (% of total merchandise exports),TX.VAL.MRCH.R3.ZS,15.1189292170506
Costa Rica,CRI,1999,Merchandise exports to low- and middle-income economies in Latin America & the Caribbean (% of total merchandise exports),TX.VAL.MRCH.R3.ZS,26.5456763522662
Costa Rica,CRI,1998,Merchandise exports to low- and middle-income economies in Latin America & the Caribbean (% of total merchandise exports),TX.VAL.MRCH.R3.ZS,22.5885302140543
Costa Rica,CRI,1997,Merchandise exports to low- and middle-income economies in Latin America & the Caribbean (% of total merchandise exports),TX.VAL.MRCH.R3.ZS,21.3170394039505
Costa Rica,CRI,1996,Merchandise exports to low- and middle-income economies in Latin America & the Caribbean (% of total merchandise exports),TX.VAL.MRCH.R3.ZS,20.2634034975738
Costa Rica,CRI,1995,Merchandise exports to low- and middle-income economies in Latin America & the Caribbean (% of total merchandise exports),TX.VAL.MRCH.R3.ZS,17.8242302294452
Costa Rica,CRI,1994,Merchandise exports to low- and middle-income economies in Latin America & the Caribbean (% of total merchandise exports),TX.VAL.MRCH.R3.ZS,17.8150950703803
Costa Rica,CRI,1993,Merchandise exports to low- and middle-income economies in Latin America & the Caribbean (% of total merchandise exports),TX.VAL.MRCH.R3.ZS,11.9640136311064
Costa Rica,CRI,1992,Merchandise exports to low- and middle-income economies in Latin America & the Caribbean (% of total merchandise exports),TX.VAL.MRCH.R3.ZS,18.1286934886923
Costa Rica,CRI,1991,Merchandise exports to low- and middle-income economies in Latin America & the Caribbean (% of total merchandise exports),TX.VAL.MRCH.R3.ZS,14.3880596975278
Costa Rica,CRI,1990,Merchandise exports to low- and middle-income economies in Latin America & the Caribbean (% of total merchandise exports),TX.VAL.MRCH.R3.ZS,13.0001781489056
Costa Rica,CRI,1989,Merchandise exports to low- and middle-income economies in Latin America & the Caribbean (% of total merchandise exports),TX.VAL.MRCH.R3.ZS,13.6177289329087
Costa Rica,CRI,1988,Merchandise exports to low- and middle-income economies in Latin America & the Caribbean (% of total merchandise exports),TX.VAL.MRCH.R3.ZS,13.1088089345455
Costa Rica,CRI,1987,Merchandise exports to low- and middle-income economies in Latin America & the Caribbean (% of total merchandise exports),TX.VAL.MRCH.R3.ZS,12.3673347665488
Costa Rica,CRI,1986,Merchandise exports to low- and middle-income economies in Latin America & the Caribbean (% of total merchandise exports),TX.VAL.MRCH.R3.ZS,13.1294941961812
Costa Rica,CRI,1985,Merchandise exports to low- and middle-income economies in Latin America & the Caribbean (% of total merchandise exports),TX.VAL.MRCH.R3.ZS,18.5007088740191
Costa Rica,CRI,1984,Merchandise exports to low- and middle-income economies in Latin America & the Caribbean (% of total merchandise exports),TX.VAL.MRCH.R3.ZS,22.6891358381107
Costa Rica,CRI,1983,Merchandise exports to low- and middle-income economies in Latin America & the Caribbean (% of total merchandise exports),TX.VAL.MRCH.R3.ZS,25.8992179740419
Costa Rica,CRI,1982,Merchandise exports to low- and middle-income economies in Latin America & the Caribbean (% of total merchandise exports),TX.VAL.MRCH.R3.ZS,23.2001204040703
Costa Rica,CRI,1981,Merchandise exports to low- and middle-income economies in Latin America & the Caribbean (% of total merchandise exports),TX.VAL.MRCH.R3.ZS,30.654047701959
Costa Rica,CRI,1980,Merchandise exports to low- and middle-income economies in Latin America & the Caribbean (% of total merchandise exports),TX.VAL.MRCH.R3.ZS,31.1571364250338
Costa Rica,CRI,1979,Merchandise exports to low- and middle-income economies in Latin America & the Caribbean (% of total merchandise exports),TX.VAL.MRCH.R3.ZS,22.8192455350999
Costa Rica,CRI,1978,Merchandise exports to low- and middle-income economies in Latin America & the Caribbean (% of total merchandise exports),TX.VAL.MRCH.R3.ZS,25.893794637752
Costa Rica,CRI,1977,Merchandise exports to low- and middle-income economies in Latin America & the Caribbean (% of total merchandise exports),TX.VAL.MRCH.R3.ZS,23.6339578688818
Costa Rica,CRI,1976,Merchandise exports to low- and middle-income economies in Latin America & the Caribbean (% of total merchandise exports),TX.VAL.MRCH.R3.ZS,25.8622574805924
Costa Rica,CRI,1975,Merchandise exports to low- and middle-income economies in Latin America & the Caribbean (% of total merchandise exports),TX.VAL.MRCH.R3.ZS,26.0577811038822
Costa Rica,CRI,1974,Merchandise exports to low- and middle-income economies in Latin America & the Caribbean (% of total merchandise exports),TX.VAL.MRCH.R3.ZS,26.2848265247072
Costa Rica,CRI,1973,Merchandise exports to low- and middle-income economies in Latin America & the Caribbean (% of total merchandise exports),TX.VAL.MRCH.R3.ZS,24.096732448022
Costa Rica,CRI,1972,Merchandise exports to low- and middle-income economies in Latin America & the Caribbean (% of total merchandise exports),TX.VAL.MRCH.R3.ZS,21.2784211148436
Costa Rica,CRI,1971,Merchandise exports to low- and middle-income economies in Latin America & the Caribbean (% of total merchandise exports),TX.VAL.MRCH.R3.ZS,22.2816743350915
Costa Rica,CRI,1970,Merchandise exports to low- and middle-income economies in Latin America & the Caribbean (% of total merchandise exports),TX.VAL.MRCH.R3.ZS,21.9412485042068
Costa Rica,CRI,1969,Merchandise exports to low- and middle-income economies in Latin America & the Caribbean (% of total merchandise exports),TX.VAL.MRCH.R3.ZS,21.1352929182362
Costa Rica,CRI,1968,Merchandise exports to low- and middle-income economies in Latin America & the Caribbean (% of total merchandise exports),TX.VAL.MRCH.R3.ZS,22.1692491060787
Costa Rica,CRI,1967,Merchandise exports to low- and middle-income economies in Latin America & the Caribbean (% of total merchandise exports),TX.VAL.MRCH.R3.ZS,20.0857755539671
Costa Rica,CRI,1966,Merchandise exports to low- and middle-income economies in Latin America & the Caribbean (% of total merchandise exports),TX.VAL.MRCH.R3.ZS,20.8364451082898
Costa Rica,CRI,1965,Merchandise exports to low- and middle-income economies in Latin America & the Caribbean (% of total merchandise exports),TX.VAL.MRCH.R3.ZS,18.8714153561517
Costa Rica,CRI,1964,Merchandise exports to low- and middle-income economies in Latin America & the Caribbean (% of total merchandise exports),TX.VAL.MRCH.R3.ZS,13.7023593466425
Costa Rica,CRI,1963,Merchandise exports to low- and middle-income economies in Latin America & the Caribbean (% of total merchandise exports),TX.VAL.MRCH.R3.ZS,4.40677966101695
Costa Rica,CRI,1962,Merchandise exports to low- and middle-income economies in Latin America & the Caribbean (% of total merchandise exports),TX.VAL.MRCH.R3.ZS,4.15647921760391
Costa Rica,CRI,1961,Merchandise exports to low- and middle-income economies in Latin America & the Caribbean (% of total merchandise exports),TX.VAL.MRCH.R3.ZS,5.64826700898588
Costa Rica,CRI,1960,Merchandise exports to low- and middle-income economies in Latin America & the Caribbean (% of total merchandise exports),TX.VAL.MRCH.R3.ZS,4.21686746987952
Costa Rica,CRI,2023,Merchandise exports to low- and middle-income economies in Middle East & North Africa (% of total merchandise exports),TX.VAL.MRCH.R4.ZS,0.257298380210135
Costa Rica,CRI,2022,Merchandise exports to low- and middle-income economies in Middle East & North Africa (% of total merchandise exports),TX.VAL.MRCH.R4.ZS,0.18684116608576
Costa Rica,CRI,2021,Merchandise exports to low- and middle-income economies in Middle East & North Africa (% of total merchandise exports),TX.VAL.MRCH.R4.ZS,0.162824298397202
Costa Rica,CRI,2020,Merchandise exports to low- and middle-income economies in Middle East & North Africa (% of total merchandise exports),TX.VAL.MRCH.R4.ZS,0.189562348191369
Costa Rica,CRI,2019,Merchandise exports to low- and middle-income economies in Middle East & North Africa (% of total merchandise exports),TX.VAL.MRCH.R4.ZS,0.11412188256627
Costa Rica,CRI,2018,Merchandise exports to low- and middle-income economies in Middle East & North Africa (% of total merchandise exports),TX.VAL.MRCH.R4.ZS,0.0714534000570606
Costa Rica,CRI,2017,Merchandise exports to low- and middle-income economies in Middle East & North Africa (% of total merchandise exports),TX.VAL.MRCH.R4.ZS,0.152682610671921
Costa Rica,CRI,2016,Merchandise exports to low- and middle-income economies in Middle East & North Africa (% of total merchandise exports),TX.VAL.MRCH.R4.ZS,0.112976630956849
Costa Rica,CRI,2015,Merchandise exports to low- and middle-income economies in Middle East & North Africa (% of total merchandise exports),TX.VAL.MRCH.R4.ZS,0.076087351630673
Costa Rica,CRI,2014,Merchandise exports to low- and middle-income economies in Middle East & North Africa (% of total merchandise exports),TX.VAL.MRCH.R4.ZS,0.107671770011935
Costa Rica,CRI,2013,Merchandise exports to low- and middle-income economies in Middle East & North Africa (% of total merchandise exports),TX.VAL.MRCH.R4.ZS,0.171457174364569
Costa Rica,CRI,2012,Merchandise exports to low- and middle-income economies in Middle East & North Africa (% of total merchandise exports),TX.VAL.MRCH.R4.ZS,0.0346284237348304
Costa Rica,CRI,2011,Merchandise exports to low- and middle-income economies in Middle East & North Africa (% of total merchandise exports),TX.VAL.MRCH.R4.ZS,0.03043162969129
Costa Rica,CRI,2010,Merchandise exports to low- and middle-income economies in Middle East & North Africa (% of total merchandise exports),TX.VAL.MRCH.R4.ZS,0.140806375496012
Costa Rica,CRI,2009,Merchandise exports to low- and middle-income economies in Middle East & North Africa (% of total merchandise exports),TX.VAL.MRCH.R4.ZS,0.146288385583525
Costa Rica,CRI,2008,Merchandise exports to low- and middle-income economies in Middle East & North Africa (% of total merchandise exports),TX.VAL.MRCH.R4.ZS,0.0307029525305881
Costa Rica,CRI,2007,Merchandise exports to low- and middle-income economies in Middle East & North Africa (% of total merchandise exports),TX.VAL.MRCH.R4.ZS,0.036804118334177
Costa Rica,CRI,2006,Merchandise exports to low- and middle-income economies in Middle East & North Africa (% of total merchandise exports),TX.VAL.MRCH.R4.ZS,0.0123856981409197
Costa Rica,CRI,2005,Merchandise exports to low- and middle-income economies in Middle East & North Africa (% of total merchandise exports),TX.VAL.MRCH.R4.ZS,0.055540723322857
Costa Rica,CRI,2004,Merchandise exports to low- and middle-income economies in Middle East & North Africa (% of total merchandise exports),TX.VAL.MRCH.R4.ZS,0.0228670427713993
Costa Rica,CRI,2003,Merchandise exports to low- and middle-income economies in Middle East & North Africa (% of total merchandise exports),TX.VAL.MRCH.R4.ZS,0.0142441565194598
Costa Rica,CRI,2002,Merchandise exports to low- and middle-income economies in Middle East & North Africa (% of total merchandise exports),TX.VAL.MRCH.R4.ZS,0.0125538673968415
Costa Rica,CRI,2001,Merchandise exports to low- and middle-income economies in Middle East & North Africa (% of total merchandise exports),TX.VAL.MRCH.R4.ZS,0.01967956074501
Costa Rica,CRI,2000,Merchandise exports to low- and middle-income economies in Middle East & North Africa (% of total merchandise exports),TX.VAL.MRCH.R4.ZS,0.109685322674844
Costa Rica,CRI,1999,Merchandise exports to low- and middle-income economies in Middle East & North Africa (% of total merchandise exports),TX.VAL.MRCH.R4.ZS,0.144802961092498
Costa Rica,CRI,1998,Merchandise exports to low- and middle-income economies in Middle East & North Africa (% of total merchandise exports),TX.VAL.MRCH.R4.ZS,0.0567804820472199
Costa Rica,CRI,1997,Merchandise exports to low- and middle-income economies in Middle East & North Africa (% of total merchandise exports),TX.VAL.MRCH.R4.ZS,0.307039894349379
Costa Rica,CRI,1996,Merchandise exports to low- and middle-income economies in Middle East & North Africa (% of total merchandise exports),TX.VAL.MRCH.R4.ZS,0.119512936137211
Costa Rica,CRI,1995,Merchandise exports to low- and middle-income economies in Middle East & North Africa (% of total merchandise exports),TX.VAL.MRCH.R4.ZS,0.101396492612796
Costa Rica,CRI,1994,Merchandise exports to low- and middle-income economies in Middle East & North Africa (% of total merchandise exports),TX.VAL.MRCH.R4.ZS,0.513109209881182
Costa Rica,CRI,1993,Merchandise exports to low- and middle-income economies in Middle East & North Africa (% of total merchandise exports),TX.VAL.MRCH.R4.ZS,0.0866823918426259
Costa Rica,CRI,1992,Merchandise exports to low- and middle-income economies in Middle East & North Africa (% of total merchandise exports),TX.VAL.MRCH.R4.ZS,0.0949038304033613
Costa Rica,CRI,1991,Merchandise exports to low- and middle-income economies in Middle East & North Africa (% of total merchandise exports),TX.VAL.MRCH.R4.ZS,0.0869033307033
Costa Rica,CRI,1990,Merchandise exports to low- and middle-income economies in Middle East & North Africa (% of total merchandise exports),TX.VAL.MRCH.R4.ZS,0.0311051335327524
Costa Rica,CRI,1989,Merchandise exports to low- and middle-income economies in Middle East & North Africa (% of total merchandise exports),TX.VAL.MRCH.R4.ZS,0.214693578074145
Costa Rica,CRI,1988,Merchandise exports to low- and middle-income economies in Middle East & North Africa (% of total merchandise exports),TX.VAL.MRCH.R4.ZS,0.346404334614316
Costa Rica,CRI,1987,Merchandise exports to low- and middle-income economies in Middle East & North Africa (% of total merchandise exports),TX.VAL.MRCH.R4.ZS,0.126365817244263
Costa Rica,CRI,1986,Merchandise exports to low- and middle-income economies in Middle East & North Africa (% of total merchandise exports),TX.VAL.MRCH.R4.ZS,0.0364301819338386
Costa Rica,CRI,1985,Merchandise exports to low- and middle-income economies in Middle East & North Africa (% of total merchandise exports),TX.VAL.MRCH.R4.ZS,0.402297293636388
Costa Rica,CRI,1984,Merchandise exports to low- and middle-income economies in Middle East & North Africa (% of total merchandise exports),TX.VAL.MRCH.R4.ZS,0.309347977490088
Costa Rica,CRI,1983,Merchandise exports to low- and middle-income economies in Middle East & North Africa (% of total merchandise exports),TX.VAL.MRCH.R4.ZS,0.513021956643616
Costa Rica,CRI,1982,Merchandise exports to low- and middle-income economies in Middle East & North Africa (% of total merchandise exports),TX.VAL.MRCH.R4.ZS,0.825627910810207
Costa Rica,CRI,1981,Merchandise exports to low- and middle-income economies in Middle East & North Africa (% of total merchandise exports),TX.VAL.MRCH.R4.ZS,0.570315204092046
Costa Rica,CRI,1980,Merchandise exports to low- and middle-income economies in Middle East & North Africa (% of total merchandise exports),TX.VAL.MRCH.R4.ZS,0.260272867058014
Costa Rica,CRI,1979,Merchandise exports to low- and middle-income economies in Middle East & North Africa (% of total merchandise exports),TX.VAL.MRCH.R4.ZS,0.374177709795198
Costa Rica,CRI,1978,Merchandise exports to low- and middle-income economies in Middle East & North Africa (% of total merchandise exports),TX.VAL.MRCH.R4.ZS,0.219745090497032
Costa Rica,CRI,1977,Merchandise exports to low- and middle-income economies in Middle East & North Africa (% of total merchandise exports),TX.VAL.MRCH.R4.ZS,0.593019379908823
Costa Rica,CRI,1976,Merchandise exports to low- and middle-income economies in Middle East & North Africa (% of total merchandise exports),TX.VAL.MRCH.R4.ZS,0.576024269730003
Costa Rica,CRI,1975,Merchandise exports to low- and middle-income economies in Middle East & North Africa (% of total merchandise exports),TX.VAL.MRCH.R4.ZS,0.529906797274169
Costa Rica,CRI,1974,Merchandise exports to low- and middle-income economies in Middle East & North Africa (% of total merchandise exports),TX.VAL.MRCH.R4.ZS,0.531147273307929
Costa Rica,CRI,1973,Merchandise exports to low- and middle-income economies in Middle East & North Africa (% of total merchandise exports),TX.VAL.MRCH.R4.ZS,1.1542587020285
Costa Rica,CRI,1972,Merchandise exports to low- and middle-income economies in Middle East & North Africa (% of total merchandise exports),TX.VAL.MRCH.R4.ZS,0.186455477558615
Costa Rica,CRI,1971,Merchandise exports to low- and middle-income economies in Middle East & North Africa (% of total merchandise exports),TX.VAL.MRCH.R4.ZS,0.00718213444057906
Costa Rica,CRI,1968,Merchandise exports to low- and middle-income economies in Middle East & North Africa (% of total merchandise exports),TX.VAL.MRCH.R4.ZS,3.03933253873659
Costa Rica,CRI,1967,Merchandise exports to low- and middle-income economies in Middle East & North Africa (% of total merchandise exports),TX.VAL.MRCH.R4.ZS,2.64474624731951
Costa Rica,CRI,2023,Merchandise exports to low- and middle-income economies in South Asia (% of total merchandise exports),TX.VAL.MRCH.R5.ZS,0.320675299872174
Costa Rica,CRI,2022,Merchandise exports to low- and middle-income economies in South Asia (% of total merchandise exports),TX.VAL.MRCH.R5.ZS,0.224656525281477
Costa Rica,CRI,2021,Merchandise exports to low- and middle-income economies in South Asia (% of total merchandise exports),TX.VAL.MRCH.R5.ZS,0.257132820831179
Costa Rica,CRI,2020,Merchandise exports to low- and middle-income economies in South Asia (% of total merchandise exports),TX.VAL.MRCH.R5.ZS,0.20777130662385
Costa Rica,CRI,2019,Merchandise exports to low- and middle-income economies in South Asia (% of total merchandise exports),TX.VAL.MRCH.R5.ZS,0.300323534220747
Costa Rica,CRI,2018,Merchandise exports to low- and middle-income economies in South Asia (% of total merchandise exports),TX.VAL.MRCH.R5.ZS,0.329877813195536
Costa Rica,CRI,2017,Merchandise exports to low- and middle-income economies in South Asia (% of total merchandise exports),TX.VAL.MRCH.R5.ZS,0.387764180123204
Costa Rica,CRI,2016,Merchandise exports to low- and middle-income economies in South Asia (% of total merchandise exports),TX.VAL.MRCH.R5.ZS,0.205460317361928
Costa Rica,CRI,2015,Merchandise exports to low- and middle-income economies in South Asia (% of total merchandise exports),TX.VAL.MRCH.R5.ZS,0.151532677632501
Costa Rica,CRI,2014,Merchandise exports to low- and middle-income economies in South Asia (% of total merchandise exports),TX.VAL.MRCH.R5.ZS,0.154483839729635
Costa Rica,CRI,2013,Merchandise exports to low- and middle-income economies in South Asia (% of total merchandise exports),TX.VAL.MRCH.R5.ZS,0.27863827451719
Costa Rica,CRI,2012,Merchandise exports to low- and middle-income economies in South Asia (% of total merchandise exports),TX.VAL.MRCH.R5.ZS,0.283164308855733
Costa Rica,CRI,2011,Merchandise exports to low- and middle-income economies in South Asia (% of total merchandise exports),TX.VAL.MRCH.R5.ZS,0.244961002262997
Costa Rica,CRI,2010,Merchandise exports to low- and middle-income economies in South Asia (% of total merchandise exports),TX.VAL.MRCH.R5.ZS,0.243894416324785
Costa Rica,CRI,2009,Merchandise exports to low- and middle-income economies in South Asia (% of total merchandise exports),TX.VAL.MRCH.R5.ZS,0.357151493290162
Costa Rica,CRI,2008,Merchandise exports to low- and middle-income economies in South Asia (% of total merchandise exports),TX.VAL.MRCH.R5.ZS,0.319050138458658
Costa Rica,CRI,2007,Merchandise exports to low- and middle-income economies in South Asia (% of total merchandise exports),TX.VAL.MRCH.R5.ZS,0.314151550551112
Costa Rica,CRI,2006,Merchandise exports to low- and middle-income economies in South Asia (% of total merchandise exports),TX.VAL.MRCH.R5.ZS,0.132644807012984
Costa Rica,CRI,2005,Merchandise exports to low- and middle-income economies in South Asia (% of total merchandise exports),TX.VAL.MRCH.R5.ZS,0.111516100117345
Costa Rica,CRI,2004,Merchandise exports to low- and middle-income economies in South Asia (% of total merchandise exports),TX.VAL.MRCH.R5.ZS,0.129807939594518
Costa Rica,CRI,2003,Merchandise exports to low- and middle-income economies in South Asia (% of total merchandise exports),TX.VAL.MRCH.R5.ZS,0.153733925031983
Costa Rica,CRI,2002,Merchandise exports to low- and middle-income economies in South Asia (% of total merchandise exports),TX.VAL.MRCH.R5.ZS,0.106752691193333
Costa Rica,CRI,2001,Merchandise exports to low- and middle-income economies in South Asia (% of total merchandise exports),TX.VAL.MRCH.R5.ZS,0.0914028709771504
Costa Rica,CRI,2000,Merchandise exports to low- and middle-income economies in South Asia (% of total merchandise exports),TX.VAL.MRCH.R5.ZS,0.0834522823388947
Costa Rica,CRI,1999,Merchandise exports to low- and middle-income economies in South Asia (% of total merchandise exports),TX.VAL.MRCH.R5.ZS,0.0355551349856773
Costa Rica,CRI,1998,Merchandise exports to low- and middle-income economies in South Asia (% of total merchandise exports),TX.VAL.MRCH.R5.ZS,0.0193248040117397
Costa Rica,CRI,1997,Merchandise exports to low- and middle-income economies in South Asia (% of total merchandise exports),TX.VAL.MRCH.R5.ZS,0.0239101425625667
Costa Rica,CRI,1996,Merchandise exports to low- and middle-income economies in South Asia (% of total merchandise exports),TX.VAL.MRCH.R5.ZS,0.0473173454330616
Costa Rica,CRI,1995,Merchandise exports to low- and middle-income economies in South Asia (% of total merchandise exports),TX.VAL.MRCH.R5.ZS,0.0223509042725158
Costa Rica,CRI,1994,Merchandise exports to low- and middle-income economies in South Asia (% of total merchandise exports),TX.VAL.MRCH.R5.ZS,0.043535918632899
Costa Rica,CRI,1993,Merchandise exports to low- and middle-income economies in South Asia (% of total merchandise exports),TX.VAL.MRCH.R5.ZS,0.012556312305781
Costa Rica,CRI,1991,Merchandise exports to low- and middle-income economies in South Asia (% of total merchandise exports),TX.VAL.MRCH.R5.ZS,0.00575769430840296
Costa Rica,CRI,1989,Merchandise exports to low- and middle-income economies in South Asia (% of total merchandise exports),TX.VAL.MRCH.R5.ZS,0.0363342247515421
Costa Rica,CRI,1988,Merchandise exports to low- and middle-income economies in South Asia (% of total merchandise exports),TX.VAL.MRCH.R5.ZS,0.0286873862557572
Costa Rica,CRI,1987,Merchandise exports to low- and middle-income economies in South Asia (% of total merchandise exports),TX.VAL.MRCH.R5.ZS,0.0109473000749324
Costa Rica,CRI,1986,Merchandise exports to low- and middle-income economies in South Asia (% of total merchandise exports),TX.VAL.MRCH.R5.ZS,0.0206689374184214
Costa Rica,CRI,1985,Merchandise exports to low- and middle-income economies in South Asia (% of total merchandise exports),TX.VAL.MRCH.R5.ZS,0.00541814536884025
Costa Rica,CRI,1983,Merchandise exports to low- and middle-income economies in South Asia (% of total merchandise exports),TX.VAL.MRCH.R5.ZS,0.0207595509472944
Costa Rica,CRI,1982,Merchandise exports to low- and middle-income economies in South Asia (% of total merchandise exports),TX.VAL.MRCH.R5.ZS,0.126734839897227
Costa Rica,CRI,1981,Merchandise exports to low- and middle-income economies in South Asia (% of total merchandise exports),TX.VAL.MRCH.R5.ZS,0.0621760349784909
Costa Rica,CRI,1980,Merchandise exports to low- and middle-income economies in South Asia (% of total merchandise exports),TX.VAL.MRCH.R5.ZS,0.00095571432212245
Costa Rica,CRI,1978,Merchandise exports to low- and middle-income economies in South Asia (% of total merchandise exports),TX.VAL.MRCH.R5.ZS,0.00155939744882577
Costa Rica,CRI,1969,Merchandise exports to low- and middle-income economies in South Asia (% of total merchandise exports),TX.VAL.MRCH.R5.ZS,0.000536578560467038
Costa Rica,CRI,2023,Merchandise exports to low- and middle-income economies in Sub-Saharan Africa (% of total merchandise exports),TX.VAL.MRCH.R6.ZS,0.0819527124755792
Costa Rica,CRI,2022,Merchandise exports to low- and middle-income economies in Sub-Saharan Africa (% of total merchandise exports),TX.VAL.MRCH.R6.ZS,0.125805439678328
Costa Rica,CRI,2021,Merchandise exports to low- and middle-income economies in Sub-Saharan Africa (% of total merchandise exports),TX.VAL.MRCH.R6.ZS,0.133165667163972
Costa Rica,CRI,2020,Merchandise exports to low- and middle-income economies in Sub-Saharan Africa (% of total merchandise exports),TX.VAL.MRCH.R6.ZS,0.056930992276177
Costa Rica,CRI,2019,Merchandise exports to low- and middle-income economies in Sub-Saharan Africa (% of total merchandise exports),TX.VAL.MRCH.R6.ZS,0.0602150223030626
Costa Rica,CRI,2018,Merchandise exports to low- and middle-income economies in Sub-Saharan Africa (% of total merchandise exports),TX.VAL.MRCH.R6.ZS,0.0387568891834836
Costa Rica,CRI,2017,Merchandise exports to low- and middle-income economies in Sub-Saharan Africa (% of total merchandise exports),TX.VAL.MRCH.R6.ZS,0.0326591305065133
Costa Rica,CRI,2016,Merchandise exports to low- and middle-income economies in Sub-Saharan Africa (% of total merchandise exports),TX.VAL.MRCH.R6.ZS,0.0782065429165859
Costa Rica,CRI,2015,Merchandise exports to low- and middle-income economies in Sub-Saharan Africa (% of total merchandise exports),TX.VAL.MRCH.R6.ZS,0.097354036822387
Costa Rica,CRI,2014,Merchandise exports to low- and middle-income economies in Sub-Saharan Africa (% of total merchandise exports),TX.VAL.MRCH.R6.ZS,0.0737062562901716
Costa Rica,CRI,2013,Merchandise exports to low- and middle-income economies in Sub-Saharan Africa (% of total merchandise exports),TX.VAL.MRCH.R6.ZS,0.114128647569569
Costa Rica,CRI,2012,Merchandise exports to low- and middle-income economies in Sub-Saharan Africa (% of total merchandise exports),TX.VAL.MRCH.R6.ZS,0.0817049273254476
Costa Rica,CRI,2011,Merchandise exports to low- and middle-income economies in Sub-Saharan Africa (% of total merchandise exports),TX.VAL.MRCH.R6.ZS,0.120445424347774
Costa Rica,CRI,2010,Merchandise exports to low- and middle-income economies in Sub-Saharan Africa (% of total merchandise exports),TX.VAL.MRCH.R6.ZS,0.138946983652957
Costa Rica,CRI,2009,Merchandise exports to low- and middle-income economies in Sub-Saharan Africa (% of total merchandise exports),TX.VAL.MRCH.R6.ZS,0.121050278840154
Costa Rica,CRI,2008,Merchandise exports to low- and middle-income economies in Sub-Saharan Africa (% of total merchandise exports),TX.VAL.MRCH.R6.ZS,0.10901952920099
Costa Rica,CRI,2007,Merchandise exports to low- and middle-income economies in Sub-Saharan Africa (% of total merchandise exports),TX.VAL.MRCH.R6.ZS,0.0822907270952918
Costa Rica,CRI,2006,Merchandise exports to low- and middle-income economies in Sub-Saharan Africa (% of total merchandise exports),TX.VAL.MRCH.R6.ZS,0.0751017435042088
Costa Rica,CRI,2005,Merchandise exports to low- and middle-income economies in Sub-Saharan Africa (% of total merchandise exports),TX.VAL.MRCH.R6.ZS,0.133238358315456
Costa Rica,CRI,2004,Merchandise exports to low- and middle-income economies in Sub-Saharan Africa (% of total merchandise exports),TX.VAL.MRCH.R6.ZS,0.128854425158566
Costa Rica,CRI,2003,Merchandise exports to low- and middle-income economies in Sub-Saharan Africa (% of total merchandise exports),TX.VAL.MRCH.R6.ZS,0.0541279161876444
Costa Rica,CRI,2002,Merchandise exports to low- and middle-income economies in Sub-Saharan Africa (% of total merchandise exports),TX.VAL.MRCH.R6.ZS,0.0702278056592274
Costa Rica,CRI,2001,Merchandise exports to low- and middle-income economies in Sub-Saharan Africa (% of total merchandise exports),TX.VAL.MRCH.R6.ZS,0.0678625154178125
Costa Rica,CRI,2000,Merchandise exports to low- and middle-income economies in Sub-Saharan Africa (% of total merchandise exports),TX.VAL.MRCH.R6.ZS,0.06257754964377
Costa Rica,CRI,1999,Merchandise exports to low- and middle-income economies in Sub-Saharan Africa (% of total merchandise exports),TX.VAL.MRCH.R6.ZS,0.17737892014846
Costa Rica,CRI,1998,Merchandise exports to low- and middle-income economies in Sub-Saharan Africa (% of total merchandise exports),TX.VAL.MRCH.R6.ZS,0.263420919051729
Costa Rica,CRI,1997,Merchandise exports to low- and middle-income economies in Sub-Saharan Africa (% of total merchandise exports),TX.VAL.MRCH.R6.ZS,0.175335729910306
Costa Rica,CRI,1996,Merchandise exports to low- and middle-income economies in Sub-Saharan Africa (% of total merchandise exports),TX.VAL.MRCH.R6.ZS,0.218868712567275
Costa Rica,CRI,1995,Merchandise exports to low- and middle-income economies in Sub-Saharan Africa (% of total merchandise exports),TX.VAL.MRCH.R6.ZS,0.179376562259032
Costa Rica,CRI,1994,Merchandise exports to low- and middle-income economies in Sub-Saharan Africa (% of total merchandise exports),TX.VAL.MRCH.R6.ZS,0.111381299732763
Costa Rica,CRI,1993,Merchandise exports to low- and middle-income economies in Sub-Saharan Africa (% of total merchandise exports),TX.VAL.MRCH.R6.ZS,0.108903737659501
Costa Rica,CRI,1992,Merchandise exports to low- and middle-income economies in Sub-Saharan Africa (% of total merchandise exports),TX.VAL.MRCH.R6.ZS,0.0701039761096646
Costa Rica,CRI,1991,Merchandise exports to low- and middle-income economies in Sub-Saharan Africa (% of total merchandise exports),TX.VAL.MRCH.R6.ZS,0.0745445428048711
Costa Rica,CRI,1990,Merchandise exports to low- and middle-income economies in Sub-Saharan Africa (% of total merchandise exports),TX.VAL.MRCH.R6.ZS,0.0824329684736087
Costa Rica,CRI,1989,Merchandise exports to low- and middle-income economies in Sub-Saharan Africa (% of total merchandise exports),TX.VAL.MRCH.R6.ZS,0.116644657802894
Costa Rica,CRI,1988,Merchandise exports to low- and middle-income economies in Sub-Saharan Africa (% of total merchandise exports),TX.VAL.MRCH.R6.ZS,0.166071776503704
Costa Rica,CRI,1987,Merchandise exports to low- and middle-income economies in Sub-Saharan Africa (% of total merchandise exports),TX.VAL.MRCH.R6.ZS,0.141843034591581
Costa Rica,CRI,1986,Merchandise exports to low- and middle-income economies in Sub-Saharan Africa (% of total merchandise exports),TX.VAL.MRCH.R6.ZS,0.0713503045129068
Costa Rica,CRI,1985,Merchandise exports to low- and middle-income economies in Sub-Saharan Africa (% of total merchandise exports),TX.VAL.MRCH.R6.ZS,0.204196353588167
Costa Rica,CRI,1984,Merchandise exports to low- and middle-income economies in Sub-Saharan Africa (% of total merchandise exports),TX.VAL.MRCH.R6.ZS,0.209357776319075
Costa Rica,CRI,1983,Merchandise exports to low- and middle-income economies in Sub-Saharan Africa (% of total merchandise exports),TX.VAL.MRCH.R6.ZS,0.595065690926336
Costa Rica,CRI,1982,Merchandise exports to low- and middle-income economies in Sub-Saharan Africa (% of total merchandise exports),TX.VAL.MRCH.R6.ZS,0.202942971711016
Costa Rica,CRI,1981,Merchandise exports to low- and middle-income economies in Sub-Saharan Africa (% of total merchandise exports),TX.VAL.MRCH.R6.ZS,0.0694351659658274
Costa Rica,CRI,1980,Merchandise exports to low- and middle-income economies in Sub-Saharan Africa (% of total merchandise exports),TX.VAL.MRCH.R6.ZS,0.0335561917545216
Costa Rica,CRI,1979,Merchandise exports to low- and middle-income economies in Sub-Saharan Africa (% of total merchandise exports),TX.VAL.MRCH.R6.ZS,0.0108538390700162
Costa Rica,CRI,1978,Merchandise exports to low- and middle-income economies in Sub-Saharan Africa (% of total merchandise exports),TX.VAL.MRCH.R6.ZS,0.00194924681103222
Costa Rica,CRI,1977,Merchandise exports to low- and middle-income economies in Sub-Saharan Africa (% of total merchandise exports),TX.VAL.MRCH.R6.ZS,0.0390361122060093
Costa Rica,CRI,1976,Merchandise exports to low- and middle-income economies in Sub-Saharan Africa (% of total merchandise exports),TX.VAL.MRCH.R6.ZS,0.0126694099699579
Costa Rica,CRI,1975,Merchandise exports to low- and middle-income economies in Sub-Saharan Africa (% of total merchandise exports),TX.VAL.MRCH.R6.ZS,0.0598281867890191
Costa Rica,CRI,1974,Merchandise exports to low- and middle-income economies in Sub-Saharan Africa (% of total merchandise exports),TX.VAL.MRCH.R6.ZS,0.0797201151619495
Costa Rica,CRI,1973,Merchandise exports to low- and middle-income economies in Sub-Saharan Africa (% of total merchandise exports),TX.VAL.MRCH.R6.ZS,0.093340547450221
Costa Rica,CRI,1972,Merchandise exports to low- and middle-income economies in Sub-Saharan Africa (% of total merchandise exports),TX.VAL.MRCH.R6.ZS,0.0652022222137489
Costa Rica,CRI,1971,Merchandise exports to low- and middle-income economies in Sub-Saharan Africa (% of total merchandise exports),TX.VAL.MRCH.R6.ZS,0.0884300302996297
Costa Rica,CRI,1970,Merchandise exports to low- and middle-income economies in Sub-Saharan Africa (% of total merchandise exports),TX.VAL.MRCH.R6.ZS,0.00232808273074792
Costa Rica,CRI,1969,Merchandise exports to low- and middle-income economies in Sub-Saharan Africa (% of total merchandise exports),TX.VAL.MRCH.R6.ZS,0.42926284837363
Costa Rica,CRI,1968,Merchandise exports to low- and middle-income economies in Sub-Saharan Africa (% of total merchandise exports),TX.VAL.MRCH.R6.ZS,0.119189511323004
Costa Rica,CRI,1967,Merchandise exports to low- and middle-income economies in Sub-Saharan Africa (% of total merchandise exports),TX.VAL.MRCH.R6.ZS,1.50107219442459
Costa Rica,CRI,2023,"Merchandise exports by the reporting economy, residual (% of total merchandise exports)",TX.VAL.MRCH.RS.ZS,0.0763295373453443
Costa Rica,CRI,2022,"Merchandise exports by the reporting economy, residual (% of total merchandise exports)",TX.VAL.MRCH.RS.ZS,0.046239138646162
Costa Rica,CRI,2021,"Merchandise exports by the reporting economy, residual (% of total merchandise exports)",TX.VAL.MRCH.RS.ZS,0.0447390303310915
Costa Rica,CRI,2020,"Merchandise exports by the reporting economy, residual (% of total merchandise exports)",TX.VAL.MRCH.RS.ZS,0.0262410585392134
Costa Rica,CRI,2019,"Merchandise exports by the reporting economy, residual (% of total merchandise exports)",TX.VAL.MRCH.RS.ZS,0.0563186655363592
Costa Rica,CRI,2018,"Merchandise exports by the reporting economy, residual (% of total merchandise exports)",TX.VAL.MRCH.RS.ZS,0.043850872373848
Costa Rica,CRI,2017,"Merchandise exports by the reporting economy, residual (% of total merchandise exports)",TX.VAL.MRCH.RS.ZS,0.113826671139877
Costa Rica,CRI,2016,"Merchandise exports by the reporting economy, residual (% of total merchandise exports)",TX.VAL.MRCH.RS.ZS,0.328294598837218
Costa Rica,CRI,2015,"Merchandise exports by the reporting economy, residual (% of total merchandise exports)",TX.VAL.MRCH.RS.ZS,0.546386176885164
Costa Rica,CRI,2014,"Merchandise exports by the reporting economy, residual (% of total merchandise exports)",TX.VAL.MRCH.RS.ZS,0.489536825335152
Costa Rica,CRI,2013,"Merchandise exports by the reporting economy, residual (% of total merchandise exports)",TX.VAL.MRCH.RS.ZS,0.599174716223896
Costa Rica,CRI,2012,"Merchandise exports by the reporting economy, residual (% of total merchandise exports)",TX.VAL.MRCH.RS.ZS,0.723272584185636
Costa Rica,CRI,2011,"Merchandise exports by the reporting economy, residual (% of total merchandise exports)",TX.VAL.MRCH.RS.ZS,0.57685229953352
Costa Rica,CRI,2010,"Merchandise exports by the reporting economy, residual (% of total merchandise exports)",TX.VAL.MRCH.RS.ZS,0.294952265428837
Costa Rica,CRI,2009,"Merchandise exports by the reporting economy, residual (% of total merchandise exports)",TX.VAL.MRCH.RS.ZS,0.509676548049801
Costa Rica,CRI,2008,"Merchandise exports by the reporting economy, residual (% of total merchandise exports)",TX.VAL.MRCH.RS.ZS,0.415880042831316
Costa Rica,CRI,2007,"Merchandise exports by the reporting economy, residual (% of total merchandise exports)",TX.VAL.MRCH.RS.ZS,0.260596625520624
Costa Rica,CRI,2006,"Merchandise exports by the reporting economy, residual (% of total merchandise exports)",TX.VAL.MRCH.RS.ZS,0.405500136094215
Costa Rica,CRI,2005,"Merchandise exports by the reporting economy, residual (% of total merchandise exports)",TX.VAL.MRCH.RS.ZS,0.46012170584163
Costa Rica,CRI,2004,"Merchandise exports by the reporting economy, residual (% of total merchandise exports)",TX.VAL.MRCH.RS.ZS,0.536651506918999
Costa Rica,CRI,2003,"Merchandise exports by the reporting economy, residual (% of total merchandise exports)",TX.VAL.MRCH.RS.ZS,0.366746922837851
Costa Rica,CRI,2002,"Merchandise exports by the reporting economy, residual (% of total merchandise exports)",TX.VAL.MRCH.RS.ZS,0.458418123075163
Costa Rica,CRI,2001,"Merchandise exports by the reporting economy, residual (% of total merchandise exports)",TX.VAL.MRCH.RS.ZS,0.587978164347531
Costa Rica,CRI,2000,"Merchandise exports by the reporting economy, residual (% of total merchandise exports)",TX.VAL.MRCH.RS.ZS,0.487386049452961
Costa Rica,CRI,1999,"Merchandise exports by the reporting economy, residual (% of total merchandise exports)",TX.VAL.MRCH.RS.ZS,0.5231471726942
Costa Rica,CRI,1998,"Merchandise exports by the reporting economy, residual (% of total merchandise exports)",TX.VAL.MRCH.RS.ZS,0.704353975107309
Costa Rica,CRI,1997,"Merchandise exports by the reporting economy, residual (% of total merchandise exports)",TX.VAL.MRCH.RS.ZS,0.654197463729622
Costa Rica,CRI,1996,"Merchandise exports by the reporting economy, residual (% of total merchandise exports)",TX.VAL.MRCH.RS.ZS,0.435731543966143
Costa Rica,CRI,1995,"Merchandise exports by the reporting economy, residual (% of total merchandise exports)",TX.VAL.MRCH.RS.ZS,0.575818323660584
Costa Rica,CRI,1994,"Merchandise exports by the reporting economy, residual (% of total merchandise exports)",TX.VAL.MRCH.RS.ZS,0.387031918447951
Costa Rica,CRI,1993,"Merchandise exports by the reporting economy, residual (% of total merchandise exports)",TX.VAL.MRCH.RS.ZS,0.378430235434934
Costa Rica,CRI,1992,"Merchandise exports by the reporting economy, residual (% of total merchandise exports)",TX.VAL.MRCH.RS.ZS,0.448459258936825
Costa Rica,CRI,1991,"Merchandise exports by the reporting economy, residual (% of total merchandise exports)",TX.VAL.MRCH.RS.ZS,0.280154662161808
Costa Rica,CRI,1990,"Merchandise exports by the reporting economy, residual (% of total merchandise exports)",TX.VAL.MRCH.RS.ZS,0.170358073480713
Costa Rica,CRI,1989,"Merchandise exports by the reporting economy, residual (% of total merchandise exports)",TX.VAL.MRCH.RS.ZS,0.457500570217996
Costa Rica,CRI,1988,"Merchandise exports by the reporting economy, residual (% of total merchandise exports)",TX.VAL.MRCH.RS.ZS,0.793711990249605
Costa Rica,CRI,1987,"Merchandise exports by the reporting economy, residual (% of total merchandise exports)",TX.VAL.MRCH.RS.ZS,0.18761407369799
Costa Rica,CRI,1986,"Merchandise exports by the reporting economy, residual (% of total merchandise exports)",TX.VAL.MRCH.RS.ZS,0.314752996759968
Costa Rica,CRI,1985,"Merchandise exports by the reporting economy, residual (% of total merchandise exports)",TX.VAL.MRCH.RS.ZS,0.640921445922394
Costa Rica,CRI,1984,"Merchandise exports by the reporting economy, residual (% of total merchandise exports)",TX.VAL.MRCH.RS.ZS,0.187020660778238
Costa Rica,CRI,1983,"Merchandise exports by the reporting economy, residual (% of total merchandise exports)",TX.VAL.MRCH.RS.ZS,0.376903942947284
Costa Rica,CRI,1982,"Merchandise exports by the reporting economy, residual (% of total merchandise exports)",TX.VAL.MRCH.RS.ZS,0.670225435120959
Costa Rica,CRI,1981,"Merchandise exports by the reporting economy, residual (% of total merchandise exports)",TX.VAL.MRCH.RS.ZS,0.328870195165419
Costa Rica,CRI,1980,"Merchandise exports by the reporting economy, residual (% of total merchandise exports)",TX.VAL.MRCH.RS.ZS,0.259848105137071
Costa Rica,CRI,1979,"Merchandise exports by the reporting economy, residual (% of total merchandise exports)",TX.VAL.MRCH.RS.ZS,0.147142251310014
Costa Rica,CRI,1978,"Merchandise exports by the reporting economy, residual (% of total merchandise exports)",TX.VAL.MRCH.RS.ZS,0.15490014658336
Costa Rica,CRI,1977,"Merchandise exports by the reporting economy, residual (% of total merchandise exports)",TX.VAL.MRCH.RS.ZS,2.55382357451652
Costa Rica,CRI,1976,"Merchandise exports by the reporting economy, residual (% of total merchandise exports)",TX.VAL.MRCH.RS.ZS,1.0413213673938
Costa Rica,CRI,1975,"Merchandise exports by the reporting economy, residual (% of total merchandise exports)",TX.VAL.MRCH.RS.ZS,0.291010971280386
Costa Rica,CRI,1974,"Merchandise exports by the reporting economy, residual (% of total merchandise exports)",TX.VAL.MRCH.RS.ZS,0.215868625092146
Costa Rica,CRI,1973,"Merchandise exports by the reporting economy, residual (% of total merchandise exports)",TX.VAL.MRCH.RS.ZS,0.0537894680221613
Costa Rica,CRI,1972,"Merchandise exports by the reporting economy, residual (% of total merchandise exports)",TX.VAL.MRCH.RS.ZS,0.0190649772554935
Costa Rica,CRI,1971,"Merchandise exports by the reporting economy, residual (% of total merchandise exports)",TX.VAL.MRCH.RS.ZS,0.0336662551902143
Costa Rica,CRI,1970,"Merchandise exports by the reporting economy, residual (% of total merchandise exports)",TX.VAL.MRCH.RS.ZS,0.0479585042534071
Costa Rica,CRI,1969,"Merchandise exports by the reporting economy, residual (% of total merchandise exports)",TX.VAL.MRCH.RS.ZS,0.00912183552793965
Costa Rica,CRI,1968,"Merchandise exports by the reporting economy, residual (% of total merchandise exports)",TX.VAL.MRCH.RS.ZS,0.0595947556615018
Costa Rica,CRI,1967,"Merchandise exports by the reporting economy, residual (% of total merchandise exports)",TX.VAL.MRCH.RS.ZS,0.0714796283059328
Costa Rica,CRI,1966,"Merchandise exports by the reporting economy, residual (% of total merchandise exports)",TX.VAL.MRCH.RS.ZS,0.149365197908887
Costa Rica,CRI,1965,"Merchandise exports by the reporting economy, residual (% of total merchandise exports)",TX.VAL.MRCH.RS.ZS,0
Costa Rica,CRI,1964,"Merchandise exports by the reporting economy, residual (% of total merchandise exports)",TX.VAL.MRCH.RS.ZS,0.0907441016333938
Costa Rica,CRI,1963,"Merchandise exports by the reporting economy, residual (% of total merchandise exports)",TX.VAL.MRCH.RS.ZS,0.338983050847458
Costa Rica,CRI,1962,"Merchandise exports by the reporting economy, residual (% of total merchandise exports)",TX.VAL.MRCH.RS.ZS,0
Costa Rica,CRI,1961,"Merchandise exports by the reporting economy, residual (% of total merchandise exports)",TX.VAL.MRCH.RS.ZS,0
Costa Rica,CRI,1960,"Merchandise exports by the reporting economy, residual (% of total merchandise exports)",TX.VAL.MRCH.RS.ZS,0.240963855421687
Costa Rica,CRI,2023,Merchandise exports by the reporting economy (current US$),TX.VAL.MRCH.WL.CD,18152840279
Costa Rica,CRI,2022,Merchandise exports by the reporting economy (current US$),TX.VAL.MRCH.WL.CD,15711142579
Costa Rica,CRI,2021,Merchandise exports by the reporting economy (current US$),TX.VAL.MRCH.WL.CD,14359765852
Costa Rica,CRI,2020,Merchandise exports by the reporting economy (current US$),TX.VAL.MRCH.WL.CD,11609653610
Costa Rica,CRI,2019,Merchandise exports by the reporting economy (current US$),TX.VAL.MRCH.WL.CD,11444331890
Costa Rica,CRI,2018,Merchandise exports by the reporting economy (current US$),TX.VAL.MRCH.WL.CD,11332114348
Costa Rica,CRI,2017,Merchandise exports by the reporting economy (current US$),TX.VAL.MRCH.WL.CD,10597131480
Costa Rica,CRI,2016,Merchandise exports by the reporting economy (current US$),TX.VAL.MRCH.WL.CD,9911996760
Costa Rica,CRI,2015,Merchandise exports by the reporting economy (current US$),TX.VAL.MRCH.WL.CD,9576720498
Costa Rica,CRI,2014,Merchandise exports by the reporting economy (current US$),TX.VAL.MRCH.WL.CD,11240351114
Costa Rica,CRI,2013,Merchandise exports by the reporting economy (current US$),TX.VAL.MRCH.WL.CD,11484729101
Costa Rica,CRI,2012,Merchandise exports by the reporting economy (current US$),TX.VAL.MRCH.WL.CD,11442712583
Costa Rica,CRI,2011,Merchandise exports by the reporting economy (current US$),TX.VAL.MRCH.WL.CD,10368478560
Costa Rica,CRI,2010,Merchandise exports by the reporting economy (current US$),TX.VAL.MRCH.WL.CD,9435665788
Costa Rica,CRI,2009,Merchandise exports by the reporting economy (current US$),TX.VAL.MRCH.WL.CD,8742406958
Costa Rica,CRI,2008,Merchandise exports by the reporting economy (current US$),TX.VAL.MRCH.WL.CD,9459109826.99999
Costa Rica,CRI,2007,Merchandise exports by the reporting economy (current US$),TX.VAL.MRCH.WL.CD,9326344864
Costa Rica,CRI,2006,Merchandise exports by the reporting economy (current US$),TX.VAL.MRCH.WL.CD,8184447808
Costa Rica,CRI,2005,Merchandise exports by the reporting economy (current US$),TX.VAL.MRCH.WL.CD,7018464591
Costa Rica,CRI,2004,Merchandise exports by the reporting economy (current US$),TX.VAL.MRCH.WL.CD,6293454796
Costa Rica,CRI,2003,Merchandise exports by the reporting economy (current US$),TX.VAL.MRCH.WL.CD,6094864226
Costa Rica,CRI,2002,Merchandise exports by the reporting economy (current US$),TX.VAL.MRCH.WL.CD,5255663288
Costa Rica,CRI,2001,Merchandise exports by the reporting economy (current US$),TX.VAL.MRCH.WL.CD,5012957417
Costa Rica,CRI,2000,Merchandise exports by the reporting economy (current US$),TX.VAL.MRCH.WL.CD,5843710757
Costa Rica,CRI,1999,Merchandise exports by the reporting economy (current US$),TX.VAL.MRCH.WL.CD,2599656140.73
Costa Rica,CRI,1998,Merchandise exports by the reporting economy (current US$),TX.VAL.MRCH.WL.CD,2971902067.68
Costa Rica,CRI,1997,Merchandise exports by the reporting economy (current US$),TX.VAL.MRCH.WL.CD,2763653325.24
Costa Rica,CRI,1996,Merchandise exports by the reporting economy (current US$),TX.VAL.MRCH.WL.CD,2628420907
Costa Rica,CRI,1995,Merchandise exports by the reporting economy (current US$),TX.VAL.MRCH.WL.CD,2517177798
Costa Rica,CRI,1994,Merchandise exports by the reporting economy (current US$),TX.VAL.MRCH.WL.CD,2060296482
Costa Rica,CRI,1993,Merchandise exports by the reporting economy (current US$),TX.VAL.MRCH.WL.CD,2708293111.996
Costa Rica,CRI,1992,Merchandise exports by the reporting economy (current US$),TX.VAL.MRCH.WL.CD,1745978000
Costa Rica,CRI,1991,Merchandise exports by the reporting economy (current US$),TX.VAL.MRCH.WL.CD,1505811100
Costa Rica,CRI,1990,Merchandise exports by the reporting economy (current US$),TX.VAL.MRCH.WL.CD,1374692700
Costa Rica,CRI,1989,Merchandise exports by the reporting economy (current US$),TX.VAL.MRCH.WL.CD,1364828900
Costa Rica,CRI,1988,Merchandise exports by the reporting economy (current US$),TX.VAL.MRCH.WL.CD,1206105000
Costa Rica,CRI,1987,Merchandise exports by the reporting economy (current US$),TX.VAL.MRCH.WL.CD,1059622000
Costa Rica,CRI,1986,Merchandise exports by the reporting economy (current US$),TX.VAL.MRCH.WL.CD,1059561000
Costa Rica,CRI,1985,Merchandise exports by the reporting economy (current US$),TX.VAL.MRCH.WL.CD,885912000
Costa Rica,CRI,1984,Merchandise exports by the reporting economy (current US$),TX.VAL.MRCH.WL.CD,949093000
Costa Rica,CRI,1983,Merchandise exports by the reporting economy (current US$),TX.VAL.MRCH.WL.CD,804449000
Costa Rica,CRI,1982,Merchandise exports by the reporting economy (current US$),TX.VAL.MRCH.WL.CD,837181000
Costa Rica,CRI,1981,Merchandise exports by the reporting economy (current US$),TX.VAL.MRCH.WL.CD,950527000
Costa Rica,CRI,1980,Merchandise exports by the reporting economy (current US$),TX.VAL.MRCH.WL.CD,941704000
Costa Rica,CRI,1979,Merchandise exports by the reporting economy (current US$),TX.VAL.MRCH.WL.CD,893693000
Costa Rica,CRI,1978,Merchandise exports by the reporting economy (current US$),TX.VAL.MRCH.WL.CD,769528000
Costa Rica,CRI,1977,Merchandise exports by the reporting economy (current US$),TX.VAL.MRCH.WL.CD,789013000
Costa Rica,CRI,1976,Merchandise exports by the reporting economy (current US$),TX.VAL.MRCH.WL.CD,576191000
Costa Rica,CRI,1975,Merchandise exports by the reporting economy (current US$),TX.VAL.MRCH.WL.CD,479707000
Costa Rica,CRI,1974,Merchandise exports by the reporting economy (current US$),TX.VAL.MRCH.WL.CD,416457000
Costa Rica,CRI,1973,Merchandise exports by the reporting economy (current US$),TX.VAL.MRCH.WL.CD,316047000
Costa Rica,CRI,1972,Merchandise exports by the reporting economy (current US$),TX.VAL.MRCH.WL.CD,262261000
Costa Rica,CRI,1971,Merchandise exports by the reporting economy (current US$),TX.VAL.MRCH.WL.CD,222775000
Costa Rica,CRI,1970,Merchandise exports by the reporting economy (current US$),TX.VAL.MRCH.WL.CD,214769000
Costa Rica,CRI,1969,Merchandise exports by the reporting economy (current US$),TX.VAL.MRCH.WL.CD,186366000
Costa Rica,CRI,1968,Merchandise exports by the reporting economy (current US$),TX.VAL.MRCH.WL.CD,167800000
Costa Rica,CRI,1967,Merchandise exports by the reporting economy (current US$),TX.VAL.MRCH.WL.CD,139900000
Costa Rica,CRI,1966,Merchandise exports by the reporting economy (current US$),TX.VAL.MRCH.WL.CD,133900000
Costa Rica,CRI,1965,Merchandise exports by the reporting economy (current US$),TX.VAL.MRCH.WL.CD,108100000
Costa Rica,CRI,1964,Merchandise exports by the reporting economy (current US$),TX.VAL.MRCH.WL.CD,110200000
Costa Rica,CRI,1963,Merchandise exports by the reporting economy (current US$),TX.VAL.MRCH.WL.CD,88500000
Costa Rica,CRI,1962,Merchandise exports by the reporting economy (current US$),TX.VAL.MRCH.WL.CD,81800000
Costa Rica,CRI,1961,Merchandise exports by the reporting economy (current US$),TX.VAL.MRCH.WL.CD,77900000
Costa Rica,CRI,1960,Merchandise exports by the reporting economy (current US$),TX.VAL.MRCH.WL.CD,83000000
Costa Rica,CRI,2023,Merchandise exports to low- and middle-income economies within region (% of total merchandise exports),TX.VAL.MRCH.WR.ZS,21.0737283268309
Costa Rica,CRI,2022,Merchandise exports to low- and middle-income economies within region (% of total merchandise exports),TX.VAL.MRCH.WR.ZS,22.4084162644273
Costa Rica,CRI,2021,Merchandise exports to low- and middle-income economies within region (% of total merchandise exports),TX.VAL.MRCH.WR.ZS,22.4514966833597
Costa Rica,CRI,2020,Merchandise exports to low- and middle-income economies within region (% of total merchandise exports),TX.VAL.MRCH.WR.ZS,21.3033776293693
Costa Rica,CRI,2019,Merchandise exports to low- and middle-income economies within region (% of total merchandise exports),TX.VAL.MRCH.WR.ZS,22.0151560809025
Costa Rica,CRI,2018,Merchandise exports to low- and middle-income economies within region (% of total merchandise exports),TX.VAL.MRCH.WR.ZS,22.8145932842294
Costa Rica,CRI,2017,Merchandise exports to low- and middle-income economies within region (% of total merchandise exports),TX.VAL.MRCH.WR.ZS,24.1690978057017
Costa Rica,CRI,2016,Merchandise exports to low- and middle-income economies within region (% of total merchandise exports),TX.VAL.MRCH.WR.ZS,24.7646702217042
Costa Rica,CRI,2015,Merchandise exports to low- and middle-income economies within region (% of total merchandise exports),TX.VAL.MRCH.WR.ZS,25.6702331712971
Costa Rica,CRI,2014,Merchandise exports to low- and middle-income economies within region (% of total merchandise exports),TX.VAL.MRCH.WR.ZS,21.4421521672762
Costa Rica,CRI,2013,Merchandise exports to low- and middle-income economies within region (% of total merchandise exports),TX.VAL.MRCH.WR.ZS,20.8606047642116
Costa Rica,CRI,2012,Merchandise exports to low- and middle-income economies within region (% of total merchandise exports),TX.VAL.MRCH.WR.ZS,21.7143929114452
Costa Rica,CRI,2011,Merchandise exports to low- and middle-income economies within region (% of total merchandise exports),TX.VAL.MRCH.WR.ZS,22.5337554153172
Costa Rica,CRI,2010,Merchandise exports to low- and middle-income economies within region (% of total merchandise exports),TX.VAL.MRCH.WR.ZS,22.6893839088994
Costa Rica,CRI,2009,Merchandise exports to low- and middle-income economies within region (% of total merchandise exports),TX.VAL.MRCH.WR.ZS,20.9621122055297
Costa Rica,CRI,2008,Merchandise exports to low- and middle-income economies within region (% of total merchandise exports),TX.VAL.MRCH.WR.ZS,21.869592750633
Costa Rica,CRI,2007,Merchandise exports to low- and middle-income economies within region (% of total merchandise exports),TX.VAL.MRCH.WR.ZS,20.5847743783368
Costa Rica,CRI,2006,Merchandise exports to low- and middle-income economies within region (% of total merchandise exports),TX.VAL.MRCH.WR.ZS,19.7419528464785
Costa Rica,CRI,2005,Merchandise exports to low- and middle-income economies within region (% of total merchandise exports),TX.VAL.MRCH.WR.ZS,20.5682441406222
Costa Rica,CRI,2004,Merchandise exports to low- and middle-income economies within region (% of total merchandise exports),TX.VAL.MRCH.WR.ZS,20.5498904802176
Costa Rica,CRI,2003,Merchandise exports to low- and middle-income economies within region (% of total merchandise exports),TX.VAL.MRCH.WR.ZS,18.2312887670223
Costa Rica,CRI,2002,Merchandise exports to low- and middle-income economies within region (% of total merchandise exports),TX.VAL.MRCH.WR.ZS,19.3584241274172
Costa Rica,CRI,2001,Merchandise exports to low- and middle-income economies within region (% of total merchandise exports),TX.VAL.MRCH.WR.ZS,18.4728290501655
Costa Rica,CRI,2000,Merchandise exports to low- and middle-income economies within region (% of total merchandise exports),TX.VAL.MRCH.WR.ZS,15.1189292170506
Costa Rica,CRI,1999,Merchandise exports to low- and middle-income economies within region (% of total merchandise exports),TX.VAL.MRCH.WR.ZS,26.5456763522662
Costa Rica,CRI,1998,Merchandise exports to low- and middle-income economies within region (% of total merchandise exports),TX.VAL.MRCH.WR.ZS,22.5885302140543
Costa Rica,CRI,1997,Merchandise exports to low- and middle-income economies within region (% of total merchandise exports),TX.VAL.MRCH.WR.ZS,21.3170394039505
Costa Rica,CRI,1996,Merchandise exports to low- and middle-income economies within region (% of total merchandise exports),TX.VAL.MRCH.WR.ZS,20.2634034975738
Costa Rica,CRI,1995,Merchandise exports to low- and middle-income economies within region (% of total merchandise exports),TX.VAL.MRCH.WR.ZS,17.8242302294452
Costa Rica,CRI,1994,Merchandise exports to low- and middle-income economies within region (% of total merchandise exports),TX.VAL.MRCH.WR.ZS,17.8150950703803
Costa Rica,CRI,1993,Merchandise exports to low- and middle-income economies within region (% of total merchandise exports),TX.VAL.MRCH.WR.ZS,11.9640136311064
Costa Rica,CRI,1992,Merchandise exports to low- and middle-income economies within region (% of total merchandise exports),TX.VAL.MRCH.WR.ZS,18.1286934886923
Costa Rica,CRI,1991,Merchandise exports to low- and middle-income economies within region (% of total merchandise exports),TX.VAL.MRCH.WR.ZS,14.3880596975278
Costa Rica,CRI,1990,Merchandise exports to low- and middle-income economies within region (% of total merchandise exports),TX.VAL.MRCH.WR.ZS,13.0001781489056
Costa Rica,CRI,1989,Merchandise exports to low- and middle-income economies within region (% of total merchandise exports),TX.VAL.MRCH.WR.ZS,13.6177289329087
Costa Rica,CRI,1988,Merchandise exports to low- and middle-income economies within region (% of total merchandise exports),TX.VAL.MRCH.WR.ZS,13.1088089345455
Costa Rica,CRI,1987,Merchandise exports to low- and middle-income economies within region (% of total merchandise exports),TX.VAL.MRCH.WR.ZS,12.3673347665488
Costa Rica,CRI,1986,Merchandise exports to low- and middle-income economies within region (% of total merchandise exports),TX.VAL.MRCH.WR.ZS,13.1294941961812
Costa Rica,CRI,1985,Merchandise exports to low- and middle-income economies within region (% of total merchandise exports),TX.VAL.MRCH.WR.ZS,18.5007088740191
Costa Rica,CRI,1984,Merchandise exports to low- and middle-income economies within region (% of total merchandise exports),TX.VAL.MRCH.WR.ZS,22.6891358381107
Costa Rica,CRI,1983,Merchandise exports to low- and middle-income economies within region (% of total merchandise exports),TX.VAL.MRCH.WR.ZS,25.8992179740419
Costa Rica,CRI,1982,Merchandise exports to low- and middle-income economies within region (% of total merchandise exports),TX.VAL.MRCH.WR.ZS,23.2001204040703
Costa Rica,CRI,1981,Merchandise exports to low- and middle-income economies within region (% of total merchandise exports),TX.VAL.MRCH.WR.ZS,30.654047701959
Costa Rica,CRI,1980,Merchandise exports to low- and middle-income economies within region (% of total merchandise exports),TX.VAL.MRCH.WR.ZS,31.1571364250338
Costa Rica,CRI,1979,Merchandise exports to low- and middle-income economies within region (% of total merchandise exports),TX.VAL.MRCH.WR.ZS,22.8192455350999
Costa Rica,CRI,1978,Merchandise exports to low- and middle-income economies within region (% of total merchandise exports),TX.VAL.MRCH.WR.ZS,25.893794637752
Costa Rica,CRI,1977,Merchandise exports to low- and middle-income economies within region (% of total merchandise exports),TX.VAL.MRCH.WR.ZS,23.6339578688818
Costa Rica,CRI,1976,Merchandise exports to low- and middle-income economies within region (% of total merchandise exports),TX.VAL.MRCH.WR.ZS,25.8622574805924
Costa Rica,CRI,1975,Merchandise exports to low- and middle-income economies within region (% of total merchandise exports),TX.VAL.MRCH.WR.ZS,26.0577811038822
Costa Rica,CRI,1974,Merchandise exports to low- and middle-income economies within region (% of total merchandise exports),TX.VAL.MRCH.WR.ZS,26.2848265247072
Costa Rica,CRI,1973,Merchandise exports to low- and middle-income economies within region (% of total merchandise exports),TX.VAL.MRCH.WR.ZS,24.096732448022
Costa Rica,CRI,1972,Merchandise exports to low- and middle-income economies within region (% of total merchandise exports),TX.VAL.MRCH.WR.ZS,21.2784211148436
Costa Rica,CRI,1971,Merchandise exports to low- and middle-income economies within region (% of total merchandise exports),TX.VAL.MRCH.WR.ZS,22.2816743350915
Costa Rica,CRI,1970,Merchandise exports to low- and middle-income economies within region (% of total merchandise exports),TX.VAL.MRCH.WR.ZS,21.9412485042068
Costa Rica,CRI,1969,Merchandise exports to low- and middle-income economies within region (% of total merchandise exports),TX.VAL.MRCH.WR.ZS,21.1352929182362
Costa Rica,CRI,1968,Merchandise exports to low- and middle-income economies within region (% of total merchandise exports),TX.VAL.MRCH.WR.ZS,22.1692491060787
Costa Rica,CRI,1967,Merchandise exports to low- and middle-income economies within region (% of total merchandise exports),TX.VAL.MRCH.WR.ZS,20.0857755539671
Costa Rica,CRI,1966,Merchandise exports to low- and middle-income economies within region (% of total merchandise exports),TX.VAL.MRCH.WR.ZS,20.8364451082898
Costa Rica,CRI,1965,Merchandise exports to low- and middle-income economies within region (% of total merchandise exports),TX.VAL.MRCH.WR.ZS,18.8714153561517
Costa Rica,CRI,1964,Merchandise exports to low- and middle-income economies within region (% of total merchandise exports),TX.VAL.MRCH.WR.ZS,13.7023593466425
Costa Rica,CRI,1963,Merchandise exports to low- and middle-income economies within region (% of total merchandise exports),TX.VAL.MRCH.WR.ZS,4.40677966101695
Costa Rica,CRI,1962,Merchandise exports to low- and middle-income economies within region (% of total merchandise exports),TX.VAL.MRCH.WR.ZS,4.15647921760391
Costa Rica,CRI,1961,Merchandise exports to low- and middle-income economies within region (% of total merchandise exports),TX.VAL.MRCH.WR.ZS,5.64826700898588
Costa Rica,CRI,1960,Merchandise exports to low- and middle-income economies within region (% of total merchandise exports),TX.VAL.MRCH.WR.ZS,4.21686746987952
Costa Rica,CRI,2023,Export value index (2015 = 100),TX.VAL.MRCH.XD.WD,201.9
Costa Rica,CRI,2022,Export value index (2015 = 100),TX.VAL.MRCH.XD.WD,176.2
Costa Rica,CRI,2021,Export value index (2015 = 100),TX.VAL.MRCH.XD.WD,164.4
Costa Rica,CRI,2020,Export value index (2015 = 100),TX.VAL.MRCH.XD.WD,130.8
Costa Rica,CRI,2019,Export value index (2015 = 100),TX.VAL.MRCH.XD.WD,125.9
Costa Rica,CRI,2018,Export value index (2015 = 100),TX.VAL.MRCH.XD.WD,122
Costa Rica,CRI,2017,Export value index (2015 = 100),TX.VAL.MRCH.XD.WD,114.3
Costa Rica,CRI,2016,Export value index (2015 = 100),TX.VAL.MRCH.XD.WD,110
Costa Rica,CRI,2015,Export value index (2015 = 100),TX.VAL.MRCH.XD.WD,100
Costa Rica,CRI,2014,Export value index (2015 = 100),TX.VAL.MRCH.XD.WD,119.4
Costa Rica,CRI,2013,Export value index (2015 = 100),TX.VAL.MRCH.XD.WD,121.9
Costa Rica,CRI,2012,Export value index (2015 = 100),TX.VAL.MRCH.XD.WD,121.4
Costa Rica,CRI,2011,Export value index (2015 = 100),TX.VAL.MRCH.XD.WD,110.5
Costa Rica,CRI,2010,Export value index (2015 = 100),TX.VAL.MRCH.XD.WD,100.3
Costa Rica,CRI,2009,Export value index (2015 = 100),TX.VAL.MRCH.XD.WD,93.2
Costa Rica,CRI,2008,Export value index (2015 = 100),TX.VAL.MRCH.XD.WD,100.9
Costa Rica,CRI,2007,Export value index (2015 = 100),TX.VAL.MRCH.XD.WD,99.1
Costa Rica,CRI,2006,Export value index (2015 = 100),TX.VAL.MRCH.XD.WD,87
Costa Rica,CRI,2005,Export value index (2015 = 100),TX.VAL.MRCH.XD.WD,74.6
Costa Rica,CRI,2004,Export value index (2015 = 100),TX.VAL.MRCH.XD.WD,66.8835836472
Costa Rica,CRI,2003,Export value index (2015 = 100),TX.VAL.MRCH.XD.WD,64.7685387781
Costa Rica,CRI,2002,Export value index (2015 = 100),TX.VAL.MRCH.XD.WD,55.8719130887
Costa Rica,CRI,2001,Export value index (2015 = 100),TX.VAL.MRCH.XD.WD,53.292719534
Costa Rica,CRI,2000,Export value index (2015 = 100),TX.VAL.MRCH.XD.WD,62.0885125353
Costa Rica,CRI,1999,Export value index (2015 = 100),TX.VAL.MRCH.XD.WD,70.7144821238
Costa Rica,CRI,1998,Export value index (2015 = 100),TX.VAL.MRCH.XD.WD,58.6485263947
Costa Rica,CRI,1997,Export value index (2015 = 100),TX.VAL.MRCH.XD.WD,46.006232384
Costa Rica,CRI,1996,Export value index (2015 = 100),TX.VAL.MRCH.XD.WD,39.8915270038
Costa Rica,CRI,1995,Export value index (2015 = 100),TX.VAL.MRCH.XD.WD,36.8930818175
Costa Rica,CRI,1994,Export value index (2015 = 100),TX.VAL.MRCH.XD.WD,30.5491147909
Costa Rica,CRI,1993,Export value index (2015 = 100),TX.VAL.MRCH.XD.WD,27.8669657667
Costa Rica,CRI,1992,Export value index (2015 = 100),TX.VAL.MRCH.XD.WD,19.5381872332
Costa Rica,CRI,1991,Export value index (2015 = 100),TX.VAL.MRCH.XD.WD,16.9579322816
Costa Rica,CRI,1990,Export value index (2015 = 100),TX.VAL.MRCH.XD.WD,15.3711444804
Costa Rica,CRI,1989,Export value index (2015 = 100),TX.VAL.MRCH.XD.WD,15.014515248
Costa Rica,CRI,1988,Export value index (2015 = 100),TX.VAL.MRCH.XD.WD,13.221816514
Costa Rica,CRI,1987,Export value index (2015 = 100),TX.VAL.MRCH.XD.WD,12.2941559536
Costa Rica,CRI,1986,Export value index (2015 = 100),TX.VAL.MRCH.XD.WD,11.8929480633
Costa Rica,CRI,1985,Export value index (2015 = 100),TX.VAL.MRCH.XD.WD,10.3592300891
Costa Rica,CRI,1984,Export value index (2015 = 100),TX.VAL.MRCH.XD.WD,10.6818946327
Costa Rica,CRI,1983,Export value index (2015 = 100),TX.VAL.MRCH.XD.WD,9.2617460785
Costa Rica,CRI,1982,Export value index (2015 = 100),TX.VAL.MRCH.XD.WD,9.2383953526
Costa Rica,CRI,1981,Export value index (2015 = 100),TX.VAL.MRCH.XD.WD,10.6999383678
Costa Rica,CRI,1980,Export value index (2015 = 100),TX.VAL.MRCH.XD.WD,10.6320089902
Costa Rica,CRI,2024,"Computer, communications and other services (% of commercial service exports)",TX.VAL.OTHR.ZS.WT,63.00874288323
Costa Rica,CRI,2023,"Computer, communications and other services (% of commercial service exports)",TX.VAL.OTHR.ZS.WT,63.1346861207123
Costa Rica,CRI,2022,"Computer, communications and other services (% of commercial service exports)",TX.VAL.OTHR.ZS.WT,64.3781554868917
Costa Rica,CRI,2021,"Computer, communications and other services (% of commercial service exports)",TX.VAL.OTHR.ZS.WT,73.9985528018154
Costa Rica,CRI,2020,"Computer, communications and other services (% of commercial service exports)",TX.VAL.OTHR.ZS.WT,75.611365099027
Costa Rica,CRI,2019,"Computer, communications and other services (% of commercial service exports)",TX.VAL.OTHR.ZS.WT,53.847657197198
Costa Rica,CRI,2018,"Computer, communications and other services (% of commercial service exports)",TX.VAL.OTHR.ZS.WT,51.474432754981
Costa Rica,CRI,2017,"Computer, communications and other services (% of commercial service exports)",TX.VAL.OTHR.ZS.WT,50.9558901107085
Costa Rica,CRI,2016,"Computer, communications and other services (% of commercial service exports)",TX.VAL.OTHR.ZS.WT,50.1308766011356
Costa Rica,CRI,2015,"Computer, communications and other services (% of commercial service exports)",TX.VAL.OTHR.ZS.WT,50.0607677355141
Costa Rica,CRI,2014,"Computer, communications and other services (% of commercial service exports)",TX.VAL.OTHR.ZS.WT,50.233398840746
Costa Rica,CRI,2013,"Computer, communications and other services (% of commercial service exports)",TX.VAL.OTHR.ZS.WT,49.2694096733067
Costa Rica,CRI,2012,"Computer, communications and other services (% of commercial service exports)",TX.VAL.OTHR.ZS.WT,50.0278034989215
Costa Rica,CRI,2011,"Computer, communications and other services (% of commercial service exports)",TX.VAL.OTHR.ZS.WT,49.1929283403522
Costa Rica,CRI,2010,"Computer, communications and other services (% of commercial service exports)",TX.VAL.OTHR.ZS.WT,46.5015878901849
Costa Rica,CRI,2009,"Computer, communications and other services (% of commercial service exports)",TX.VAL.OTHR.ZS.WT,40.7900160122363
Costa Rica,CRI,2008,"Computer, communications and other services (% of commercial service exports)",TX.VAL.OTHR.ZS.WT,33.9340137728417
Costa Rica,CRI,2007,"Computer, communications and other services (% of commercial service exports)",TX.VAL.OTHR.ZS.WT,35.3435661286729
Costa Rica,CRI,2006,"Computer, communications and other services (% of commercial service exports)",TX.VAL.OTHR.ZS.WT,37.0198954998512
Costa Rica,CRI,2005,"Computer, communications and other services (% of commercial service exports)",TX.VAL.OTHR.ZS.WT,31.6148541891284
Costa Rica,CRI,2004,"Computer, communications and other services (% of commercial service exports)",TX.VAL.OTHR.ZS.WT,31.0038259214016
Costa Rica,CRI,2003,"Computer, communications and other services (% of commercial service exports)",TX.VAL.OTHR.ZS.WT,29.7486747209706
Costa Rica,CRI,2002,"Computer, communications and other services (% of commercial service exports)",TX.VAL.OTHR.ZS.WT,30.490882277081
Costa Rica,CRI,2001,"Computer, communications and other services (% of commercial service exports)",TX.VAL.OTHR.ZS.WT,29.9275551451209
Costa Rica,CRI,2000,"Computer, communications and other services (% of commercial service exports)",TX.VAL.OTHR.ZS.WT,23.3104389141979
Costa Rica,CRI,1999,"Computer, communications and other services (% of commercial service exports)",TX.VAL.OTHR.ZS.WT,62.0122295683969
Costa Rica,CRI,1998,"Computer, communications and other services (% of commercial service exports)",TX.VAL.OTHR.ZS.WT,46.0263515884499
Costa Rica,CRI,1997,"Computer, communications and other services (% of commercial service exports)",TX.VAL.OTHR.ZS.WT,33.3785592149283
Costa Rica,CRI,1996,"Computer, communications and other services (% of commercial service exports)",TX.VAL.OTHR.ZS.WT,33.9425687594913
Costa Rica,CRI,1995,"Computer, communications and other services (% of commercial service exports)",TX.VAL.OTHR.ZS.WT,26.8411114108443
Costa Rica,CRI,1994,"Computer, communications and other services (% of commercial service exports)",TX.VAL.OTHR.ZS.WT,30.6587547299622
Costa Rica,CRI,1993,"Computer, communications and other services (% of commercial service exports)",TX.VAL.OTHR.ZS.WT,26.8185889143198
Costa Rica,CRI,1992,"Computer, communications and other services (% of commercial service exports)",TX.VAL.OTHR.ZS.WT,29.0310605123128
Costa Rica,CRI,1991,"Computer, communications and other services (% of commercial service exports)",TX.VAL.OTHR.ZS.WT,31.2245206099955
Costa Rica,CRI,1990,"Computer, communications and other services (% of commercial service exports)",TX.VAL.OTHR.ZS.WT,34.8310752872578
Costa Rica,CRI,1989,"Computer, communications and other services (% of commercial service exports)",TX.VAL.OTHR.ZS.WT,37.9230118443316
Costa Rica,CRI,1988,"Computer, communications and other services (% of commercial service exports)",TX.VAL.OTHR.ZS.WT,37.6562883059573
Costa Rica,CRI,1987,"Computer, communications and other services (% of commercial service exports)",TX.VAL.OTHR.ZS.WT,36.4123581336696
Costa Rica,CRI,1986,"Computer, communications and other services (% of commercial service exports)",TX.VAL.OTHR.ZS.WT,32.8212290502793
Costa Rica,CRI,1985,"Computer, communications and other services (% of commercial service exports)",TX.VAL.OTHR.ZS.WT,33.2298136645963
Costa Rica,CRI,1984,"Computer, communications and other services (% of commercial service exports)",TX.VAL.OTHR.ZS.WT,29.1893998441154
Costa Rica,CRI,1983,"Computer, communications and other services (% of commercial service exports)",TX.VAL.OTHR.ZS.WT,26.2400605831125
Costa Rica,CRI,1982,"Computer, communications and other services (% of commercial service exports)",TX.VAL.OTHR.ZS.WT,17.8816466552316
Costa Rica,CRI,1981,"Computer, communications and other services (% of commercial service exports)",TX.VAL.OTHR.ZS.WT,20.2686202686203
Costa Rica,CRI,1980,"Computer, communications and other services (% of commercial service exports)",TX.VAL.OTHR.ZS.WT,26.5027322404372
Costa Rica,CRI,1979,"Computer, communications and other services (% of commercial service exports)",TX.VAL.OTHR.ZS.WT,26.7796610169491
Costa Rica,CRI,1978,"Computer, communications and other services (% of commercial service exports)",TX.VAL.OTHR.ZS.WT,25.0739644970414
Costa Rica,CRI,1977,"Computer, communications and other services (% of commercial service exports)",TX.VAL.OTHR.ZS.WT,20.5858421480879
Costa Rica,CRI,2024,Commercial service exports (current US$),TX.VAL.SERV.CD.WT,16079204566.3959
Costa Rica,CRI,2023,Commercial service exports (current US$),TX.VAL.SERV.CD.WT,14764281055.585
Costa Rica,CRI,2022,Commercial service exports (current US$),TX.VAL.SERV.CD.WT,12716602238.7849
Costa Rica,CRI,2021,Commercial service exports (current US$),TX.VAL.SERV.CD.WT,8752395021.80484
Costa Rica,CRI,2020,Commercial service exports (current US$),TX.VAL.SERV.CD.WT,7880451417.08772
Costa Rica,CRI,2019,Commercial service exports (current US$),TX.VAL.SERV.CD.WT,10881880532.9475
Costa Rica,CRI,2018,Commercial service exports (current US$),TX.VAL.SERV.CD.WT,9726838594.38973
Costa Rica,CRI,2017,Commercial service exports (current US$),TX.VAL.SERV.CD.WT,8565841350.99612
Costa Rica,CRI,2016,Commercial service exports (current US$),TX.VAL.SERV.CD.WT,8508102148.18102
Costa Rica,CRI,2015,Commercial service exports (current US$),TX.VAL.SERV.CD.WT,7668990925.46113
Costa Rica,CRI,2014,Commercial service exports (current US$),TX.VAL.SERV.CD.WT,7074295666.16012
Costa Rica,CRI,2013,Commercial service exports (current US$),TX.VAL.SERV.CD.WT,6922563993.47843
Costa Rica,CRI,2012,Commercial service exports (current US$),TX.VAL.SERV.CD.WT,6178696263.97875
Costa Rica,CRI,2011,Commercial service exports (current US$),TX.VAL.SERV.CD.WT,5756704144.34814
Costa Rica,CRI,2010,Commercial service exports (current US$),TX.VAL.SERV.CD.WT,4989767976.54191
Costa Rica,CRI,2009,Commercial service exports (current US$),TX.VAL.SERV.CD.WT,4127534257.00143
Costa Rica,CRI,2008,Commercial service exports (current US$),TX.VAL.SERV.CD.WT,4574061392.48707
Costa Rica,CRI,2007,Commercial service exports (current US$),TX.VAL.SERV.CD.WT,4088186219.03823
Costa Rica,CRI,2006,Commercial service exports (current US$),TX.VAL.SERV.CD.WT,3549442459.55517
Costa Rica,CRI,2005,Commercial service exports (current US$),TX.VAL.SERV.CD.WT,3160046419.97659
Costa Rica,CRI,2004,Commercial service exports (current US$),TX.VAL.SERV.CD.WT,2746131001.07354
Costa Rica,CRI,2003,Commercial service exports (current US$),TX.VAL.SERV.CD.WT,2424376944.54084
Costa Rica,CRI,2002,Commercial service exports (current US$),TX.VAL.SERV.CD.WT,2239106571.47308
Costa Rica,CRI,2001,Commercial service exports (current US$),TX.VAL.SERV.CD.WT,2286064495.46964
Costa Rica,CRI,2000,Commercial service exports (current US$),TX.VAL.SERV.CD.WT,2278016762.14663
Costa Rica,CRI,1999,Commercial service exports (current US$),TX.VAL.SERV.CD.WT,3569799079
Costa Rica,CRI,1998,Commercial service exports (current US$),TX.VAL.SERV.CD.WT,2080330000
Costa Rica,CRI,1997,Commercial service exports (current US$),TX.VAL.SERV.CD.WT,1398904000
Costa Rica,CRI,1996,Commercial service exports (current US$),TX.VAL.SERV.CD.WT,1303820000
Costa Rica,CRI,1995,Commercial service exports (current US$),TX.VAL.SERV.CD.WT,1112100000
Costa Rica,CRI,1994,Commercial service exports (current US$),TX.VAL.SERV.CD.WT,1162800000
Costa Rica,CRI,1993,Commercial service exports (current US$),TX.VAL.SERV.CD.WT,1004900000
Costa Rica,CRI,1992,Commercial service exports (current US$),TX.VAL.SERV.CD.WT,808100000
Costa Rica,CRI,1991,Commercial service exports (current US$),TX.VAL.SERV.CD.WT,662300000
Costa Rica,CRI,1990,Commercial service exports (current US$),TX.VAL.SERV.CD.WT,583100000
Costa Rica,CRI,1989,Commercial service exports (current US$),TX.VAL.SERV.CD.WT,472800000
Costa Rica,CRI,1988,Commercial service exports (current US$),TX.VAL.SERV.CD.WT,407900000
Costa Rica,CRI,1987,Commercial service exports (current US$),TX.VAL.SERV.CD.WT,317200000
Costa Rica,CRI,1986,Commercial service exports (current US$),TX.VAL.SERV.CD.WT,286400000
Costa Rica,CRI,1985,Commercial service exports (current US$),TX.VAL.SERV.CD.WT,257600000
Costa Rica,CRI,1984,Commercial service exports (current US$),TX.VAL.SERV.CD.WT,256600000
Costa Rica,CRI,1983,Commercial service exports (current US$),TX.VAL.SERV.CD.WT,264100000
Costa Rica,CRI,1982,Commercial service exports (current US$),TX.VAL.SERV.CD.WT,233200000
Costa Rica,CRI,1981,Commercial service exports (current US$),TX.VAL.SERV.CD.WT,163800000
Costa Rica,CRI,1980,Commercial service exports (current US$),TX.VAL.SERV.CD.WT,183000000
Costa Rica,CRI,1979,Commercial service exports (current US$),TX.VAL.SERV.CD.WT,147500000
Costa Rica,CRI,1978,Commercial service exports (current US$),TX.VAL.SERV.CD.WT,135200000
Costa Rica,CRI,1977,Commercial service exports (current US$),TX.VAL.SERV.CD.WT,122900000
Costa Rica,CRI,2023,High-technology exports (current US$),TX.VAL.TECH.CD,2809087758
Costa Rica,CRI,2022,High-technology exports (current US$),TX.VAL.TECH.CD,2066890450
Costa Rica,CRI,2021,High-technology exports (current US$),TX.VAL.TECH.CD,1457228331
Costa Rica,CRI,2020,High-technology exports (current US$),TX.VAL.TECH.CD,1038666681
Costa Rica,CRI,2019,High-technology exports (current US$),TX.VAL.TECH.CD,1154574074
Costa Rica,CRI,2018,High-technology exports (current US$),TX.VAL.TECH.CD,1148832582
Costa Rica,CRI,2017,High-technology exports (current US$),TX.VAL.TECH.CD,1106655213
Costa Rica,CRI,2016,High-technology exports (current US$),TX.VAL.TECH.CD,951904772
Costa Rica,CRI,2015,High-technology exports (current US$),TX.VAL.TECH.CD,869824563
Costa Rica,CRI,2014,High-technology exports (current US$),TX.VAL.TECH.CD,2418534772
Costa Rica,CRI,2013,High-technology exports (current US$),TX.VAL.TECH.CD,3074134472
Costa Rica,CRI,2012,High-technology exports (current US$),TX.VAL.TECH.CD,2732053792
Costa Rica,CRI,2011,High-technology exports (current US$),TX.VAL.TECH.CD,2521516046
Costa Rica,CRI,2010,High-technology exports (current US$),TX.VAL.TECH.CD,2203396726
Costa Rica,CRI,2009,High-technology exports (current US$),TX.VAL.TECH.CD,1794967100
Costa Rica,CRI,2008,High-technology exports (current US$),TX.VAL.TECH.CD,2435411709
Costa Rica,CRI,2007,High-technology exports (current US$),TX.VAL.TECH.CD,2537251595
Costa Rica,CRI,2023,High-technology exports (% of manufactured exports),TX.VAL.TECH.MF.ZS,24.177789153066
Costa Rica,CRI,2022,High-technology exports (% of manufactured exports),TX.VAL.TECH.MF.ZS,21.9748960011818
Costa Rica,CRI,2021,High-technology exports (% of manufactured exports),TX.VAL.TECH.MF.ZS,16.9670005542705
Costa Rica,CRI,2020,High-technology exports (% of manufactured exports),TX.VAL.TECH.MF.ZS,15.681961032421
Costa Rica,CRI,2019,High-technology exports (% of manufactured exports),TX.VAL.TECH.MF.ZS,17.5649349958823
Costa Rica,CRI,2018,High-technology exports (% of manufactured exports),TX.VAL.TECH.MF.ZS,18.4668840173132
Costa Rica,CRI,2017,High-technology exports (% of manufactured exports),TX.VAL.TECH.MF.ZS,18.4952181840988
Costa Rica,CRI,2016,High-technology exports (% of manufactured exports),TX.VAL.TECH.MF.ZS,18.4424705219172
Costa Rica,CRI,2015,High-technology exports (% of manufactured exports),TX.VAL.TECH.MF.ZS,16.9840779616817
Costa Rica,CRI,2014,High-technology exports (% of manufactured exports),TX.VAL.TECH.MF.ZS,36.5061833752317
Costa Rica,CRI,2013,High-technology exports (% of manufactured exports),TX.VAL.TECH.MF.ZS,43.4415513820508
Costa Rica,CRI,2012,High-technology exports (% of manufactured exports),TX.VAL.TECH.MF.ZS,39.7898301713494
Costa Rica,CRI,2011,High-technology exports (% of manufactured exports),TX.VAL.TECH.MF.ZS,40.9971303230342
Costa Rica,CRI,2010,High-technology exports (% of manufactured exports),TX.VAL.TECH.MF.ZS,40.1473130677601
Costa Rica,CRI,2009,High-technology exports (% of manufactured exports),TX.VAL.TECH.MF.ZS,44.260129285147
Costa Rica,CRI,2008,High-technology exports (% of manufactured exports),TX.VAL.TECH.MF.ZS,39.5732947768777
Costa Rica,CRI,2007,High-technology exports (% of manufactured exports),TX.VAL.TECH.MF.ZS,45.4447177937153
Costa Rica,CRI,2024,Transport services (% of commercial service exports),TX.VAL.TRAN.ZS.WT,3.07872690237028
Costa Rica,CRI,2023,Transport services (% of commercial service exports),TX.VAL.TRAN.ZS.WT,3.46776359157808
Costa Rica,CRI,2022,Transport services (% of commercial service exports),TX.VAL.TRAN.ZS.WT,3.92242603272716
Costa Rica,CRI,2021,Transport services (% of commercial service exports),TX.VAL.TRAN.ZS.WT,5.35134061185563
Costa Rica,CRI,2020,Transport services (% of commercial service exports),TX.VAL.TRAN.ZS.WT,6.36993830215133
Costa Rica,CRI,2019,Transport services (% of commercial service exports),TX.VAL.TRAN.ZS.WT,8.5347163606474
Costa Rica,CRI,2018,Transport services (% of commercial service exports),TX.VAL.TRAN.ZS.WT,8.74982288844589
Costa Rica,CRI,2017,Transport services (% of commercial service exports),TX.VAL.TRAN.ZS.WT,5.30875438889489
Costa Rica,CRI,2016,Transport services (% of commercial service exports),TX.VAL.TRAN.ZS.WT,5.9159765381504
Costa Rica,CRI,2015,Transport services (% of commercial service exports),TX.VAL.TRAN.ZS.WT,6.46846019206214
Costa Rica,CRI,2014,Transport services (% of commercial service exports),TX.VAL.TRAN.ZS.WT,6.16834318358957
Costa Rica,CRI,2013,Transport services (% of commercial service exports),TX.VAL.TRAN.ZS.WT,7.80830960111684
Costa Rica,CRI,2012,Transport services (% of commercial service exports),TX.VAL.TRAN.ZS.WT,8.74447356223451
Costa Rica,CRI,2011,Transport services (% of commercial service exports),TX.VAL.TRAN.ZS.WT,8.41127834638932
Costa Rica,CRI,2010,Transport services (% of commercial service exports),TX.VAL.TRAN.ZS.WT,8.17846798726319
Costa Rica,CRI,2009,Transport services (% of commercial service exports),TX.VAL.TRAN.ZS.WT,9.70718964434349
Costa Rica,CRI,2008,Transport services (% of commercial service exports),TX.VAL.TRAN.ZS.WT,9.71308510910898
Costa Rica,CRI,2007,Transport services (% of commercial service exports),TX.VAL.TRAN.ZS.WT,9.05265964868819
Costa Rica,CRI,2006,Transport services (% of commercial service exports),TX.VAL.TRAN.ZS.WT,8.87470128188794
Costa Rica,CRI,2005,Transport services (% of commercial service exports),TX.VAL.TRAN.ZS.WT,8.87200332029787
Costa Rica,CRI,2004,Transport services (% of commercial service exports),TX.VAL.TRAN.ZS.WT,9.2760626058582
Costa Rica,CRI,2003,Transport services (% of commercial service exports),TX.VAL.TRAN.ZS.WT,10.5779325940507
Costa Rica,CRI,2002,Transport services (% of commercial service exports),TX.VAL.TRAN.ZS.WT,11.3468959168202
Costa Rica,CRI,2001,Transport services (% of commercial service exports),TX.VAL.TRAN.ZS.WT,12.4137191111237
Costa Rica,CRI,2000,Transport services (% of commercial service exports),TX.VAL.TRAN.ZS.WT,12.7225622167892
Costa Rica,CRI,1999,Transport services (% of commercial service exports),TX.VAL.TRAN.ZS.WT,6.96452022923501
Costa Rica,CRI,1998,Transport services (% of commercial service exports),TX.VAL.TRAN.ZS.WT,9.71913109939288
Costa Rica,CRI,1997,Transport services (% of commercial service exports),TX.VAL.TRAN.ZS.WT,13.1917558317083
Costa Rica,CRI,1996,Transport services (% of commercial service exports),TX.VAL.TRAN.ZS.WT,11.4432973876762
Costa Rica,CRI,1995,Transport services (% of commercial service exports),TX.VAL.TRAN.ZS.WT,12.0582681413542
Costa Rica,CRI,1994,Transport services (% of commercial service exports),TX.VAL.TRAN.ZS.WT,14.8348813209494
Costa Rica,CRI,1993,Transport services (% of commercial service exports),TX.VAL.TRAN.ZS.WT,14.7079311374266
Costa Rica,CRI,1992,Transport services (% of commercial service exports),TX.VAL.TRAN.ZS.WT,16.5202326444747
Costa Rica,CRI,1991,Transport services (% of commercial service exports),TX.VAL.TRAN.ZS.WT,15.8991393628265
Costa Rica,CRI,1990,Transport services (% of commercial service exports),TX.VAL.TRAN.ZS.WT,16.2922311781856
Costa Rica,CRI,1989,Transport services (% of commercial service exports),TX.VAL.TRAN.ZS.WT,17.005076142132
Costa Rica,CRI,1988,Transport services (% of commercial service exports),TX.VAL.TRAN.ZS.WT,17.847511645011
Costa Rica,CRI,1987,Transport services (% of commercial service exports),TX.VAL.TRAN.ZS.WT,17.9697351828499
Costa Rica,CRI,1986,Transport services (% of commercial service exports),TX.VAL.TRAN.ZS.WT,18.9594972067039
Costa Rica,CRI,1985,Transport services (% of commercial service exports),TX.VAL.TRAN.ZS.WT,19.2158385093168
Costa Rica,CRI,1984,Transport services (% of commercial service exports),TX.VAL.TRAN.ZS.WT,23.5385814497272
Costa Rica,CRI,1983,Transport services (% of commercial service exports),TX.VAL.TRAN.ZS.WT,22.1885649375237
Costa Rica,CRI,1982,Transport services (% of commercial service exports),TX.VAL.TRAN.ZS.WT,24.3996569468268
Costa Rica,CRI,1981,Transport services (% of commercial service exports),TX.VAL.TRAN.ZS.WT,20.3296703296703
Costa Rica,CRI,1980,Transport services (% of commercial service exports),TX.VAL.TRAN.ZS.WT,26.3934426229508
Costa Rica,CRI,1979,Transport services (% of commercial service exports),TX.VAL.TRAN.ZS.WT,22.2372881355932
Costa Rica,CRI,1978,Transport services (% of commercial service exports),TX.VAL.TRAN.ZS.WT,20.8579881656805
Costa Rica,CRI,1977,Transport services (% of commercial service exports),TX.VAL.TRAN.ZS.WT,28.6411716842962
Costa Rica,CRI,2024,Travel services (% of commercial service exports),TX.VAL.TRVL.ZS.WT,33.9125302143998
Costa Rica,CRI,2023,Travel services (% of commercial service exports),TX.VAL.TRVL.ZS.WT,32.2941057138912
Costa Rica,CRI,2022,Travel services (% of commercial service exports),TX.VAL.TRVL.ZS.WT,30.7682051549818
Costa Rica,CRI,2021,Travel services (% of commercial service exports),TX.VAL.TRVL.ZS.WT,19.6167917785629
Costa Rica,CRI,2020,Travel services (% of commercial service exports),TX.VAL.TRVL.ZS.WT,16.8572155451625
Costa Rica,CRI,2019,Travel services (% of commercial service exports),TX.VAL.TRVL.ZS.WT,36.6524733702015
Costa Rica,CRI,2018,Travel services (% of commercial service exports),TX.VAL.TRVL.ZS.WT,38.7445574868764
Costa Rica,CRI,2017,Travel services (% of commercial service exports),TX.VAL.TRVL.ZS.WT,42.6815524044687
Costa Rica,CRI,2016,Travel services (% of commercial service exports),TX.VAL.TRVL.ZS.WT,42.8809753792673
Costa Rica,CRI,2015,Travel services (% of commercial service exports),TX.VAL.TRVL.ZS.WT,42.5933233993265
Costa Rica,CRI,2014,Travel services (% of commercial service exports),TX.VAL.TRVL.ZS.WT,42.3553637390382
Costa Rica,CRI,2013,Travel services (% of commercial service exports),TX.VAL.TRVL.ZS.WT,42.298044711246
Costa Rica,CRI,2012,Travel services (% of commercial service exports),TX.VAL.TRVL.ZS.WT,40.933321174703
Costa Rica,CRI,2011,Travel services (% of commercial service exports),TX.VAL.TRVL.ZS.WT,42.0880154802615
Costa Rica,CRI,2010,Travel services (% of commercial service exports),TX.VAL.TRVL.ZS.WT,45.0132203699389
Costa Rica,CRI,2009,Travel services (% of commercial service exports),TX.VAL.TRVL.ZS.WT,49.1687811071614
Costa Rica,CRI,2008,Travel services (% of commercial service exports),TX.VAL.TRVL.ZS.WT,56.0015961497497
Costa Rica,CRI,2007,Travel services (% of commercial service exports),TX.VAL.TRVL.ZS.WT,55.2692244239887
Costa Rica,CRI,2006,Travel services (% of commercial service exports),TX.VAL.TRVL.ZS.WT,53.7581966312187
Costa Rica,CRI,2005,Travel services (% of commercial service exports),TX.VAL.TRVL.ZS.WT,59.1399157978409
Costa Rica,CRI,2004,Travel services (% of commercial service exports),TX.VAL.TRVL.ZS.WT,59.2956609680261
Costa Rica,CRI,2003,Travel services (% of commercial service exports),TX.VAL.TRVL.ZS.WT,59.4886096108687
Costa Rica,CRI,2002,Travel services (% of commercial service exports),TX.VAL.TRVL.ZS.WT,57.9545784852663
Costa Rica,CRI,2001,Travel services (% of commercial service exports),TX.VAL.TRVL.ZS.WT,57.4831906719617
Costa Rica,CRI,2000,Travel services (% of commercial service exports),TX.VAL.TRVL.ZS.WT,63.8422551067034
Costa Rica,CRI,1999,Travel services (% of commercial service exports),TX.VAL.TRVL.ZS.WT,30.7674094730193
Costa Rica,CRI,1998,Travel services (% of commercial service exports),TX.VAL.TRVL.ZS.WT,43.9122639196666
Costa Rica,CRI,1997,Travel services (% of commercial service exports),TX.VAL.TRVL.ZS.WT,53.0601099146189
Costa Rica,CRI,1996,Travel services (% of commercial service exports),TX.VAL.TRVL.ZS.WT,54.4569035603074
Costa Rica,CRI,1995,Travel services (% of commercial service exports),TX.VAL.TRVL.ZS.WT,61.2444924017624
Costa Rica,CRI,1994,Travel services (% of commercial service exports),TX.VAL.TRVL.ZS.WT,54.5063639490884
Costa Rica,CRI,1993,Travel services (% of commercial service exports),TX.VAL.TRVL.ZS.WT,58.4734799482536
Costa Rica,CRI,1992,Travel services (% of commercial service exports),TX.VAL.TRVL.ZS.WT,54.4487068432125
Costa Rica,CRI,1991,Travel services (% of commercial service exports),TX.VAL.TRVL.ZS.WT,51.3966480446927
Costa Rica,CRI,1990,Travel services (% of commercial service exports),TX.VAL.TRVL.ZS.WT,48.8766935345567
Costa Rica,CRI,1989,Travel services (% of commercial service exports),TX.VAL.TRVL.ZS.WT,45.0719120135364
Costa Rica,CRI,1988,Travel services (% of commercial service exports),TX.VAL.TRVL.ZS.WT,44.4962000490316
Costa Rica,CRI,1987,Travel services (% of commercial service exports),TX.VAL.TRVL.ZS.WT,45.6179066834805
Costa Rica,CRI,1986,Travel services (% of commercial service exports),TX.VAL.TRVL.ZS.WT,48.2192737430168
Costa Rica,CRI,1985,Travel services (% of commercial service exports),TX.VAL.TRVL.ZS.WT,47.554347826087
Costa Rica,CRI,1984,Travel services (% of commercial service exports),TX.VAL.TRVL.ZS.WT,47.116134060795
Costa Rica,CRI,1983,Travel services (% of commercial service exports),TX.VAL.TRVL.ZS.WT,50.32184778493
Costa Rica,CRI,1982,Travel services (% of commercial service exports),TX.VAL.TRVL.ZS.WT,56.9897084048027
Costa Rica,CRI,1981,Travel services (% of commercial service exports),TX.VAL.TRVL.ZS.WT,58.3638583638584
Costa Rica,CRI,1980,Travel services (% of commercial service exports),TX.VAL.TRVL.ZS.WT,46.3934426229508
Costa Rica,CRI,1979,Travel services (% of commercial service exports),TX.VAL.TRVL.ZS.WT,50.0338983050847
Costa Rica,CRI,1978,Travel services (% of commercial service exports),TX.VAL.TRVL.ZS.WT,53.5502958579882
Costa Rica,CRI,1977,Travel services (% of commercial service exports),TX.VAL.TRVL.ZS.WT,50.6916192026037
